week,season,game_date,player_name,display_name,position,team,opponent,is_home,prop_type,line_type,line_value,prob_over,prob_under,recommendation,confidence,model_reliable,avg_L3,avg_L5,avg_L10,trend,weather_adjusted,weather_conditions,market_line,market_book,market_implied_prob,market_edge,market_line_available,injury_note
4,2026,2026-10-04 00:00:00+00:00,N.Mullens,Nick Mullens,QB,JAX,CIN,False,passing_yards,starter,200.0,0.01253201998770237,0.9874680042266846,UNDER,0.9874680042266846,True,13.666666666666666,110.0,152.0,➡️,False,Skipped,,,,,False,
4,2026,2026-10-04 00:00:00+00:00,O.Gordon,Ollie Gordon II,RB,MIA,MIN,False,receptions,starter,3.5,0.04012210667133331,0.9598779082298279,UNDER,0.9598779082298279,False,1.0,0.8,0.8571428571428571,🔥,False,Skipped,,,,,False,
4,2026,2026-10-04 00:00:00+00:00,A.Beck,Andrew Beck,RB,NYJ,CHI,False,rushing_yards,starter,24.0,0.04179728776216507,0.9582027196884155,UNDER,0.9582027196884155,True,1.0,0.6,0.6,➡️,False,Skipped,,,,,False,
4,2026,2026-10-04 00:00:00+00:00,B.Spann-Ford,Brevyn Spann-Ford,TE,DAL,HOU,False,receptions,starter,3.5,0.04196668416261673,0.9580333232879639,UNDER,0.9580333232879639,False,0.6666666666666666,0.8,0.8,➡️,False,Skipped,,,,,False,
4,2026,2026-10-04 00:00:00+00:00,D.Dallas,DeeJay Dallas,RB,JAX,CIN,False,receptions,starter,3.5,0.04353081062436104,0.9564691781997681,UNDER,0.9564691781997681,False,1.0,0.8,0.8,➡️,False,Skipped,,,,,False,
4,2026,2026-10-04 00:00:00+00:00,J.Dobbs,Joshua Dobbs,QB,NE,BUF,False,passing_yards,starter,200.0,0.044124629348516464,0.9558753967285156,UNDER,0.9558753967285156,True,14.0,80.6,129.8,➡️,False,Skipped,,,,,False,
4,2026,2026-10-04 00:00:00+00:00,J.Jefferson,Jermar Jefferson,RB,MIN,MIA,True,rushing_yards,starter,24.0,0.0452989861369133,0.9547010064125061,UNDER,0.9547010064125061,True,-1.6666666666666667,3.2,2.6,➡️,False,Skipped,,,,,False,
4,2026,2026-10-04 00:00:00+00:00,C.Manhertz,Chris Manhertz,TE,NYG,ARI,True,receptions,starter,3.5,0.046718575060367584,0.9532814025878906,UNDER,0.9532814025878906,False,1.0,0.8,0.7,➡️,False,Skipped,,,,,False,
4,2026,2026-10-04 00:00:00+00:00,C.Rodriguez,Chris Rodriguez Jr.,RB,WAS,IND,True,receptions,starter,3.5,0.04843635484576225,0.9515636563301086,UNDER,0.9515636563301086,False,0.6666666666666666,0.8,0.8333333333333334,❄️,False,Skipped,,,,,False,
4,2026,2026-10-04 00:00:00+00:00,A.Prentice,Adam Prentice,RB,DEN,SF,False,receptions,starter,3.5,0.05009865760803223,0.9499013423919678,UNDER,0.9499013423919678,False,1.0,0.8,0.5,🔥,False,Skipped,,,,,False,
4,2026,2026-10-04 00:00:00+00:00,J.Chase,Ja'Marr Chase,WR,CIN,JAX,True,receptions,star_wr,5.5,0.94926917552948,0.05073082447052002,OVER,0.94926917552948,False,8.666666666666666,7.6,8.5,➡️,False,Skipped,6.5,draftkings,0.5310164041860369,,True,
4,2026,2026-10-04 00:00:00+00:00,D.Martin-Robinson,David Martin-Robinson,TE,TEN,BAL,False,receptions,starter,3.5,0.0527644120156765,0.9472355842590332,UNDER,0.9472355842590332,False,1.0,0.8,0.8,🔥,False,Skipped,,,,,False,
4,2026,2026-10-04 00:00:00+00:00,A.Beck,Andrew Beck,RB,NYJ,CHI,False,receptions,starter,3.5,0.05716624855995178,0.9428337812423706,UNDER,0.9428337812423706,False,0.6666666666666666,0.8,0.7,❄️,False,Skipped,,,,,False,
4,2026,2026-10-04 00:00:00+00:00,G.Olszewski,Gunner Olszewski,WR,NYG,ARI,True,receptions,starter,3.5,0.05761714279651642,0.9423828721046448,UNDER,0.9423828721046448,False,0.6666666666666666,0.8,0.9,➡️,False,Skipped,,,,,False,
4,2026,2026-10-04 00:00:00+00:00,J.Cook,James Cook,RB,BUF,NE,True,rushing_yards,elite_rb,75.0,0.9417588710784912,0.05824112892150879,OVER,0.9417588710784912,False,99.33333333333331,104.4,106.9,❄️,False,Skipped,,,,,False,
4,2026,2026-10-01 00:00:00+00:00,B.Bates,Brenden Bates,TE,CLE,PIT,True,receptions,starter,3.5,0.06077452749013901,0.9392254948616028,UNDER,0.9392254948616028,False,1.0,0.75,0.75,➡️,False,Skipped,,,,,False,
4,2026,2026-10-04 00:00:00+00:00,C.McCaffrey,Christian McCaffrey,RB,SF,DEN,True,rushing_yards,star_rb,55.0,0.9387495517730713,0.06125044822692871,OVER,0.9387495517730713,True,110.0,94.4,84.3,🔥,False,Skipped,,,,,False,
4,2026,2026-10-04 00:00:00+00:00,J.Westover,Jack Westover,TE,NE,BUF,False,receptions,starter,3.5,0.06365961581468582,0.9363403916358948,UNDER,0.9363403916358948,False,0.0,0.0,0.0,➡️,False,Skipped,,,,,False,
4,2026,2026-10-04 00:00:00+00:00,J.Mingo,Jonathan Mingo,WR,DAL,HOU,False,receptions,starter,3.5,0.06448875367641449,0.9355112314224243,UNDER,0.9355112314224243,False,0.3333333333333333,0.6,0.6,❄️,False,Skipped,,,,,False,
4,2026,2026-10-04 00:00:00+00:00,T.Bigsby,Tank Bigsby,RB,PHI,LA,True,receptions,starter,3.5,0.06750597804784775,0.932494044303894,UNDER,0.932494044303894,False,0.6666666666666666,0.6,0.8,➡️,False,Skipped,,,,,False,
4,2026,2026-10-04 00:00:00+00:00,B.Sims,Ben Sims,TE,MIN,MIA,True,receptions,starter,3.5,0.06856454163789749,0.9314354658126831,UNDER,0.9314354658126831,False,1.0,0.8,0.9,➡️,False,Skipped,,,,,False,
4,2026,2026-10-05 00:00:00+00:00,B.Robinson,Bijan Robinson,RB,ATL,NO,False,rushing_yards,good_rb,40.0,0.9309979677200317,0.06900203227996826,OVER,0.9309979677200317,True,121.33333333333331,118.4,92.1,➡️,False,Skipped,,,,,False,
4,2026,2026-10-04 00:00:00+00:00,J.Williams,Jamaal Williams,RB,DET,CAR,False,rushing_yards,good_rb,40.0,0.06974731385707855,0.9302526712417603,UNDER,0.9302526712417603,True,1.6666666666666667,1.0,9.3,🔥,False,Skipped,,,,,False,
4,2026,2026-10-04 00:00:00+00:00,S.Barkley,Saquon Barkley,RB,PHI,LA,True,rushing_yards,star_rb,55.0,0.9289323091506958,0.0710676908493042,OVER,0.9289323091506958,True,110.66666666666669,82.0,80.5,🔥,False,Skipped,,,,,False,
4,2026,2026-10-04 00:00:00+00:00,T.McBride,Tre McBride,WR,ARI,NYG,False,receptions,elite_wr,7.5,0.9288814663887024,0.07111853361129761,OVER,0.9288814663887024,False,8.666666666666666,7.8,8.2,➡️,False,Skipped,,,,,False,
4,2026,2026-10-04 00:00:00+00:00,D.Henry,Derrick Henry,RB,BAL,TEN,True,rushing_yards,elite_rb,75.0,0.9266744256019592,0.07332557439804077,OVER,0.9266744256019592,False,107.33333333333331,89.2,93.6,🔥,False,Skipped,,,,,False,
4,2026,2026-10-05 00:00:00+00:00,J.Stoll,Jack Stoll,TE,NO,ATL,True,receptions,starter,3.5,0.07465257495641708,0.9253474473953247,UNDER,0.9253474473953247,False,0.6666666666666666,0.4,0.8,🔥,False,Skipped,,,,,False,
4,2026,2026-10-04 00:00:00+00:00,A.Smith,Ainias Smith,WR,NYJ,CHI,False,receptions,starter,3.5,0.07815829664468765,0.9218416810035706,UNDER,0.9218416810035706,False,0.3333333333333333,0.6,0.7777777777777778,❄️,False,Skipped,,,,,False,
4,2026,2026-10-04 00:00:00+00:00,J.Hawes,Jackson Hawes,TE,BUF,NE,True,receptions,starter,3.5,0.07896941900253296,0.921030580997467,UNDER,0.921030580997467,False,1.3333333333333333,1.4,1.3,➡️,False,Skipped,,,,,False,
4,2026,2026-10-04 00:00:00+00:00,J.Chestnut,Julius Chestnut,RB,TEN,BAL,False,receptions,starter,3.5,0.08193926513195038,0.9180607199668884,UNDER,0.9180607199668884,False,0.3333333333333333,0.6,0.8333333333333334,❄️,False,Skipped,,,,,False,
4,2026,2026-10-04 00:00:00+00:00,A.Prentice,Adam Prentice,RB,DEN,SF,False,rushing_yards,starter,24.0,0.08245361596345901,0.9175463914871216,UNDER,0.9175463914871216,True,8.0,5.8,5.5,🔥,False,Skipped,,,,,False,
4,2026,2026-10-04 00:00:00+00:00,J.Smith-Njigba,Jaxon Smith-Njigba,WR,SEA,LAC,True,receptions,star_wr,5.5,0.9161854982376099,0.08381450176239014,OVER,0.9161854982376099,False,8.0,6.6,7.1,🔥,False,Skipped,,,,,False,
4,2026,2026-10-04 00:00:00+00:00,K.Mullings,Kalel Mullings,RB,TEN,BAL,False,rushing_yards,starter,24.0,0.08923044055700302,0.9107695817947388,UNDER,0.9107695817947388,True,1.5,1.5,1.5,➡️,False,Skipped,,,,,False,
4,2026,2026-10-04 00:00:00+00:00,K.Allen,Kazmeir Allen,RB,LAC,SEA,False,rushing_yards,starter,24.0,0.08983276784420013,0.9101672172546387,UNDER,0.9101672172546387,True,3.5,3.5,3.5,➡️,False,Skipped,,,,,False,
4,2026,2026-10-04 00:00:00+00:00,J.Taylor,J.J. Taylor,RB,IND,WAS,False,rushing_yards,elite_rb,75.0,0.9053186178207397,0.09468138217926025,OVER,0.9053186178207397,False,67.66666666666667,72.4,95.6,❄️,False,Skipped,,,,,False,
4,2026,2026-10-04 00:00:00+00:00,J.Smith-Njigba,Jaxon Smith-Njigba,WR,SEA,LAC,True,receiving_yards,elite_wr,70.0,0.9024159908294678,0.09758400917053223,OVER,0.9024159908294678,False,93.66666666666669,79.2,101.3,➡️,False,Skipped,,,,,False,
4,2026,2026-10-01 00:00:00+00:00,B.Whiteheart,Blake Whiteheart,TE,CLE,PIT,True,receptions,starter,3.5,0.09853804856538773,0.9014619588851929,UNDER,0.9014619588851929,False,0.3333333333333333,0.4,0.4,❄️,False,Skipped,,,,,False,
4,2026,2026-10-04 00:00:00+00:00,D.Ogunbowale,Dare Ogunbowale,RB,HOU,DAL,True,rushing_yards,starter,24.0,0.0991680920124054,0.900831937789917,UNDER,0.900831937789917,True,1.3333333333333333,4.4,8.0,❄️,False,Skipped,,,,,False,
4,2026,2026-10-04 00:00:00+00:00,J.Milton,Joe Milton III,QB,DAL,HOU,False,passing_yards,starter,200.0,0.0995275005698204,0.9004725217819214,UNDER,0.9004725217819214,True,36.66666666666666,87.75,87.75,➡️,False,Skipped,,,,,False,
4,2026,2026-10-04 00:00:00+00:00,Z.Wilson,Zach Wilson,QB,MIA,MIN,False,passing_yards,starter,200.0,0.09999064356088638,0.9000093340873718,UNDER,0.9000093340873718,True,19.33333333333333,88.0,159.1,➡️,False,Skipped,,,,,False,
4,2026,2026-10-04 00:00:00+00:00,J.Williams,Jamaal Williams,RB,DET,CAR,False,rushing_tds,anytime,0.5,0.10018375515937805,0.8998162746429443,UNDER,0.8998162746429443,False,0.0,0.0,0.2,➡️,False,Skipped,,,,,False,
4,2026,2026-10-04 00:00:00+00:00,P.Durham,Payne Durham,TE,TB,GB,True,receptions,starter,3.5,0.10023356229066849,0.8997664451599121,UNDER,0.8997664451599121,False,0.3333333333333333,1.0,1.4,❄️,False,Skipped,,,,,False,
4,2026,2026-10-04 00:00:00+00:00,R.Ali,Rasheen Ali,RB,BAL,TEN,True,receptions,starter,3.5,0.1008230671286583,0.8991769552230835,UNDER,0.8991769552230835,False,2.0,1.4,1.4,🔥,False,Skipped,,,,,False,
4,2026,2026-10-04 00:00:00+00:00,T.Lance,Trey Lance,QB,LAC,SEA,False,passing_yards,starter,200.0,0.10150695592164993,0.8984930515289307,UNDER,0.8984930515289307,True,30.0,67.0,99.1,➡️,False,Skipped,,,,,False,
4,2026,2026-10-04 00:00:00+00:00,T.Shavers,Tyrell Shavers,WR,BUF,NE,True,receptions,starter,3.5,0.10169965028762817,0.8983003497123718,UNDER,0.8983003497123718,False,2.0,1.6,1.4,❄️,False,Skipped,,,,,False,
4,2026,2026-10-04 00:00:00+00:00,J.Chase,Ja'Marr Chase,WR,CIN,JAX,True,receiving_tds,anytime,0.5,0.8977693915367126,0.10223060846328735,OVER,0.8977693915367126,False,0.6666666666666666,0.4,0.4,➡️,False,Skipped,,,,,False,
4,2026,2026-10-04 00:00:00+00:00,J.Chase,Ja'Marr Chase,WR,CIN,JAX,True,receiving_yards,elite_wr,70.0,0.8974791765213013,0.10252082347869873,OVER,0.8974791765213013,False,100.33333333333331,91.0,94.2,➡️,False,Skipped,78.5,draftkings,0.495787700084246,,True,
4,2026,2026-10-04 00:00:00+00:00,J.Mason,Jordan Mason,RB,MIN,MIA,True,receptions,starter,3.5,0.10492878407239914,0.8950712084770203,UNDER,0.8950712084770203,False,1.0,1.4,1.6,❄️,False,Skipped,,,,,False,
4,2026,2026-10-04 00:00:00+00:00,T.Pollard,Tony Pollard,RB,TEN,BAL,False,rushing_yards,star_rb,55.0,0.8938954472541809,0.10610455274581909,OVER,0.8938954472541809,True,97.0,102.4,67.2,❄️,False,Skipped,,,,,False,
4,2026,2026-10-04 00:00:00+00:00,J.Proche,James Proche,WR,TEN,BAL,False,receptions,starter,3.5,0.1064673662185669,0.8935326337814331,UNDER,0.8935326337814331,False,0.3333333333333333,1.0,0.8,❄️,False,Skipped,,,,,False,
4,2026,2026-10-04 00:00:00+00:00,D.Smythe,Durham Smythe,TE,CHI,NYJ,True,receptions,starter,3.5,0.1076732650399208,0.8923267126083374,UNDER,0.8923267126083374,False,1.0,0.8,0.8,➡️,False,Skipped,,,,,False,
4,2026,2026-10-04 00:00:00+00:00,D.Davis,Davion Davis,WR,LAC,SEA,False,receptions,starter,3.5,0.10772596299648285,0.892274022102356,UNDER,0.892274022102356,False,0.6666666666666666,1.0,1.3,❄️,False,Skipped,,,,,False,
4,2026,2026-10-04 00:00:00+00:00,W.Shipley,Will Shipley,RB,PHI,LA,True,receptions,starter,3.5,0.10818835347890854,0.8918116688728333,UNDER,0.8918116688728333,False,1.0,1.2,1.375,➡️,False,Skipped,,,,,False,
4,2026,2026-10-04 00:00:00+00:00,H.Haskins,Hassan Haskins,RB,LAC,SEA,False,receptions,starter,3.5,0.10882528126239777,0.8911747336387634,UNDER,0.8911747336387634,False,0.6666666666666666,1.0,1.4,🔥,False,Skipped,,,,,False,
4,2026,2026-10-04 00:00:00+00:00,C.Lamb,CeeDee Lamb,WR,DAL,HOU,False,receiving_yards,star_wr,50.0,0.890365719795227,0.10963428020477295,OVER,0.890365719795227,False,69.33333333333333,88.2,85.1,❄️,False,Skipped,,,,,False,
4,2026,2026-10-04 00:00:00+00:00,D.Young,Dareke Young,WR,SEA,LAC,True,receptions,starter,3.5,0.11227522790431976,0.887724757194519,UNDER,0.887724757194519,False,0.6666666666666666,1.0,1.0,❄️,False,Skipped,,,,,False,
4,2026,2026-10-04 00:00:00+00:00,G.Calcaterra,Grant Calcaterra,TE,PHI,LA,True,receptions,starter,3.5,0.11227522790431976,0.887724757194519,UNDER,0.887724757194519,False,1.0,1.0,1.1,🔥,False,Skipped,,,,,False,
4,2026,2026-10-04 00:00:00+00:00,C.Grandy,Cam Grandy,TE,CIN,JAX,True,receptions,starter,3.5,0.11227522790431976,0.887724757194519,UNDER,0.887724757194519,False,1.0,1.2,1.2,❄️,False,Skipped,,,,,False,
4,2026,2026-10-05 00:00:00+00:00,E.Hull,Evan Hull,RB,NO,ATL,True,receptions,starter,3.5,0.11240708827972412,0.8875929117202759,UNDER,0.8875929117202759,False,1.0,1.0,1.0,➡️,False,Skipped,,,,,False,
4,2026,2026-10-04 00:00:00+00:00,T.Felton,Tai Felton,WR,MIN,MIA,True,receptions,starter,3.5,0.11240708827972412,0.8875929117202759,UNDER,0.8875929117202759,False,1.0,1.0,1.0,➡️,False,Skipped,,,,,False,
4,2026,2026-10-04 00:00:00+00:00,T.McBride,Tre McBride,WR,ARI,NYG,False,receiving_tds,good_wr,0.5,0.8866810202598572,0.11331897974014282,OVER,0.8866810202598572,False,1.0,0.8,0.9,❄️,False,Skipped,,,,,False,
4,2026,2026-10-01 00:00:00+00:00,R.Sanders,Raheim Sanders,RB,CLE,PIT,True,receptions,starter,3.5,0.11347629129886627,0.8865237236022949,UNDER,0.8865237236022949,False,1.0,1.0,1.0,➡️,False,Skipped,2.5,draftkings,0.39325842696629215,,True,
4,2026,2026-10-04 00:00:00+00:00,A.St. Brown,Amon-Ra St. Brown,WR,DET,CAR,False,receptions,star_wr,5.5,0.8860310316085815,0.11396896839141846,OVER,0.8860310316085815,False,8.333333333333334,6.2,6.2,🔥,False,Skipped,,,,,False,
4,2026,2026-10-04 00:00:00+00:00,T.McBride,Tre McBride,WR,ARI,NYG,False,receiving_yards,elite_wr,70.0,0.8855342864990234,0.11446571350097656,OVER,0.8855342864990234,False,79.0,75.4,82.7,❄️,False,Skipped,,,,,False,
4,2026,2026-10-04 00:00:00+00:00,B.Robinson,Bijan Robinson,RB,SF,DEN,True,receptions,starter,3.5,0.11462678015232086,0.8853732347488403,UNDER,0.8853732347488403,False,0.3333333333333333,1.0,1.4,❄️,False,Skipped,,,,,False,
4,2026,2026-10-05 00:00:00+00:00,D.London,Drake London,WR,ATL,NO,False,receiving_yards,elite_wr,70.0,0.8852477073669434,0.11475229263305664,OVER,0.8852477073669434,False,50.0,74.4,78.6,❄️,False,Skipped,,,,,False,
4,2026,2026-10-04 00:00:00+00:00,W.Mallory,Will Mallory,TE,IND,WAS,False,receptions,starter,3.5,0.11521230638027191,0.8847876787185669,UNDER,0.8847876787185669,False,0.6666666666666666,0.6,0.9,➡️,False,Skipped,,,,,False,
4,2026,2026-10-04 00:00:00+00:00,J.Whittington,Jordan Whittington,WR,LA,PHI,False,receptions,starter,3.5,0.11561581492424011,0.8843841552734375,UNDER,0.8843841552734375,False,0.3333333333333333,1.0,1.5,❄️,False,Skipped,,,,,False,
4,2026,2026-10-04 00:00:00+00:00,L.Allen,LeQuint Allen,RB,JAX,CIN,False,receptions,starter,3.5,0.11576525866985321,0.8842347264289856,UNDER,0.8842347264289856,False,1.3333333333333333,1.2,1.125,🔥,False,Skipped,,,,,False,
4,2026,2026-10-05 00:00:00+00:00,C.Woerner,Charlie Woerner,TE,ATL,NO,False,receptions,starter,3.5,0.1163666844367981,0.8836333155632019,UNDER,0.8836333155632019,False,2.0,1.4,1.2,🔥,False,Skipped,,,,,False,
4,2026,2026-10-04 00:00:00+00:00,Z.Scott,Zavier Scott,RB,MIN,MIA,True,receptions,starter,3.5,0.11645134538412094,0.8835486769676208,UNDER,0.8835486769676208,False,1.0,1.2,1.8571428571428568,❄️,False,Skipped,,,,,False,
4,2026,2026-10-04 00:00:00+00:00,A.Brown,Ahmarean Brown,WR,PHI,LA,True,receiving_yards,elite_wr,70.0,0.8830476403236389,0.11695235967636108,OVER,0.8830476403236389,False,78.66666666666667,95.6,78.4,❄️,False,Skipped,,,,,False,
4,2026,2026-10-04 00:00:00+00:00,M.Trubisky,Mitchell Trubisky,QB,BUF,NE,True,passing_yards,starter,200.0,0.11750778555870056,0.882492184638977,UNDER,0.882492184638977,True,51.66666666666666,45.6,70.9,🔥,False,Skipped,,,,,False,
4,2026,2026-10-04 00:00:00+00:00,T.Brooks,Tahj Brooks,RB,CIN,JAX,True,receptions,starter,3.5,0.1185089573264122,0.8814910650253296,UNDER,0.8814910650253296,False,0.0,0.0,0.0,➡️,False,Skipped,,,,,False,
4,2026,2026-10-04 00:00:00+00:00,J.Croskey-Merritt,Jacory Croskey-Merritt,RB,WAS,IND,True,receptions,starter,3.5,0.11871278285980225,0.8812872171401978,UNDER,0.8812872171401978,False,0.6666666666666666,1.0,0.8888888888888888,❄️,False,Skipped,,,,,False,
4,2026,2026-10-05 00:00:00+00:00,C.Olave,Chris Olave,WR,NO,ATL,True,receiving_yards,elite_wr,70.0,0.8806294202804565,0.11937057971954346,OVER,0.8806294202804565,False,87.66666666666667,76.0,80.0,🔥,False,Skipped,,,,,False,
4,2026,2026-10-04 00:00:00+00:00,S.Perine,Samaje Perine,RB,CIN,JAX,True,receptions,starter,3.5,0.12013912945985794,0.8798608779907227,UNDER,0.8798608779907227,False,1.3333333333333333,1.4,1.4,🔥,False,Skipped,,,,,False,
4,2026,2026-10-04 00:00:00+00:00,G.Ricci,Giovanni Ricci,TE,DET,CAR,False,receptions,starter,3.5,0.12121017277240753,0.8787898421287537,UNDER,0.8787898421287537,False,1.0,1.4,1.0,➡️,False,Skipped,,,,,False,
4,2026,2026-10-04 00:00:00+00:00,N.Chubb,Nick Chubb,RB,HOU,DAL,True,receptions,starter,3.5,0.12124303728342056,0.8787569403648376,UNDER,0.8787569403648376,False,0.6666666666666666,1.0,1.2,❄️,False,Skipped,,,,,False,
4,2026,2026-10-04 00:00:00+00:00,B.Spann-Ford,Brevyn Spann-Ford,TE,DAL,HOU,False,receiving_yards,starter,27.0,0.12151826173067093,0.8784817457199097,UNDER,0.8784817457199097,True,12.666666666666666,9.2,6.2,🔥,False,Skipped,,,,,False,
4,2026,2026-10-04 00:00:00+00:00,D.Montgomery,D.J. Montgomery,WR,DET,CAR,False,receptions,starter,3.5,0.1236756220459938,0.8763243556022644,UNDER,0.8763243556022644,False,1.0,1.6,1.6,❄️,False,Skipped,,,,,False,
4,2026,2026-10-04 00:00:00+00:00,B.Tremayne,Brycen Tremayne,WR,CAR,DET,True,receptions,starter,3.5,0.1236756220459938,0.8763243556022644,UNDER,0.8763243556022644,False,1.0,1.4,1.625,❄️,False,Skipped,,,,,False,
4,2026,2026-10-04 00:00:00+00:00,S.Sims,Steven Sims,WR,ARI,NYG,False,receptions,starter,3.5,0.1236756220459938,0.8763243556022644,UNDER,0.8763243556022644,False,1.3333333333333333,1.6,1.5,➡️,False,Skipped,,,,,False,
4,2026,2026-10-04 00:00:00+00:00,A.Firkser,Anthony Firkser,TE,DET,CAR,False,receptions,starter,3.5,0.12383303046226501,0.8761669397354126,UNDER,0.8761669397354126,False,1.6666666666666667,1.4,1.3,🔥,False,Skipped,,,,,False,
4,2026,2026-10-04 00:00:00+00:00,S.Jackson,Shedrick Jackson,WR,LV,KC,True,receptions,starter,3.5,0.12404192239046097,0.8759580850601196,UNDER,0.8759580850601196,False,1.0,1.0,1.0,➡️,False,Skipped,,,,,False,
4,2026,2026-10-04 00:00:00+00:00,Z.Wilson,Zach Wilson,QB,MIA,MIN,False,passing_tds,starter,0.5,0.12404995411634445,0.875950038433075,UNDER,0.875950038433075,False,0.0,0.6,0.4,➡️,False,Skipped,,,,,False,
4,2026,2026-10-04 00:00:00+00:00,W.Marks,Woody Marks,RB,HOU,DAL,True,rushing_yards,good_rb,40.0,0.8753780722618103,0.1246219277381897,OVER,0.8753780722618103,True,56.333333333333336,61.4,51.8,❄️,False,Skipped,,,,,False,
4,2026,2026-10-04 00:00:00+00:00,D.Ogunbowale,Dare Ogunbowale,RB,HOU,DAL,True,receptions,starter,3.5,0.1262224018573761,0.8737776279449463,UNDER,0.8737776279449463,False,1.6666666666666667,1.4,1.3,🔥,False,Skipped,,,,,False,
4,2026,2026-10-04 00:00:00+00:00,D.Sample,Drew Sample,TE,CIN,JAX,True,receptions,starter,3.5,0.1262224018573761,0.8737776279449463,UNDER,0.8737776279449463,False,1.6666666666666667,1.4,1.2,🔥,False,Skipped,,,,,False,
4,2026,2026-10-04 00:00:00+00:00,K.Granson,Kylen Granson,TE,PHI,LA,True,receptions,starter,3.5,0.12698018550872803,0.873019814491272,UNDER,0.873019814491272,False,1.0,1.4,1.3,➡️,False,Skipped,,,,,False,
4,2026,2026-10-05 00:00:00+00:00,C.Woerner,Charlie Woerner,TE,ATL,NO,False,receiving_tds,anytime,0.5,0.12765288352966309,0.8723471164703369,UNDER,0.8723471164703369,False,0.0,0.0,0.0,➡️,False,Skipped,,,,,False,
4,2026,2026-10-04 00:00:00+00:00,J.Chestnut,Julius Chestnut,RB,TEN,BAL,False,rushing_yards,starter,24.0,0.1280536949634552,0.8719463348388672,UNDER,0.8719463348388672,True,3.6666666666666665,7.4,9.2,❄️,False,Skipped,,,,,False,
4,2026,2026-10-04 00:00:00+00:00,J.Williams,Jamaal Williams,RB,DAL,HOU,False,rushing_yards,good_rb,40.0,0.871680736541748,0.12831926345825195,OVER,0.871680736541748,True,64.0,67.6,70.0,➡️,False,Skipped,,,,,False,
4,2026,2026-10-01 00:00:00+00:00,A.Thielen,Adam Thielen,WR,PIT,CLE,False,receptions,starter,3.5,0.12838593125343323,0.8716140985488892,UNDER,0.8716140985488892,False,2.0,1.4,1.2,➡️,False,Skipped,,,,,False,
4,2026,2026-10-04 00:00:00+00:00,S.Tucker,Sean Tucker,RB,TB,GB,True,receptions,starter,3.5,0.12973113358020782,0.8702688813209534,UNDER,0.8702688813209534,False,1.3333333333333333,1.6,1.2,❄️,False,Skipped,,,,,False,
4,2026,2026-10-05 00:00:00+00:00,T.Allgeier,Tyler Allgeier,RB,ATL,NO,False,receptions,starter,3.5,0.1303786039352417,0.8696213960647583,UNDER,0.8696213960647583,False,1.6666666666666667,1.6,1.5,❄️,False,Skipped,,,,,False,
4,2026,2026-10-04 00:00:00+00:00,J.Mingo,Jonathan Mingo,WR,DAL,HOU,False,receiving_yards,starter,27.0,0.1312285214662552,0.868771493434906,UNDER,0.868771493434906,True,8.333333333333334,9.8,7.1,❄️,False,Skipped,,,,,False,
4,2026,2026-10-04 00:00:00+00:00,B.Corum,Blake Corum,RB,LA,PHI,False,receptions,starter,3.5,0.1324218213558197,0.8675781488418579,UNDER,0.8675781488418579,False,1.0,0.8,1.1,🔥,False,Skipped,,,,,False,
4,2026,2026-10-04 00:00:00+00:00,M.Kinsey,Mason Kinsey,WR,TEN,BAL,False,receptions,starter,3.5,0.1324218213558197,0.8675781488418579,UNDER,0.8675781488418579,False,1.0,1.0,1.0,➡️,False,Skipped,,,,,False,
4,2026,2026-10-04 00:00:00+00:00,C.Wilson,Caleb Wilson,TE,MIA,MIN,False,receptions,starter,3.5,0.1324218213558197,0.8675781488418579,UNDER,0.8675781488418579,False,1.0,1.0,1.3,❄️,False,Skipped,,,,,False,
4,2026,2026-10-04 00:00:00+00:00,C.Grandy,Cam Grandy,TE,CIN,JAX,True,receiving_yards,starter,27.0,0.13249681890010834,0.8675031661987305,UNDER,0.8675031661987305,True,7.333333333333333,6.8,6.8,➡️,False,Skipped,,,,,False,
4,2026,2026-10-04 00:00:00+00:00,R.Mostert,Raheem Mostert,RB,LV,KC,True,receptions,starter,3.5,0.13287511467933655,0.8671249151229858,UNDER,0.8671249151229858,False,1.6666666666666667,1.6,1.5,❄️,False,Skipped,,,,,False,
4,2026,2026-10-04 00:00:00+00:00,G.Ricci,Giovanni Ricci,TE,DET,CAR,False,receiving_yards,starter,27.0,0.13364051282405853,0.8663594722747803,UNDER,0.8663594722747803,True,12.0,14.2,11.333333333333334,➡️,False,Skipped,,,,,False,
4,2026,2026-10-04 00:00:00+00:00,A.Abdullah,Ameer Abdullah,RB,IND,WAS,False,receptions,starter,3.5,0.13381430506706238,0.8661856651306152,UNDER,0.8661856651306152,False,2.333333333333333,1.8,1.4,❄️,False,Skipped,,,,,False,
4,2026,2026-10-05 00:00:00+00:00,C.Olave,Chris Olave,WR,NO,ATL,True,receptions,star_wr,5.5,0.8661683797836304,0.13383162021636963,OVER,0.8661683797836304,False,6.333333333333333,6.4,5.9,🔥,False,Skipped,,,,,False,
4,2026,2026-10-04 00:00:00+00:00,D.Swift,D'Andre Swift,RB,CHI,NYJ,True,rushing_yards,star_rb,55.0,0.8652982711791992,0.13470172882080078,OVER,0.8652982711791992,True,70.0,79.6,75.2,❄️,False,Skipped,,,,,False,
4,2026,2026-10-04 00:00:00+00:00,M.Willis,Malik Willis,QB,GB,TB,False,passing_tds,starter,0.5,0.13480862975120544,0.8651913404464722,UNDER,0.8651913404464722,False,0.6666666666666666,0.4,0.5,🔥,False,Skipped,,,,,False,
4,2026,2026-10-04 00:00:00+00:00,L.Schoonmaker,Luke Schoonmaker,TE,DAL,HOU,False,receptions,starter,3.5,0.1350347101688385,0.8649653196334839,UNDER,0.8649653196334839,False,1.3333333333333333,1.0,1.2,🔥,False,Skipped,,,,,False,
4,2026,2026-10-04 00:00:00+00:00,C.Tune,Clayton Tune,QB,GB,TB,False,passing_tds,starter,0.5,0.13711485266685486,0.8628851175308228,UNDER,0.8628851175308228,False,0.0,0.0,0.0,➡️,False,Skipped,,,,,False,
4,2026,2026-10-04 00:00:00+00:00,D.Davis,Davion Davis,WR,LAC,SEA,False,receiving_yards,starter,27.0,0.13808220624923706,0.8619177937507629,UNDER,0.8619177937507629,True,2.333333333333333,8.2,9.4,❄️,False,Skipped,,,,,False,
4,2026,2026-10-04 00:00:00+00:00,A.Prentice,Adam Prentice,RB,DEN,SF,False,rushing_tds,anytime,0.5,0.13886788487434387,0.8611321449279785,UNDER,0.8611321449279785,False,0.0,0.0,0.0,➡️,False,Skipped,,,,,False,
4,2026,2026-10-04 00:00:00+00:00,D.Martin-Robinson,David Martin-Robinson,TE,TEN,BAL,False,receiving_yards,starter,27.0,0.13888460397720337,0.8611153960227966,UNDER,0.8611153960227966,True,5.333333333333333,4.4,4.4,🔥,False,Skipped,,,,,False,
4,2026,2026-10-04 00:00:00+00:00,C.Manhertz,Chris Manhertz,TE,NYG,ARI,True,receiving_yards,starter,27.0,0.13899396359920502,0.8610060214996338,UNDER,0.8610060214996338,True,11.666666666666666,7.4,7.4,🔥,False,Skipped,,,,,False,
4,2026,2026-10-04 00:00:00+00:00,J.Milton,Joe Milton III,QB,DAL,HOU,False,passing_tds,starter,0.5,0.14035536348819733,0.8596446514129639,UNDER,0.8596446514129639,False,0.3333333333333333,0.5,0.5,➡️,False,Skipped,,,,,False,
4,2026,2026-10-04 00:00:00+00:00,J.Westover,Jack Westover,TE,NE,BUF,False,receiving_yards,starter,27.0,0.1404889076948166,0.8595110774040222,UNDER,0.8595110774040222,True,0.0,0.0,0.0,➡️,False,Skipped,,,,,False,
4,2026,2026-10-04 00:00:00+00:00,A.Brown,Ahmarean Brown,WR,PHI,LA,True,receptions,star_wr,5.5,0.8594250082969666,0.14057499170303345,OVER,0.8594250082969666,False,5.666666666666667,7.0,5.9,❄️,False,Skipped,,,,,False,
4,2026,2026-10-04 00:00:00+00:00,S.Zylstra,Shane Zylstra,TE,DET,CAR,False,receptions,starter,3.5,0.14094243943691254,0.8590575456619263,UNDER,0.8590575456619263,False,0.6666666666666666,1.6,1.3,❄️,False,Skipped,,,,,False,
4,2026,2026-10-04 00:00:00+00:00,H.Luepke,Hunter Luepke,RB,DAL,HOU,False,receptions,starter,3.5,0.14112615585327148,0.8588738441467285,UNDER,0.8588738441467285,False,1.3333333333333333,1.6,1.3,❄️,False,Skipped,,,,,False,
4,2026,2026-10-04 00:00:00+00:00,I.Davis,Isaiah Davis,RB,NYJ,CHI,False,receptions,starter,3.5,0.1412750780582428,0.8587249517440796,UNDER,0.8587249517440796,False,1.6666666666666667,1.2,1.9,🔥,False,Skipped,,,,,False,
4,2026,2026-10-04 00:00:00+00:00,M.Bandy,Michael Bandy,WR,DEN,SF,False,receptions,starter,3.5,0.14166699349880219,0.8583329916000366,UNDER,0.8583329916000366,False,1.0,0.6,1.3333333333333333,➡️,False,Skipped,,,,,False,
4,2026,2026-10-04 00:00:00+00:00,J.Whyle,Josh Whyle,TE,GB,TB,False,receptions,starter,3.5,0.14219602942466736,0.8578039407730103,UNDER,0.8578039407730103,False,0.6666666666666666,0.8,1.7,🔥,False,Skipped,,,,,False,
4,2026,2026-10-05 00:00:00+00:00,D.London,Drake London,WR,ATL,NO,False,receptions,star_wr,5.5,0.857711672782898,0.14228832721710205,OVER,0.857711672782898,False,3.6666666666666665,5.2,5.6,❄️,False,Skipped,,,,,False,
4,2026,2026-10-01 00:00:00+00:00,M.Corley,Malachi Corley,WR,CLE,PIT,True,receptions,starter,3.5,0.14280445873737335,0.8571955561637878,UNDER,0.8571955561637878,False,1.3333333333333333,1.4,1.1,🔥,False,Skipped,,,,,False,
4,2026,2026-10-04 00:00:00+00:00,X.Weaver,Xavier Weaver,WR,ARI,NYG,False,receptions,starter,3.5,0.1428234875202179,0.8571765422821045,UNDER,0.8571765422821045,False,1.0,1.0,0.7142857142857143,🔥,False,Skipped,,,,,False,
4,2026,2026-10-04 00:00:00+00:00,J.Wright,James Wright,WR,MIA,MIN,False,receptions,starter,3.5,0.1428234875202179,0.8571765422821045,UNDER,0.8571765422821045,False,0.6666666666666666,1.0,0.75,🔥,False,Skipped,,,,,False,
4,2026,2026-10-04 00:00:00+00:00,W.Dissly,Will Dissly,TE,LAC,SEA,False,receptions,starter,3.5,0.1430901288986206,0.8569098711013794,UNDER,0.8569098711013794,False,2.0,1.6,1.9,🔥,False,Skipped,,,,,False,
4,2026,2026-10-04 00:00:00+00:00,E.Saubert,Eric Saubert,TE,SEA,LAC,True,receptions,starter,3.5,0.14376169443130493,0.8562383055686951,UNDER,0.8562383055686951,False,0.3333333333333333,1.2,1.1,❄️,False,Skipped,,,,,False,
4,2026,2026-10-04 00:00:00+00:00,K.Mitchell,Keaton Mitchell,RB,BAL,TEN,True,receptions,starter,3.5,0.14394909143447876,0.8560509085655212,UNDER,0.8560509085655212,False,1.0,1.2,1.3,➡️,False,Skipped,,,,,False,
4,2026,2026-10-04 00:00:00+00:00,K.Vidal,Kimani Vidal,RB,LAC,SEA,False,receptions,starter,3.5,0.14465206861495972,0.8553479313850403,UNDER,0.8553479313850403,False,1.0,1.2,1.5,❄️,False,Skipped,,,,,False,
4,2026,2026-10-04 00:00:00+00:00,E.Wilson,Emanuel Wilson,RB,GB,TB,False,receptions,starter,3.5,0.14465206861495972,0.8553479313850403,UNDER,0.8553479313850403,False,1.3333333333333333,1.2,1.5,🔥,False,Skipped,,,,,False,
4,2026,2026-10-04 00:00:00+00:00,J.Deguara,Josiah Deguara,TE,ARI,NYG,False,receiving_yards,starter,27.0,0.14516033232212067,0.8548396825790405,UNDER,0.8548396825790405,True,2.0,2.4,8.5,➡️,False,Skipped,,,,,False,
4,2026,2026-10-01 00:00:00+00:00,B.Bates,Brenden Bates,TE,CLE,PIT,True,receiving_yards,starter,27.0,0.1467103660106659,0.8532896041870117,UNDER,0.8532896041870117,True,14.0,10.5,10.5,➡️,False,Skipped,,,,,False,
4,2026,2026-10-04 00:00:00+00:00,G.Olszewski,Gunner Olszewski,WR,NYG,ARI,True,receiving_yards,starter,27.0,0.14688655734062195,0.8531134128570557,UNDER,0.8531134128570557,True,14.333333333333334,9.2,10.5,➡️,False,Skipped,,,,,False,
4,2026,2026-10-05 00:00:00+00:00,J.Stoll,Jack Stoll,TE,NO,ATL,True,receiving_yards,starter,27.0,0.14693090319633484,0.8530690670013428,UNDER,0.8530690670013428,True,4.666666666666667,2.8,6.3,🔥,False,Skipped,,,,,False,
4,2026,2026-10-04 00:00:00+00:00,J.Hawes,Jackson Hawes,TE,BUF,NE,True,receiving_yards,starter,27.0,0.14899024367332458,0.851009726524353,UNDER,0.851009726524353,True,12.666666666666666,14.8,15.3,➡️,False,Skipped,,,,,False,
4,2026,2026-10-04 00:00:00+00:00,B.Sims,Ben Sims,TE,MIN,MIA,True,receiving_yards,starter,27.0,0.149142786860466,0.8508571982383728,UNDER,0.8508571982383728,True,4.666666666666667,3.2,6.5,➡️,False,Skipped,,,,,False,
4,2026,2026-10-04 00:00:00+00:00,T.Patrick,Tim Patrick,WR,JAX,CIN,False,receptions,starter,3.5,0.1492077261209488,0.8507922887802124,UNDER,0.8507922887802124,False,2.0,1.4,1.3,❄️,False,Skipped,,,,,False,
4,2026,2026-10-01 00:00:00+00:00,C.Tillman,Cedric Tillman,WR,CLE,PIT,True,receptions,starter,3.5,0.15057790279388428,0.8494220972061157,UNDER,0.8494220972061157,False,1.0,0.8,1.5,🔥,False,Skipped,,,,,False,
4,2026,2026-10-04 00:00:00+00:00,J.Mundt,Johnny Mundt,TE,JAX,CIN,False,receptions,starter,3.5,0.15192316472530365,0.8480768203735352,UNDER,0.8480768203735352,False,1.0,1.0,0.8,❄️,False,Skipped,,,,,False,
4,2026,2026-10-04 00:00:00+00:00,A.St. Brown,Amon-Ra St. Brown,WR,DET,CAR,False,receiving_yards,elite_wr,70.0,0.847968339920044,0.15203166007995605,OVER,0.847968339920044,False,95.33333333333331,75.6,81.0,➡️,False,Skipped,,,,,False,
4,2026,2026-10-04 00:00:00+00:00,B.Melton,Bo Melton,WR,GB,TB,False,receptions,starter,3.5,0.15208294987678528,0.8479170799255371,UNDER,0.8479170799255371,False,0.6666666666666666,0.8,0.9,❄️,False,Skipped,,,,,False,
4,2026,2026-10-04 00:00:00+00:00,W.Mallory,Will Mallory,TE,IND,WAS,False,receiving_yards,starter,27.0,0.15310253202915192,0.8468974828720093,UNDER,0.8468974828720093,True,5.666666666666667,4.4,9.5,🔥,False,Skipped,,,,,False,
4,2026,2026-10-04 00:00:00+00:00,G.Pickens,George Pickens,WR,DAL,HOU,False,receiving_yards,elite_wr,70.0,0.8465142250061035,0.15348577499389648,OVER,0.8465142250061035,False,80.33333333333333,73.2,89.5,🔥,False,Skipped,,,,,False,
4,2026,2026-10-04 00:00:00+00:00,W.Marks,Woody Marks,RB,HOU,DAL,True,receptions,starter,3.5,0.15360866487026215,0.8463913202285767,UNDER,0.8463913202285767,False,1.3333333333333333,1.2,1.6,➡️,False,Skipped,,,,,False,
4,2026,2026-10-04 00:00:00+00:00,J.Cook,James Cook,RB,BUF,NE,True,rushing_tds,good_rb,0.5,0.8460952639579773,0.1539047360420227,OVER,0.8460952639579773,False,1.3333333333333333,0.8,0.7,➡️,False,Skipped,,,,,False,
4,2026,2026-10-04 00:00:00+00:00,C.Lamb,CeeDee Lamb,WR,DAL,HOU,False,receptions,good_wr,4.5,0.8459498882293701,0.15405011177062988,OVER,0.8459498882293701,False,5.666666666666667,6.0,5.8,❄️,False,Skipped,,,,,False,
4,2026,2026-10-04 00:00:00+00:00,J.Croskey-Merritt,Jacory Croskey-Merritt,RB,WAS,IND,True,rushing_yards,good_rb,40.0,0.8451563119888306,0.15484368801116943,OVER,0.8451563119888306,True,75.33333333333333,55.6,43.2,➡️,False,Skipped,54.5,draftkings,0.5,,True,
4,2026,2026-10-04 00:00:00+00:00,J.McLaughlin,Jaleel McLaughlin,RB,DEN,SF,False,receptions,starter,3.5,0.15591290593147278,0.8440871238708496,UNDER,0.8440871238708496,False,1.0,0.8,1.2,🔥,False,Skipped,,,,,False,
4,2026,2026-10-04 00:00:00+00:00,J.Deguara,Josiah Deguara,TE,ARI,NYG,False,receptions,starter,3.5,0.15591290593147278,0.8440871238708496,UNDER,0.8440871238708496,False,0.3333333333333333,0.6,1.2,➡️,False,Skipped,,,,,False,
4,2026,2026-10-04 00:00:00+00:00,J.Jefferson,Jermar Jefferson,RB,MIN,MIA,True,rushing_tds,anytime,0.5,0.15602612495422363,0.8439738750457764,UNDER,0.8439738750457764,False,0.0,0.0,0.1,➡️,False,Skipped,,,,,False,
4,2026,2026-10-04 00:00:00+00:00,J.Whittington,Jordan Whittington,WR,LA,PHI,False,receiving_yards,starter,27.0,0.15671512484550476,0.8432848453521729,UNDER,0.8432848453521729,True,1.6666666666666667,6.2,11.0,➡️,False,Skipped,,,,,False,
4,2026,2026-10-04 00:00:00+00:00,W.Robinson,Wan'Dale Robinson,WR,NYG,ARI,True,receptions,star_wr,5.5,0.842147946357727,0.15785205364227295,OVER,0.842147946357727,False,5.0,5.6,5.8,➡️,False,Skipped,,,,,False,
4,2026,2026-10-04 00:00:00+00:00,D.Henry,Derrick Henry,RB,BAL,TEN,True,receptions,starter,3.5,0.15844260156154633,0.8415573835372925,UNDER,0.8415573835372925,False,1.6666666666666667,1.8,1.3,❄️,False,Skipped,,,,,False,
4,2026,2026-10-04 00:00:00+00:00,J.FitzPatrick,John FitzPatrick,TE,GB,TB,False,receptions,starter,3.5,0.1590154469013214,0.840984582901001,UNDER,0.840984582901001,False,1.6666666666666667,1.4,1.3,🔥,False,Skipped,,,,,False,
4,2026,2026-10-04 00:00:00+00:00,J.Taylor,J.J. Taylor,RB,IND,WAS,False,rushing_tds,star_rb,0.5,0.8401203155517578,0.1598796844482422,OVER,0.8401203155517578,False,0.6666666666666666,0.6,1.1,🔥,False,Skipped,,,,,False,
4,2026,2026-10-05 00:00:00+00:00,B.Robinson,Bijan Robinson,RB,ATL,NO,False,receptions,starter,3.5,0.8398101925849915,0.16018980741500854,OVER,0.8398101925849915,False,6.666666666666667,5.4,4.6,➡️,False,Skipped,,,,,False,
4,2026,2026-10-04 00:00:00+00:00,J.Gibbs,Jahmyr Gibbs,RB,DET,CAR,False,rushing_yards,star_rb,55.0,0.8382532596588135,0.16174674034118652,OVER,0.8382532596588135,True,27.0,38.4,75.3,➡️,False,Skipped,,,,,False,
4,2026,2026-10-04 00:00:00+00:00,G.Calcaterra,Grant Calcaterra,TE,PHI,LA,True,receiving_yards,starter,27.0,0.16297869384288788,0.8370212912559509,UNDER,0.8370212912559509,True,5.0,6.6,10.3,➡️,False,Skipped,,,,,False,
4,2026,2026-10-04 00:00:00+00:00,K.Hunt,Kareem Hunt,RB,KC,LV,False,receptions,starter,3.5,0.1642402708530426,0.8357597589492798,UNDER,0.8357597589492798,False,0.6666666666666666,1.2,1.1,❄️,False,Skipped,,,,,False,
4,2026,2026-10-04 00:00:00+00:00,M.Kinsey,Mason Kinsey,WR,TEN,BAL,False,receiving_yards,starter,27.0,0.16433559358119965,0.8356643915176392,UNDER,0.8356643915176392,True,10.333333333333334,8.0,8.0,🔥,False,Skipped,,,,,False,
4,2026,2026-10-04 00:00:00+00:00,D.Johnson,D'Ernest Johnson,RB,NE,BUF,False,rushing_yards,starter,24.0,0.16472174227237701,0.8352782726287842,UNDER,0.8352782726287842,True,4.0,7.6,11.6,➡️,False,Skipped,,,,,False,
4,2026,2026-10-04 00:00:00+00:00,T.Washington,Tony Washington,WR,MIA,MIN,False,receptions,starter,3.5,0.1649945080280304,0.835005521774292,UNDER,0.835005521774292,False,1.0,1.0,1.0,➡️,False,Skipped,,,,,False,
4,2026,2026-10-01 00:00:00+00:00,B.Whiteheart,Blake Whiteheart,TE,CLE,PIT,True,receiving_yards,starter,27.0,0.1650734543800354,0.8349265456199646,UNDER,0.8349265456199646,True,1.3333333333333333,0.8,1.3,❄️,False,Skipped,,,,,False,
4,2026,2026-10-01 00:00:00+00:00,S.Miller,Scott Miller,WR,PIT,CLE,False,receptions,starter,3.5,0.16520293056964874,0.8347970843315125,UNDER,0.8347970843315125,False,1.3333333333333333,1.4,1.2,🔥,False,Skipped,,,,,False,
4,2026,2026-10-04 00:00:00+00:00,G.Pickens,George Pickens,WR,DAL,HOU,False,receptions,star_wr,5.5,0.8336836099624634,0.16631639003753662,OVER,0.8336836099624634,False,4.666666666666667,5.0,6.0,➡️,False,Skipped,,,,,False,
4,2026,2026-10-01 00:00:00+00:00,H.Fannin,Harold Fannin Jr.,TE,CLE,PIT,True,receptions,starter,3.5,0.8324046730995178,0.16759532690048218,OVER,0.8324046730995178,False,6.333333333333333,5.2,4.9,➡️,False,Skipped,4.5,draftkings,0.4968624497991968,,True,
4,2026,2026-10-04 00:00:00+00:00,T.Felton,Tai Felton,WR,MIN,MIA,True,receiving_yards,starter,27.0,0.16784663498401642,0.8321533799171448,UNDER,0.8321533799171448,True,9.5,9.5,9.5,➡️,False,Skipped,,,,,False,
4,2026,2026-10-04 00:00:00+00:00,E.Saubert,Eric Saubert,TE,SEA,LAC,True,receiving_yards,starter,27.0,0.16851776838302612,0.8314822316169739,UNDER,0.8314822316169739,True,3.0,7.6,7.5,❄️,False,Skipped,,,,,False,
4,2026,2026-10-05 00:00:00+00:00,R.Bell,Ronnie Bell,WR,NO,ATL,True,receptions,starter,3.5,0.17059780657291412,0.8294022083282471,UNDER,0.8294022083282471,False,0.6666666666666666,0.6,0.6,➡️,False,Skipped,,,,,False,
4,2026,2026-10-04 00:00:00+00:00,B.Yurosek,Ben Yurosek,TE,MIN,MIA,True,receptions,starter,3.5,0.17064455151557922,0.8293554782867432,UNDER,0.8293554782867432,False,1.0,1.0,1.0,➡️,False,Skipped,,,,,False,
4,2026,2026-10-04 00:00:00+00:00,D.Singletary,Devin Singletary,RB,NYG,ARI,True,receptions,starter,3.5,0.17097219824790955,0.8290277719497681,UNDER,0.8290277719497681,False,1.6666666666666667,1.8,1.5,➡️,False,Skipped,,,,,False,
4,2026,2026-10-04 00:00:00+00:00,M.Willis,Malik Willis,QB,GB,TB,False,passing_yards,starter,200.0,0.17223557829856873,0.8277643918991089,UNDER,0.8277643918991089,True,44.66666666666666,60.8,75.8,🔥,False,Skipped,,,,,False,
4,2026,2026-10-04 00:00:00+00:00,T.Badie,Tyler Badie,RB,DEN,SF,False,receptions,starter,3.5,0.17259655892848969,0.8274034261703491,UNDER,0.8274034261703491,False,1.0,1.4,1.3,❄️,False,Skipped,,,,,False,
4,2026,2026-10-04 00:00:00+00:00,J.Waddle,Jaylen Waddle,WR,MIA,MIN,False,receiving_yards,good_wr,35.0,0.8273417949676514,0.17265820503234863,OVER,0.8273417949676514,False,49.333333333333336,48.0,61.5,❄️,False,Skipped,,,,,False,
4,2026,2026-10-04 00:00:00+00:00,C.Wilson,Caleb Wilson,TE,MIA,MIN,False,receiving_yards,starter,27.0,0.17343367636203766,0.8265663385391235,UNDER,0.8265663385391235,True,11.666666666666666,8.8,11.4,❄️,False,Skipped,,,,,False,
4,2026,2026-10-05 00:00:00+00:00,K.Pitts,Kyle Pitts,TE,ATL,NO,False,receptions,good_wr,4.5,0.8263380527496338,0.1736619472503662,OVER,0.8263380527496338,False,6.666666666666667,6.6,5.2,❄️,False,Skipped,,,,,False,
4,2026,2026-10-04 00:00:00+00:00,T.Johnson,Tez Johnson,WR,TB,GB,True,receptions,starter,3.5,0.1748523861169815,0.8251476287841797,UNDER,0.8251476287841797,False,1.0,1.4,2.2,➡️,False,Skipped,,,,,False,
4,2026,2026-10-01 00:00:00+00:00,C.Austin,Calvin Austin III,WR,PIT,CLE,False,receptions,starter,3.5,0.17658939957618713,0.8234106302261353,UNDER,0.8234106302261353,False,0.3333333333333333,1.2,2.2,❄️,False,Skipped,,,,,False,
4,2026,2026-10-04 00:00:00+00:00,B.Tremayne,Brycen Tremayne,WR,CAR,DET,True,receiving_yards,starter,27.0,0.17705531418323517,0.822944700717926,UNDER,0.822944700717926,True,8.333333333333334,14.0,16.375,➡️,False,Skipped,,,,,False,
4,2026,2026-10-04 00:00:00+00:00,A.Bachman,Alex Bachman,WR,LV,KC,True,receptions,starter,3.5,0.17767725884914398,0.8223227262496948,UNDER,0.8223227262496948,False,1.3333333333333333,1.3333333333333333,1.3333333333333333,➡️,False,Skipped,,,,,False,
4,2026,2026-10-04 00:00:00+00:00,T.Tremble,Tommy Tremble,TE,CAR,DET,True,receptions,starter,3.5,0.17767725884914398,0.8223227262496948,UNDER,0.8223227262496948,False,1.3333333333333333,1.2,1.3,🔥,False,Skipped,,,,,False,
4,2026,2026-10-04 00:00:00+00:00,J.Patterson,Jaret Patterson,RB,LAC,SEA,False,receptions,starter,3.5,0.17804042994976044,0.8219595551490784,UNDER,0.8219595551490784,False,2.333333333333333,1.6,1.4285714285714286,➡️,False,Skipped,,,,,False,
4,2026,2026-10-04 00:00:00+00:00,J.McNichols,Jeremy McNichols,RB,WAS,IND,True,rushing_yards,starter,24.0,0.17831820249557495,0.821681797504425,UNDER,0.821681797504425,True,2.333333333333333,10.0,10.6,❄️,False,Skipped,,,,,False,
4,2026,2026-10-04 00:00:00+00:00,D.Sample,Drew Sample,TE,CIN,JAX,True,receiving_yards,starter,27.0,0.17845259606838226,0.8215473890304565,UNDER,0.8215473890304565,True,17.0,13.0,8.9,🔥,False,Skipped,,,,,False,
4,2026,2026-10-04 00:00:00+00:00,K.Allen,Kazmeir Allen,RB,LAC,SEA,False,rushing_tds,anytime,0.5,0.1784742772579193,0.8215256929397583,UNDER,0.8215256929397583,False,0.0,0.0,0.0,➡️,False,Skipped,,,,,False,
4,2026,2026-10-04 00:00:00+00:00,K.Mullings,Kalel Mullings,RB,TEN,BAL,False,rushing_tds,anytime,0.5,0.1784742772579193,0.8215256929397583,UNDER,0.8215256929397583,False,0.0,0.0,0.0,➡️,False,Skipped,,,,,False,
4,2026,2026-10-04 00:00:00+00:00,S.Sims,Steven Sims,WR,ARI,NYG,False,receiving_yards,starter,27.0,0.17869767546653748,0.8213022947311401,UNDER,0.8213022947311401,True,9.666666666666666,14.0,11.9,➡️,False,Skipped,,,,,False,
4,2026,2026-10-01 00:00:00+00:00,M.Valdes-Scantling,Marquez Valdes-Scantling,WR,PIT,CLE,False,receptions,starter,3.5,0.1790195256471634,0.8209804892539978,UNDER,0.8209804892539978,False,0.6666666666666666,1.0,1.1,➡️,False,Skipped,,,,,False,
4,2026,2026-10-04 00:00:00+00:00,D.Young,Dareke Young,WR,SEA,LAC,True,receiving_yards,starter,27.0,0.1792948693037033,0.8207051157951355,UNDER,0.8207051157951355,True,16.0,16.6,16.6,🔥,False,Skipped,,,,,False,
4,2026,2026-10-04 00:00:00+00:00,M.Bandy,Michael Bandy,WR,DEN,SF,False,receiving_yards,starter,27.0,0.17977702617645264,0.8202229738235474,UNDER,0.8202229738235474,True,17.0,10.2,13.88888888888889,➡️,False,Skipped,,,,,False,
4,2026,2026-10-04 00:00:00+00:00,N.Adkins,Nate Adkins,TE,DEN,SF,False,receptions,starter,3.5,0.17989856004714966,0.8201014399528503,UNDER,0.8201014399528503,False,1.3333333333333333,1.2,1.4,❄️,False,Skipped,,,,,False,
4,2026,2026-10-04 00:00:00+00:00,D.Montgomery,D.J. Montgomery,WR,DET,CAR,False,receiving_yards,starter,27.0,0.18035636842250824,0.8196436166763306,UNDER,0.8196436166763306,True,9.333333333333334,12.6,13.8,❄️,False,Skipped,,,,,False,
4,2026,2026-10-04 00:00:00+00:00,Q.Morris,Quintin Morris,TE,JAX,CIN,False,receptions,starter,3.5,0.18117405474185944,0.8188259601593018,UNDER,0.8188259601593018,False,1.3333333333333333,1.6,1.1,🔥,False,Skipped,,,,,False,
4,2026,2026-10-04 00:00:00+00:00,J.FitzPatrick,John FitzPatrick,TE,GB,TB,False,receiving_yards,starter,27.0,0.18140345811843872,0.8185965418815613,UNDER,0.8185965418815613,True,10.666666666666666,9.6,7.4,🔥,False,Skipped,,,,,False,
4,2026,2026-10-04 00:00:00+00:00,T.Higgins,Tee Higgins,WR,CIN,JAX,True,receiving_yards,star_wr,50.0,0.8171173930168152,0.18288260698318481,OVER,0.8171173930168152,False,68.0,59.6,64.3,➡️,False,Skipped,59.5,draftkings,0.5042122999157539,,True,
4,2026,2026-10-04 00:00:00+00:00,B.Corum,Blake Corum,RB,LA,PHI,False,rushing_yards,good_rb,40.0,0.816834032535553,0.18316596746444702,OVER,0.816834032535553,True,45.66666666666666,69.2,53.1,❄️,False,Skipped,,,,,False,
4,2026,2026-10-04 00:00:00+00:00,B.Sinnott,Ben Sinnott,TE,WAS,IND,True,receptions,starter,3.5,0.18401950597763062,0.8159804940223694,UNDER,0.8159804940223694,False,1.6666666666666667,1.4,1.2,🔥,False,Skipped,,,,,False,
4,2026,2026-10-04 00:00:00+00:00,T.Lance,Trey Lance,QB,LAC,SEA,False,passing_tds,starter,0.5,0.18559786677360535,0.8144021034240723,UNDER,0.8144021034240723,False,0.0,0.0,0.2,➡️,False,Skipped,,,,,False,
4,2026,2026-10-04 00:00:00+00:00,L.Schoonmaker,Luke Schoonmaker,TE,DAL,HOU,False,receiving_yards,starter,27.0,0.1856946498155594,0.8143053650856018,UNDER,0.8143053650856018,True,18.666666666666668,11.4,11.5,🔥,False,Skipped,,,,,False,
4,2026,2026-10-04 00:00:00+00:00,T.Badie,Tyler Badie,RB,DEN,SF,False,rushing_yards,starter,24.0,0.1857268065214157,0.8142731785774231,UNDER,0.8142731785774231,True,8.333333333333334,6.6,14.875,🔥,False,Skipped,,,,,False,
4,2026,2026-10-04 00:00:00+00:00,D.Dallas,DeeJay Dallas,RB,JAX,CIN,False,rushing_yards,starter,24.0,0.18576401472091675,0.8142359852790833,UNDER,0.8142359852790833,True,12.333333333333334,9.8,7.8,➡️,False,Skipped,,,,,False,
4,2026,2026-10-04 00:00:00+00:00,C.Godwin,Chris Godwin,WR,TB,GB,True,receptions,starter,3.5,0.8137210607528687,0.18627893924713135,OVER,0.8137210607528687,False,5.333333333333333,4.8,5.0,➡️,False,Skipped,,,,,False,
4,2026,2026-10-01 00:00:00+00:00,M.Corley,Malachi Corley,WR,CLE,PIT,True,receiving_yards,starter,27.0,0.1866915374994278,0.8133084774017334,UNDER,0.8133084774017334,True,8.333333333333334,8.4,7.1,🔥,False,Skipped,,,,,False,
4,2026,2026-10-01 00:00:00+00:00,J.Warren,Jaylen Warren,RB,PIT,CLE,False,rushing_yards,star_rb,55.0,0.8129937648773193,0.18700623512268066,OVER,0.8129937648773193,True,63.0,58.4,64.4,🔥,False,Skipped,65.5,draftkings,0.5021058838394474,,True,
4,2026,2026-10-04 00:00:00+00:00,W.Robinson,Wan'Dale Robinson,WR,NYG,ARI,True,receiving_yards,star_wr,50.0,0.8127223253250122,0.1872776746749878,OVER,0.8127223253250122,False,35.666666666666664,59.8,63.4,➡️,False,Skipped,,,,,False,
4,2026,2026-10-04 00:00:00+00:00,K.Mumpfield,Konata Mumpfield,WR,LA,PHI,False,receptions,starter,3.5,0.1886793076992035,0.8113206624984741,UNDER,0.8113206624984741,False,1.6666666666666667,1.6,1.25,🔥,False,Skipped,,,,,False,
4,2026,2026-10-04 00:00:00+00:00,T.Johnson,Tez Johnson,WR,NYJ,CHI,False,receptions,starter,3.5,0.18885649740695953,0.8111435174942017,UNDER,0.8111435174942017,False,1.3333333333333333,1.4,1.5,❄️,False,Skipped,,,,,False,
4,2026,2026-10-04 00:00:00+00:00,T.Tracy,Tyrone Tracy Jr.,RB,NYG,ARI,True,rushing_yards,star_rb,55.0,0.8099437952041626,0.1900562047958374,OVER,0.8099437952041626,True,67.66666666666667,60.2,56.3,🔥,False,Skipped,,,,,False,
4,2026,2026-10-04 00:00:00+00:00,G.Kittle,George Kittle,TE,SF,DEN,True,receptions,star_wr,5.5,0.8096416592597961,0.19035834074020386,OVER,0.8096416592597961,False,6.333333333333333,6.2,5.2,🔥,False,Skipped,,,,,False,
4,2026,2026-10-04 00:00:00+00:00,H.Luepke,Hunter Luepke,RB,DAL,HOU,False,rushing_yards,starter,24.0,0.19035868346691132,0.8096413016319275,UNDER,0.8096413016319275,True,15.333333333333334,10.6,8.3,🔥,False,Skipped,,,,,False,
4,2026,2026-10-04 00:00:00+00:00,J.Jordan,Jawhar Jordan,RB,HOU,DAL,True,rushing_yards,good_rb,40.0,0.8088491559028625,0.19115084409713745,OVER,0.8088491559028625,True,63.333333333333336,63.333333333333336,63.333333333333336,➡️,False,Skipped,,,,,False,
4,2026,2026-10-04 00:00:00+00:00,A.Jones,Aaron Jones,RB,MIN,MIA,True,rushing_yards,good_rb,40.0,0.80864417552948,0.19135582447052002,OVER,0.80864417552948,True,65.0,47.8,47.2,🔥,False,Skipped,,,,,False,
4,2026,2026-10-04 00:00:00+00:00,S.Zylstra,Shane Zylstra,TE,DET,CAR,False,receiving_yards,starter,27.0,0.19220362603664398,0.8077963590621948,UNDER,0.8077963590621948,True,9.666666666666666,11.8,9.8,➡️,False,Skipped,,,,,False,
4,2026,2026-10-04 00:00:00+00:00,Z.Flowers,Zay Flowers,WR,BAL,TEN,True,receiving_yards,star_wr,50.0,0.8063911199569702,0.19360888004302979,OVER,0.8063911199569702,False,92.0,68.0,66.6,➡️,False,Skipped,,,,,False,
4,2026,2026-10-04 00:00:00+00:00,J.Mingo,Jonathan Mingo,WR,DAL,HOU,False,receiving_tds,anytime,0.5,0.19374416768550873,0.8062558174133301,UNDER,0.8062558174133301,False,0.0,0.0,0.0,➡️,False,Skipped,,,,,False,
4,2026,2026-10-04 00:00:00+00:00,O.Hampton,Omarion Hampton,RB,LAC,SEA,False,rushing_yards,star_rb,55.0,0.8058945536613464,0.19410544633865356,OVER,0.8058945536613464,True,67.33333333333333,74.8,64.5,❄️,False,Skipped,,,,,False,
4,2026,2026-10-04 00:00:00+00:00,D.Duvernay,Devin Duvernay,WR,CHI,NYJ,True,receiving_yards,starter,27.0,0.19762690365314484,0.8023731112480164,UNDER,0.8023731112480164,True,10.0,15.0,11.5,➡️,False,Skipped,,,,,False,
4,2026,2026-10-04 00:00:00+00:00,C.Oladokun,Chris Oladokun,QB,KC,LV,False,passing_tds,starter,0.5,0.198292076587677,0.801707923412323,UNDER,0.801707923412323,False,0.3333333333333333,0.3333333333333333,0.3333333333333333,➡️,False,Skipped,,,,,False,
4,2026,2026-10-04 00:00:00+00:00,T.McLaurin,Terry McLaurin,WR,WAS,IND,True,receiving_yards,star_wr,50.0,0.801693856716156,0.198306143283844,OVER,0.801693856716156,False,61.66666666666666,64.4,57.6,➡️,False,Skipped,55.5,draftkings,0.495787700084246,,True,
4,2026,2026-10-04 00:00:00+00:00,G.Kittle,George Kittle,TE,SF,DEN,True,receiving_yards,star_wr,50.0,0.8011770248413086,0.1988229751586914,OVER,0.8011770248413086,False,90.0,83.0,59.9,➡️,False,Skipped,,,,,False,
4,2026,2026-10-04 00:00:00+00:00,J.Deguara,Josiah Deguara,TE,ARI,NYG,False,receiving_tds,anytime,0.5,0.19890528917312622,0.8010947108268738,UNDER,0.8010947108268738,False,0.0,0.0,0.0,➡️,False,Skipped,,,,,False,
4,2026,2026-10-04 00:00:00+00:00,A.Smith,Ainias Smith,WR,NYJ,CHI,False,receiving_yards,starter,27.0,0.1993931382894516,0.8006068468093872,UNDER,0.8006068468093872,True,1.6666666666666667,5.6,5.777777777777778,❄️,False,Skipped,,,,,False,
4,2026,2026-10-04 00:00:00+00:00,T.Atwell,Tutu Atwell,WR,LA,PHI,False,receptions,starter,3.5,0.20038782060146332,0.7996121644973755,UNDER,0.7996121644973755,False,1.0,0.8,1.2,❄️,False,Skipped,,,,,False,
4,2026,2026-10-04 00:00:00+00:00,Z.Flowers,Zay Flowers,WR,BAL,TEN,True,receptions,good_wr,4.5,0.7993797659873962,0.20062023401260376,OVER,0.7993797659873962,False,6.0,5.0,5.0,➡️,False,Skipped,,,,,False,
4,2026,2026-10-04 00:00:00+00:00,J.Gibbs,Jahmyr Gibbs,RB,DET,CAR,False,receptions,star_wr,5.5,0.7991913557052612,0.20080864429473877,OVER,0.7991913557052612,False,5.333333333333333,5.2,5.1,➡️,False,Skipped,,,,,False,
4,2026,2026-10-04 00:00:00+00:00,J.Williams,Jamaal Williams,RB,DET,CAR,False,receptions,starter,3.5,0.7991107702255249,0.2008892297744751,OVER,0.7991107702255249,False,4.666666666666667,5.6,4.2,❄️,False,Skipped,,,,,False,
4,2026,2026-10-05 00:00:00+00:00,S.Toure,Samori Toure,WR,NO,ATL,True,receptions,starter,3.5,0.20127084851264954,0.7987291812896729,UNDER,0.7987291812896729,False,1.0,1.0,1.1,➡️,False,Skipped,,,,,False,
4,2026,2026-10-04 00:00:00+00:00,T.Brooks,Tahj Brooks,RB,CIN,JAX,True,rushing_yards,starter,24.0,0.20152941346168518,0.7984706163406372,UNDER,0.7984706163406372,True,5.666666666666667,7.0,7.0,➡️,False,Skipped,,,,,False,
4,2026,2026-10-04 00:00:00+00:00,J.Noel,Jaylin Noel,WR,HOU,DAL,True,receptions,starter,3.5,0.20163077116012573,0.7983692288398743,UNDER,0.7983692288398743,False,1.6666666666666667,1.4,2.3,🔥,False,Skipped,,,,,False,
4,2026,2026-10-04 00:00:00+00:00,A.Jeanty,Ashton Jeanty,RB,LV,KC,True,rushing_yards,good_rb,40.0,0.7981643080711365,0.20183569192886353,OVER,0.7981643080711365,True,74.33333333333333,56.8,46.4,🔥,False,Skipped,60.5,fanduel,0.5,,True,
4,2026,2026-10-04 00:00:00+00:00,T.Goodson,Tyler Goodson,RB,IND,WAS,False,receptions,starter,3.5,0.20316290855407715,0.7968370914459229,UNDER,0.7968370914459229,False,1.3333333333333333,1.6,1.5,❄️,False,Skipped,,,,,False,
4,2026,2026-10-04 00:00:00+00:00,T.Hudson,Tanner Hudson,TE,CIN,JAX,True,receptions,starter,3.5,0.2036169469356537,0.7963830232620239,UNDER,0.7963830232620239,False,1.6666666666666667,1.4,1.8,🔥,False,Skipped,,,,,False,
4,2026,2026-10-04 00:00:00+00:00,T.Higgins,Tee Higgins,WR,CIN,JAX,True,receptions,starter,3.5,0.796235203742981,0.20376479625701904,OVER,0.796235203742981,False,4.333333333333333,4.2,4.3,➡️,False,Skipped,4.5,draftkings,0.4412029533585449,,True,
4,2026,2026-10-04 00:00:00+00:00,D.Duvernay,Devin Duvernay,WR,CHI,NYJ,True,receptions,starter,3.5,0.20484541356563568,0.7951545715332031,UNDER,0.7951545715332031,False,1.0,1.4,1.5,➡️,False,Skipped,,,,,False,
4,2026,2026-10-04 00:00:00+00:00,M.Pittman,Michael Pittman,WR,IND,WAS,False,receptions,starter,3.5,0.7949966788291931,0.20500332117080688,OVER,0.7949966788291931,False,3.0,3.8,5.0,❄️,False,Skipped,3.5,draftkings,0.4640371229698376,0.3309595558593555,True,
4,2026,2026-10-04 00:00:00+00:00,J.Smith-Njigba,Jaxon Smith-Njigba,WR,SEA,LAC,True,receiving_tds,good_wr,0.5,0.7944047451019287,0.2055952548980713,OVER,0.7944047451019287,False,0.3333333333333333,0.6,0.7,❄️,False,Skipped,,,,,False,
4,2026,2026-10-04 00:00:00+00:00,Q.Morris,Quintin Morris,TE,JAX,CIN,False,receiving_yards,starter,27.0,0.20607136189937592,0.7939286231994629,UNDER,0.7939286231994629,True,13.0,14.0,9.7,➡️,False,Skipped,,,,,False,
4,2026,2026-10-04 00:00:00+00:00,K.Granson,Kylen Granson,TE,PHI,LA,True,receiving_yards,starter,27.0,0.20623080432415009,0.7937691807746887,UNDER,0.7937691807746887,True,3.333333333333333,10.2,11.7,➡️,False,Skipped,,,,,False,
4,2026,2026-10-04 00:00:00+00:00,B.Bowers,Brock Bowers,TE,LV,KC,True,receptions,star_wr,5.5,0.7932706475257874,0.20672935247421265,OVER,0.7932706475257874,False,4.666666666666667,5.4,5.4,➡️,False,Skipped,,,,,False,
4,2026,2026-10-04 00:00:00+00:00,K.Walker,Kenneth Walker III,RB,SEA,LAC,True,rushing_yards,star_rb,55.0,0.7930378317832947,0.20696216821670532,OVER,0.7930378317832947,True,56.0,50.6,56.6,🔥,False,Skipped,91.5,fanduel,0.5,,True,
4,2026,2026-10-04 00:00:00+00:00,A.St. Brown,Amon-Ra St. Brown,WR,DET,CAR,False,receiving_tds,anytime,0.5,0.7928630113601685,0.20713698863983154,OVER,0.7928630113601685,False,0.6666666666666666,0.4,0.5,❄️,False,Skipped,,,,,False,
4,2026,2026-10-04 00:00:00+00:00,J.Whyle,Josh Whyle,TE,GB,TB,False,receiving_yards,starter,27.0,0.20765115320682526,0.7923488616943359,UNDER,0.7923488616943359,True,9.666666666666666,6.4,13.2,🔥,False,Skipped,,,,,False,
4,2026,2026-10-05 00:00:00+00:00,C.Woerner,Charlie Woerner,TE,ATL,NO,False,receiving_yards,starter,27.0,0.20767080783843994,0.7923291921615601,UNDER,0.7923291921615601,True,16.666666666666668,9.0,7.4,🔥,False,Skipped,,,,,False,
4,2026,2026-10-05 00:00:00+00:00,A.Estime,Audric Estimé,RB,NO,ATL,True,receptions,starter,3.5,0.20987758040428162,0.790122389793396,UNDER,0.790122389793396,False,2.333333333333333,1.8,2.0,➡️,False,Skipped,,,,,False,
4,2026,2026-10-04 00:00:00+00:00,J.Brissett,Jacoby Brissett,QB,ARI,NYG,False,passing_tds,star_qb,1.5,0.20999889075756073,0.7900010943412781,UNDER,0.7900010943412781,False,2.0,2.0,1.9,❄️,False,Skipped,,,,,False,
4,2026,2026-10-05 00:00:00+00:00,K.Pitts,Kyle Pitts,TE,ATL,NO,False,receiving_yards,star_wr,50.0,0.7899401187896729,0.21005988121032715,OVER,0.7899401187896729,False,79.66666666666667,82.2,58.5,❄️,False,Skipped,,,,,False,
4,2026,2026-10-04 00:00:00+00:00,K.Vidal,Kimani Vidal,RB,LAC,SEA,False,rushing_yards,good_rb,40.0,0.7898068428039551,0.21019315719604492,OVER,0.7898068428039551,True,29.33333333333333,45.4,61.3,❄️,False,Skipped,,,,,False,
4,2026,2026-10-04 00:00:00+00:00,T.Kelce,Travis Kelce,TE,KC,LV,False,receptions,starter,3.5,0.7892143130302429,0.21078568696975708,OVER,0.7892143130302429,False,4.333333333333333,3.8,4.5,❄️,False,Skipped,,,,,False,
4,2026,2026-10-04 00:00:00+00:00,T.Warren,Tyler Warren,TE,IND,WAS,False,receptions,starter,3.5,0.7891700863838196,0.21082991361618042,OVER,0.7891700863838196,False,3.6666666666666665,3.2,4.2,🔥,False,Skipped,5.5,draftkings,0.480324745257228,,True,
4,2026,2026-10-04 00:00:00+00:00,M.Alie-Cox,Mo Alie-Cox,TE,IND,WAS,False,receptions,starter,3.5,0.2112738937139511,0.7887260913848877,UNDER,0.7887260913848877,False,1.6666666666666667,1.2,1.0,🔥,False,Skipped,,,,,False,
4,2026,2026-10-04 00:00:00+00:00,D.Schultz,Dalton Schultz,TE,HOU,DAL,True,receptions,good_wr,4.5,0.7867908477783203,0.2132091522216797,OVER,0.7867908477783203,False,5.333333333333333,5.2,4.8,❄️,False,Skipped,,,,,False,
4,2026,2026-10-04 00:00:00+00:00,D.Swift,D'Andre Swift,RB,CHI,NYJ,True,rushing_tds,good_rb,0.5,0.7859334945678711,0.2140665054321289,OVER,0.7859334945678711,False,1.3333333333333333,1.0,0.7,❄️,False,Skipped,,,,,False,
4,2026,2026-10-01 00:00:00+00:00,S.Miller,Scott Miller,WR,PIT,CLE,False,receiving_yards,starter,27.0,0.21463406085968018,0.7853659391403198,UNDER,0.7853659391403198,True,9.333333333333334,13.2,17.8,🔥,False,Skipped,,,,,False,
4,2026,2026-10-04 00:00:00+00:00,B.Bowers,Brock Bowers,TE,LV,KC,True,receiving_yards,star_wr,50.0,0.7845522165298462,0.2154477834701538,OVER,0.7845522165298462,False,45.66666666666666,52.8,54.4,❄️,False,Skipped,,,,,False,
4,2026,2026-10-01 00:00:00+00:00,A.Thielen,Adam Thielen,WR,PIT,CLE,False,receiving_yards,starter,27.0,0.2160467952489853,0.7839531898498535,UNDER,0.7839531898498535,True,20.0,13.2,10.3,➡️,False,Skipped,,,,,False,
4,2026,2026-10-04 00:00:00+00:00,B.Sinnott,Ben Sinnott,TE,WAS,IND,True,receiving_tds,anytime,0.5,0.21632617712020874,0.7836738228797913,UNDER,0.7836738228797913,False,0.0,0.2,0.1,❄️,False,Skipped,,,,,False,
4,2026,2026-10-04 00:00:00+00:00,K.Pickett,Kenny Pickett,QB,LV,KC,True,passing_tds,starter,0.5,0.2167554646730423,0.7832445502281189,UNDER,0.7832445502281189,False,0.3333333333333333,0.2,0.3,❄️,False,Skipped,,,,,False,
4,2026,2026-10-04 00:00:00+00:00,Z.White,ZaQuandre White,RB,LV,KC,True,receptions,starter,3.5,0.2173721343278885,0.7826278805732727,UNDER,0.7826278805732727,False,1.3333333333333333,1.4,1.8,➡️,False,Skipped,,,,,False,
4,2026,2026-10-04 00:00:00+00:00,G.Davis,Gabe Davis,WR,BUF,NE,True,receptions,starter,3.5,0.2173721343278885,0.7826278805732727,UNDER,0.7826278805732727,False,1.0,1.4,1.8,🔥,False,Skipped,,,,,False,
4,2026,2026-10-04 00:00:00+00:00,J.Dotson,Jahan Dotson,WR,PHI,LA,True,receptions,starter,3.5,0.21745140850543976,0.7825486063957214,UNDER,0.7825486063957214,False,1.3333333333333333,1.0,1.0,🔥,False,Skipped,,,,,False,
4,2026,2026-10-04 00:00:00+00:00,A.Firkser,Anthony Firkser,TE,DET,CAR,False,receiving_yards,starter,27.0,0.21849337220191956,0.7815066576004028,UNDER,0.7815066576004028,True,15.666666666666666,11.8,12.0,🔥,False,Skipped,,,,,False,
4,2026,2026-10-04 00:00:00+00:00,R.Bateman,Rashod Bateman,WR,BAL,TEN,True,receptions,starter,3.5,0.21875658631324768,0.7812434434890747,UNDER,0.7812434434890747,False,0.6666666666666666,1.0,1.4,➡️,False,Skipped,,,,,False,
4,2026,2026-10-04 00:00:00+00:00,L.McConkey,Ladd McConkey,WR,LAC,SEA,False,receptions,starter,3.5,0.7795002460479736,0.22049975395202637,OVER,0.7795002460479736,False,2.333333333333333,2.8,4.4,➡️,False,Skipped,,,,,False,
4,2026,2026-10-04 00:00:00+00:00,J.Smith-Schuster,JuJu Smith-Schuster,WR,KC,LV,False,receptions,starter,3.5,0.22156783938407898,0.7784321308135986,UNDER,0.7784321308135986,False,1.3333333333333333,1.0,1.5,🔥,False,Skipped,,,,,False,
4,2026,2026-10-04 00:00:00+00:00,E.Higgins,Elijah Higgins,TE,ARI,NYG,False,receiving_tds,anytime,0.5,0.22190922498703003,0.77809077501297,UNDER,0.77809077501297,False,0.0,0.0,0.0,➡️,False,Skipped,,,,,False,
4,2026,2026-10-04 00:00:00+00:00,A.Abdullah,Ameer Abdullah,RB,IND,WAS,False,rushing_yards,starter,24.0,0.22212186455726624,0.7778781652450562,UNDER,0.7778781652450562,True,7.333333333333333,9.2,22.0,❄️,False,Skipped,,,,,False,
4,2026,2026-10-04 00:00:00+00:00,C.Grandy,Cam Grandy,TE,CIN,JAX,True,receiving_tds,anytime,0.5,0.22218240797519684,0.7778176069259644,UNDER,0.7778176069259644,False,0.0,0.0,0.0,➡️,False,Skipped,,,,,False,
4,2026,2026-10-04 00:00:00+00:00,M.Brown,Mack Brown,RB,KC,LV,False,receptions,starter,3.5,0.22306141257286072,0.7769385576248169,UNDER,0.7769385576248169,False,1.6666666666666667,1.6,2.0,🔥,False,Skipped,,,,,False,
4,2026,2026-10-04 00:00:00+00:00,C.Godwin,Chris Godwin,WR,TB,GB,True,receiving_yards,good_wr,35.0,0.7768749594688416,0.22312504053115845,OVER,0.7768749594688416,False,52.66666666666666,58.2,54.2,➡️,False,Skipped,,,,,False,
4,2026,2026-10-04 00:00:00+00:00,D.Smythe,Durham Smythe,TE,CHI,NYJ,True,receiving_tds,anytime,0.5,0.22315238416194916,0.7768476009368896,UNDER,0.7768476009368896,False,0.0,0.0,0.0,➡️,False,Skipped,,,,,False,
4,2026,2026-10-04 00:00:00+00:00,J.Palmer,Josh Palmer,WR,BUF,NE,True,receptions,starter,3.5,0.22381238639354706,0.7761875987052917,UNDER,0.7761875987052917,False,1.0,1.4,1.6,❄️,False,Skipped,,,,,False,
4,2026,2026-10-04 00:00:00+00:00,D.Thornton,Dont'e Thornton Jr.,WR,LV,KC,True,receptions,starter,3.5,0.22388188540935516,0.7761180996894836,UNDER,0.7761180996894836,False,1.3333333333333333,1.0,1.0,🔥,False,Skipped,,,,,False,
4,2026,2026-10-04 00:00:00+00:00,P.Washington,Parker Washington,WR,JAX,CIN,False,receptions,starter,3.5,0.7759600281715393,0.2240399718284607,OVER,0.7759600281715393,False,5.666666666666667,4.6,4.2,🔥,False,Skipped,5.5,draftkings,0.480324745257228,,True,
4,2026,2026-10-04 00:00:00+00:00,J.Jordan,Jawhar Jordan,RB,HOU,DAL,True,receptions,starter,3.5,0.22411532700061798,0.7758846879005432,UNDER,0.7758846879005432,False,2.0,2.0,2.0,➡️,False,Skipped,,,,,False,
4,2026,2026-10-04 00:00:00+00:00,K.Turpin,KaVontae Turpin,WR,DAL,HOU,False,receptions,starter,3.5,0.2242378294467926,0.7757622003555298,UNDER,0.7757622003555298,False,1.6666666666666667,1.8,1.5,❄️,False,Skipped,,,,,False,
4,2026,2026-10-04 00:00:00+00:00,B.Purdy,Brock Purdy,QB,SF,DEN,True,passing_yards,good_qb,225.0,0.7757499814033508,0.22425001859664917,OVER,0.7757499814033508,False,297.6666666666667,250.8,273.0,➡️,False,Skipped,,,,,False,
4,2026,2026-10-04 00:00:00+00:00,B.Corum,Blake Corum,RB,LA,PHI,False,rushing_tds,good_rb,0.5,0.77543705701828,0.22456294298171997,OVER,0.77543705701828,False,0.6666666666666666,1.0,0.5,❄️,False,Skipped,,,,,False,
4,2026,2026-10-01 00:00:00+00:00,H.Fannin,Harold Fannin Jr.,TE,CLE,PIT,True,receiving_yards,good_wr,35.0,0.7746717929840088,0.2253282070159912,OVER,0.7746717929840088,False,65.33333333333333,55.8,52.8,❄️,False,Skipped,41.5,draftkings,0.4978941161605526,,True,
4,2026,2026-10-04 00:00:00+00:00,L.Humphrey,Lil'Jordan Humphrey,WR,DEN,SF,False,receptions,starter,3.5,0.2259673774242401,0.7740325927734375,UNDER,0.7740325927734375,False,2.333333333333333,1.4,1.9,➡️,False,Skipped,,,,,False,
4,2026,2026-10-04 00:00:00+00:00,N.Mullens,Nick Mullens,QB,JAX,CIN,False,passing_tds,starter,0.5,0.22667165100574493,0.7733283638954163,UNDER,0.7733283638954163,False,0.0,0.6,0.8,➡️,False,Skipped,,,,,False,
4,2026,2026-10-04 00:00:00+00:00,B.Cooks,Brandin Cooks,WR,BUF,NE,True,receptions,starter,3.5,0.22699318826198578,0.773006796836853,UNDER,0.773006796836853,False,0.3333333333333333,1.2,1.5,➡️,False,Skipped,,,,,False,
4,2026,2026-10-04 00:00:00+00:00,A.Bachman,Alex Bachman,WR,LV,KC,True,receiving_yards,starter,27.0,0.22743061184883118,0.7725694179534912,UNDER,0.7725694179534912,True,13.333333333333334,13.333333333333334,13.333333333333334,➡️,False,Skipped,,,,,False,
4,2026,2026-10-04 00:00:00+00:00,T.Huntley,Tyler Huntley,QB,BAL,TEN,True,passing_yards,starter,200.0,0.22776691615581512,0.7722330689430237,UNDER,0.7722330689430237,True,106.33333333333331,154.2,131.3,🔥,False,Skipped,,,,,False,
4,2026,2026-10-04 00:00:00+00:00,A.Hooper,Austin Hooper,TE,NE,BUF,False,receptions,starter,3.5,0.22902913391590118,0.77097088098526,UNDER,0.77097088098526,False,2.333333333333333,1.6,1.6,🔥,False,Skipped,,,,,False,
4,2026,2026-10-04 00:00:00+00:00,A.Firkser,Anthony Firkser,TE,DET,CAR,False,receiving_tds,anytime,0.5,0.22939230501651764,0.7706077098846436,UNDER,0.7706077098846436,False,0.0,0.0,0.0,➡️,False,Skipped,,,,,False,
4,2026,2026-10-04 00:00:00+00:00,J.Meyers,Jakobi Meyers,WR,JAX,CIN,False,receptions,good_wr,4.5,0.7698094844818115,0.23019051551818848,OVER,0.7698094844818115,False,5.0,5.0,4.5,➡️,False,Skipped,3.5,draftkings,0.558797046641455,,True,
4,2026,2026-10-04 00:00:00+00:00,A.Brown,Ahmarean Brown,WR,PHI,LA,True,receiving_tds,good_wr,0.5,0.7695629596710205,0.2304370403289795,OVER,0.7695629596710205,False,0.3333333333333333,0.8,0.6,❄️,False,Skipped,,,,,False,
4,2026,2026-10-04 00:00:00+00:00,J.Gibbs,Jahmyr Gibbs,RB,DET,CAR,False,rushing_tds,good_rb,0.5,0.7694126963615417,0.23058730363845825,OVER,0.7694126963615417,False,0.0,0.6,0.9,❄️,False,Skipped,,,,,False,
4,2026,2026-10-04 00:00:00+00:00,W.Mallory,Will Mallory,TE,IND,WAS,False,receiving_tds,anytime,0.5,0.23077234625816345,0.7692276239395142,UNDER,0.7692276239395142,False,0.0,0.0,0.0,➡️,False,Skipped,,,,,False,
4,2026,2026-10-04 00:00:00+00:00,W.Shipley,Will Shipley,RB,PHI,LA,True,rushing_yards,starter,24.0,0.2320799082517624,0.7679200768470764,UNDER,0.7679200768470764,True,7.0,9.4,19.1,❄️,False,Skipped,,,,,False,
4,2026,2026-10-04 00:00:00+00:00,A.Beck,Andrew Beck,RB,NYJ,CHI,False,rushing_tds,anytime,0.5,0.23232494294643402,0.7676750421524048,UNDER,0.7676750421524048,False,0.3333333333333333,0.2,0.2,➡️,False,Skipped,,,,,False,
4,2026,2026-10-01 00:00:00+00:00,D.Metcalf,DK Metcalf,WR,PIT,CLE,False,receiving_yards,good_wr,35.0,0.7673753499984741,0.23262465000152588,OVER,0.7673753499984741,False,78.33333333333333,61.2,54.7,🔥,False,Skipped,42.5,draftkings,0.4978941161605526,,True,
4,2026,2026-10-04 00:00:00+00:00,M.Tinsley,Mitchell Tinsley,WR,CIN,JAX,True,receptions,starter,3.5,0.23295487463474274,0.7670451402664185,UNDER,0.7670451402664185,False,1.6666666666666667,1.4,1.1428571428571428,❄️,False,Skipped,,,,,False,
4,2026,2026-10-04 00:00:00+00:00,C.Tune,Clayton Tune,QB,GB,TB,False,passing_yards,starter,200.0,0.23337797820568085,0.766622006893158,UNDER,0.766622006893158,True,24.666666666666668,19.5,19.5,➡️,False,Skipped,,,,,False,
4,2026,2026-10-04 00:00:00+00:00,B.Irving,Bucky Irving,RB,TB,GB,True,rushing_yards,star_rb,55.0,0.7657206058502197,0.23427939414978027,OVER,0.7657206058502197,True,50.0,53.2,58.0,➡️,False,Skipped,,,,,False,
4,2026,2026-10-04 00:00:00+00:00,K.Shakir,Khalil Shakir,WR,BUF,NE,True,receptions,starter,3.5,0.765117347240448,0.234882652759552,OVER,0.765117347240448,False,3.6666666666666665,4.0,4.4,🔥,False,Skipped,,,,,False,
4,2026,2026-10-04 00:00:00+00:00,C.Oladokun,Chris Oladokun,QB,KC,LV,False,passing_yards,starter,200.0,0.23566889762878418,0.7643311023712158,UNDER,0.7643311023712158,True,59.0,59.0,59.0,➡️,False,Skipped,,,,,False,
4,2026,2026-10-04 00:00:00+00:00,M.Stafford,Matthew Stafford,QB,LA,PHI,False,passing_tds,elite_qb,2.5,0.7635153532028198,0.23648464679718018,OVER,0.7635153532028198,False,2.333333333333333,2.4,3.0,🔥,False,Skipped,,,,,False,
4,2026,2026-10-04 00:00:00+00:00,E.Chism,Efton Chism III,WR,NE,BUF,False,receptions,starter,3.5,0.23706690967082977,0.762933075428009,UNDER,0.762933075428009,False,2.0,2.0,2.0,➡️,False,Skipped,,,,,False,
4,2026,2026-10-04 00:00:00+00:00,E.Egbuka,Emeka Egbuka,WR,TB,GB,True,receiving_yards,starter,27.0,0.7609643936157227,0.23903560638427734,OVER,0.7609643936157227,True,41.333333333333336,36.2,46.1,❄️,False,Skipped,,,,,False,
4,2026,2026-10-04 00:00:00+00:00,I.Hodgins,Isaiah Hodgins,WR,NYG,ARI,True,receptions,starter,3.5,0.23909375071525574,0.7609062194824219,UNDER,0.7609062194824219,False,1.0,2.0,1.6,❄️,False,Skipped,,,,,False,
4,2026,2026-10-04 00:00:00+00:00,T.Tremble,Tommy Tremble,TE,CAR,DET,True,receiving_yards,starter,27.0,0.23948587477207184,0.7605141401290894,UNDER,0.7605141401290894,True,8.333333333333334,16.2,13.1,❄️,False,Skipped,,,,,False,
4,2026,2026-10-04 00:00:00+00:00,D.Smythe,Durham Smythe,TE,CHI,NYJ,True,receiving_yards,starter,27.0,0.23969466984272003,0.7603053450584412,UNDER,0.7603053450584412,True,4.666666666666667,3.8,4.6,➡️,False,Skipped,,,,,False,
4,2026,2026-10-01 00:00:00+00:00,K.Gainwell,Kenneth Gainwell,RB,PIT,CLE,False,receptions,good_wr,4.5,0.7600057721138,0.23999422788619995,OVER,0.7600057721138,False,6.0,5.2,4.3,➡️,False,Skipped,,,,,False,
4,2026,2026-10-04 00:00:00+00:00,C.Rodriguez,Chris Rodriguez Jr.,RB,WAS,IND,True,rushing_yards,good_rb,40.0,0.7598298192024231,0.2401701807975769,OVER,0.7598298192024231,True,52.0,50.2,39.6,🔥,False,Skipped,,,,,False,
4,2026,2026-10-04 00:00:00+00:00,N.Gray,Noah Gray,TE,KC,LV,False,receptions,starter,3.5,0.24124355614185333,0.7587564587593079,UNDER,0.7587564587593079,False,1.6666666666666667,1.4,1.6,➡️,False,Skipped,,,,,False,
4,2026,2026-10-04 00:00:00+00:00,D.Swift,D'Andre Swift,RB,CHI,NYJ,True,receptions,starter,3.5,0.2415357530117035,0.7584642171859741,UNDER,0.7584642171859741,False,1.6666666666666667,1.8,1.8,➡️,False,Skipped,,,,,False,
4,2026,2026-10-04 00:00:00+00:00,W.Dissly,Will Dissly,TE,LAC,SEA,False,receiving_yards,starter,27.0,0.24159367382526398,0.7584063410758972,UNDER,0.7584063410758972,True,16.0,13.2,17.0,🔥,False,Skipped,,,,,False,
4,2026,2026-10-04 00:00:00+00:00,P.Durham,Payne Durham,TE,TB,GB,True,receiving_yards,starter,27.0,0.24173101782798767,0.7582689523696899,UNDER,0.7582689523696899,True,3.6666666666666665,12.6,16.9,❄️,False,Skipped,,,,,False,
4,2026,2026-10-04 00:00:00+00:00,B.Nix,Bo Nix,QB,DEN,SF,False,passing_tds,good_qb,1.5,0.7581555247306824,0.24184447526931763,OVER,0.7581555247306824,False,2.0,1.4,1.6,❄️,False,Skipped,,,,,False,
4,2026,2026-10-04 00:00:00+00:00,M.Alie-Cox,Mo Alie-Cox,TE,IND,WAS,False,receiving_yards,starter,27.0,0.24292448163032532,0.7570755481719971,UNDER,0.7570755481719971,True,12.0,9.0,9.5,🔥,False,Skipped,,,,,False,
4,2026,2026-10-04 00:00:00+00:00,J.Jefferson,Jermar Jefferson,RB,MIN,MIA,True,receptions,starter,3.5,0.7560546398162842,0.24394536018371582,OVER,0.7560546398162842,False,4.0,3.2,4.2,🔥,False,Skipped,,,,,False,
4,2026,2026-10-04 00:00:00+00:00,J.Waddle,Jaylen Waddle,WR,MIA,MIN,False,receptions,starter,3.5,0.755366325378418,0.24463367462158203,OVER,0.755366325378418,False,4.0,3.6,4.1,❄️,False,Skipped,,,,,False,
4,2026,2026-10-04 00:00:00+00:00,A.Smith,Ainias Smith,WR,NYJ,CHI,False,receiving_tds,anytime,0.5,0.245950847864151,0.7540491819381714,UNDER,0.7540491819381714,False,0.0,0.0,0.0,➡️,False,Skipped,,,,,False,
4,2026,2026-10-04 00:00:00+00:00,J.Tolbert,Jalen Tolbert,WR,DAL,HOU,False,receptions,starter,3.5,0.24744951725006104,0.752550482749939,UNDER,0.752550482749939,False,2.0,1.6,1.8,➡️,False,Skipped,,,,,False,
4,2026,2026-10-05 00:00:00+00:00,D.Pettis,Dante Pettis,WR,NO,ATL,True,receptions,starter,3.5,0.24786025285720825,0.7521397471427917,UNDER,0.7521397471427917,False,1.3333333333333333,1.8,1.5,🔥,False,Skipped,,,,,False,
4,2026,2026-10-04 00:00:00+00:00,I.Pacheco,Isiah Pacheco,RB,KC,LV,False,receptions,starter,3.5,0.2480790913105011,0.7519209384918213,UNDER,0.7519209384918213,False,1.3333333333333333,1.8,1.6,🔥,False,Skipped,,,,,False,
4,2026,2026-10-04 00:00:00+00:00,C.Stover,Cade Stover,TE,HOU,DAL,True,receiving_yards,starter,27.0,0.2484094351530075,0.7515905499458313,UNDER,0.7515905499458313,True,15.0,13.4,12.6,➡️,False,Skipped,,,,,False,
4,2026,2026-10-04 00:00:00+00:00,J.Proche,James Proche,WR,TEN,BAL,False,receiving_tds,anytime,0.5,0.24876350164413452,0.7512364983558655,UNDER,0.7512364983558655,False,0.0,0.0,0.0,➡️,False,Skipped,,,,,False,
4,2026,2026-10-04 00:00:00+00:00,S.Jackson,Shedrick Jackson,WR,LV,KC,True,receiving_yards,starter,27.0,0.24915465712547302,0.7508453130722046,UNDER,0.7508453130722046,True,15.0,15.0,15.0,➡️,False,Skipped,,,,,False,
4,2026,2026-10-04 00:00:00+00:00,G.Calcaterra,Grant Calcaterra,TE,PHI,LA,True,receiving_tds,anytime,0.5,0.24957437813282013,0.7504256367683411,UNDER,0.7504256367683411,False,0.0,0.0,0.0,➡️,False,Skipped,,,,,False,
4,2026,2026-10-04 00:00:00+00:00,G.Davis,Gabe Davis,WR,BUF,NE,True,receiving_tds,anytime,0.5,0.25,0.75,UNDER,0.75,False,0.0,0.0,0.2,➡️,False,Skipped,,,,,False,
4,2026,2026-10-04 00:00:00+00:00,I.Pacheco,Isiah Pacheco,RB,KC,LV,False,rushing_tds,anytime,0.5,0.25,0.75,UNDER,0.75,False,0.0,0.0,0.1,➡️,False,Skipped,,,,,False,
4,2026,2026-10-04 00:00:00+00:00,T.Kelce,Travis Kelce,TE,KC,LV,False,receiving_tds,anytime,0.5,0.25,0.75,UNDER,0.75,False,0.0,0.2,0.3,❄️,False,Skipped,,,,,False,
4,2026,2026-10-04 00:00:00+00:00,J.Mundt,Johnny Mundt,TE,JAX,CIN,False,receiving_tds,anytime,0.5,0.25,0.75,UNDER,0.75,False,0.0,0.0,0.0,➡️,False,Skipped,,,,,False,
4,2026,2026-10-04 00:00:00+00:00,J.Mundt,Johnny Mundt,TE,JAX,CIN,False,receiving_yards,starter,27.0,0.25,0.75,UNDER,0.75,True,12.333333333333334,13.4,9.5,❄️,False,Skipped,,,,,False,
4,2026,2026-10-04 00:00:00+00:00,J.Jordan,Jawhar Jordan,RB,HOU,DAL,True,rushing_tds,anytime,0.5,0.25,0.75,UNDER,0.75,False,0.0,0.0,0.0,➡️,False,Skipped,,,,,False,
4,2026,2026-10-04 00:00:00+00:00,Q.Morris,Quintin Morris,TE,JAX,CIN,False,receiving_tds,anytime,0.5,0.25,0.75,UNDER,0.75,False,0.0,0.0,0.1,➡️,False,Skipped,,,,,False,
4,2026,2026-10-04 00:00:00+00:00,C.Otton,Cade Otton,TE,TB,GB,True,receiving_tds,anytime,0.5,0.25,0.75,UNDER,0.75,False,0.0,0.0,0.0,➡️,False,Skipped,,,,,False,
4,2026,2026-10-04 00:00:00+00:00,T.Chandler,Ty Chandler,RB,MIN,MIA,True,rushing_yards,starter,24.0,0.25,0.75,UNDER,0.75,True,11.666666666666666,11.0,18.9,🔥,False,Skipped,,,,,False,
4,2026,2026-10-04 00:00:00+00:00,M.Brosmer,Max Brosmer,QB,MIN,MIA,True,passing_tds,starter,0.5,0.25,0.75,UNDER,0.75,False,0.0,0.0,0.0,➡️,False,Skipped,,,,,False,
4,2026,2026-10-04 00:00:00+00:00,M.Brosmer,Max Brosmer,QB,MIN,MIA,True,passing_yards,starter,200.0,0.25,0.75,UNDER,0.75,True,76.33333333333333,54.2,54.2,➡️,False,Skipped,,,,,False,
4,2026,2026-10-04 00:00:00+00:00,B.Melton,Bo Melton,WR,GB,TB,False,receiving_tds,anytime,0.5,0.25,0.75,UNDER,0.75,False,0.3333333333333333,0.2,0.1,❄️,False,Skipped,,,,,False,
4,2026,2026-10-04 00:00:00+00:00,T.Chandler,Ty Chandler,RB,MIN,MIA,True,rushing_tds,anytime,0.5,0.25,0.75,UNDER,0.75,False,0.0,0.0,0.0,➡️,False,Skipped,,,,,False,
4,2026,2026-10-04 00:00:00+00:00,K.Shakir,Khalil Shakir,WR,BUF,NE,True,receiving_tds,anytime,0.5,0.25,0.75,UNDER,0.75,False,0.3333333333333333,0.2,0.2,❄️,False,Skipped,,,,,False,
4,2026,2026-10-04 00:00:00+00:00,T.Shavers,Tyrell Shavers,WR,BUF,NE,True,receiving_tds,anytime,0.5,0.25,0.75,UNDER,0.75,False,0.3333333333333333,0.2,0.2,❄️,False,Skipped,,,,,False,
4,2026,2026-10-04 00:00:00+00:00,J.Hawes,Jackson Hawes,TE,BUF,NE,True,receiving_tds,anytime,0.5,0.25,0.75,UNDER,0.75,False,0.3333333333333333,0.2,0.3,❄️,False,Skipped,,,,,False,
4,2026,2026-10-04 00:00:00+00:00,J.Nailor,Jalen Nailor,WR,MIN,MIA,True,receiving_yards,starter,27.0,0.25,0.75,UNDER,0.75,True,15.666666666666666,15.4,23.3,❄️,False,Skipped,,,,,False,
4,2026,2026-10-04 00:00:00+00:00,T.Felton,Tai Felton,WR,MIN,MIA,True,receiving_tds,anytime,0.5,0.25,0.75,UNDER,0.75,False,0.0,0.0,0.0,➡️,False,Skipped,,,,,False,
4,2026,2026-10-04 00:00:00+00:00,O.Gordon,Ollie Gordon II,RB,MIA,MIN,False,rushing_yards,starter,24.0,0.25,0.75,UNDER,0.75,True,5.333333333333333,14.2,13.2,❄️,False,Skipped,,,,,False,
4,2026,2026-10-04 00:00:00+00:00,J.Patterson,Jaret Patterson,RB,LAC,SEA,False,rushing_tds,anytime,0.5,0.25,0.75,UNDER,0.75,False,0.3333333333333333,0.2,0.3,➡️,False,Skipped,,,,,False,
4,2026,2026-10-04 00:00:00+00:00,O.Gadsden,Oronde Gadsden II,TE,LAC,SEA,False,receptions,starter,3.5,0.25,0.75,UNDER,0.75,False,2.6666666666666665,2.0,3.2,➡️,False,Skipped,,,,,False,
4,2026,2026-10-04 00:00:00+00:00,B.Cooks,Brandin Cooks,WR,BUF,NE,True,receiving_yards,starter,27.0,0.25,0.75,UNDER,0.75,True,4.333333333333333,10.2,12.6,➡️,False,Skipped,,,,,False,
4,2026,2026-10-04 00:00:00+00:00,K.Walker,Kenneth Walker III,RB,SEA,LAC,True,receptions,starter,3.5,0.25,0.75,UNDER,0.75,False,2.0,2.0,2.0,🔥,False,Skipped,,,,,False,
4,2026,2026-10-04 00:00:00+00:00,K.Walker,Kenneth Walker III,RB,SEA,LAC,True,rushing_tds,anytime,0.5,0.25,0.75,UNDER,0.75,False,0.3333333333333333,0.2,0.2,➡️,False,Skipped,,,,,False,
4,2026,2026-10-04 00:00:00+00:00,R.Shaheed,Rashid Shaheed,WR,SEA,LAC,True,receiving_tds,anytime,0.5,0.25,0.75,UNDER,0.75,False,0.0,0.0,0.0,➡️,False,Skipped,,,,,False,
4,2026,2026-10-04 00:00:00+00:00,E.Saubert,Eric Saubert,TE,SEA,LAC,True,receiving_tds,anytime,0.5,0.25,0.75,UNDER,0.75,False,0.0,0.0,0.1,➡️,False,Skipped,,,,,False,
4,2026,2026-10-04 00:00:00+00:00,M.Andrews,Mark Andrews,TE,BAL,TEN,True,receptions,starter,3.5,0.25,0.75,UNDER,0.75,False,1.6666666666666667,2.0,2.5,🔥,False,Skipped,,,,,False,
4,2026,2026-10-04 00:00:00+00:00,J.Westover,Jack Westover,TE,NE,BUF,False,receiving_tds,anytime,0.5,0.25,0.75,UNDER,0.75,False,0.0,0.0,0.0,➡️,False,Skipped,,,,,False,
4,2026,2026-10-04 00:00:00+00:00,S.Diggs,Stefon Diggs,WR,NE,BUF,False,receiving_tds,anytime,0.5,0.25,0.75,UNDER,0.75,False,0.3333333333333333,0.2,0.4,➡️,False,Skipped,,,,,False,
4,2026,2026-10-04 00:00:00+00:00,B.Cooks,Brandin Cooks,WR,BUF,NE,True,receiving_tds,anytime,0.5,0.25,0.75,UNDER,0.75,False,0.0,0.0,0.0,➡️,False,Skipped,,,,,False,
4,2026,2026-10-04 00:00:00+00:00,J.Whyle,Josh Whyle,TE,GB,TB,False,receiving_tds,anytime,0.5,0.25,0.75,UNDER,0.75,False,0.0,0.2,0.2,❄️,False,Skipped,,,,,False,
4,2026,2026-10-04 00:00:00+00:00,O.Gadsden,Oronde Gadsden II,TE,LAC,SEA,False,receiving_tds,anytime,0.5,0.25,0.75,UNDER,0.75,False,0.3333333333333333,0.2,0.3,➡️,False,Skipped,,,,,False,
4,2026,2026-10-04 00:00:00+00:00,N.Chubb,Nick Chubb,RB,HOU,DAL,True,rushing_tds,anytime,0.5,0.25,0.75,UNDER,0.75,False,0.3333333333333333,0.2,0.2,❄️,False,Skipped,,,,,False,
4,2026,2026-10-04 00:00:00+00:00,L.Allen,LeQuint Allen,RB,JAX,CIN,False,rushing_tds,anytime,0.5,0.25,0.75,UNDER,0.75,False,0.0,0.0,0.0,➡️,False,Skipped,,,,,False,
4,2026,2026-10-04 00:00:00+00:00,L.Allen,LeQuint Allen,RB,JAX,CIN,False,rushing_yards,starter,24.0,0.25,0.75,UNDER,0.75,True,7.666666666666667,13.8,11.375,❄️,False,Skipped,,,,,False,
4,2026,2026-10-04 00:00:00+00:00,A.Hooper,Austin Hooper,TE,NE,BUF,False,receiving_tds,anytime,0.5,0.25,0.75,UNDER,0.75,False,0.3333333333333333,0.2,0.2,➡️,False,Skipped,,,,,False,
4,2026,2026-10-04 00:00:00+00:00,M.Hollins,Mack Hollins,WR,NE,BUF,False,receiving_tds,anytime,0.5,0.25,0.75,UNDER,0.75,False,0.0,0.0,0.1,➡️,False,Skipped,,,,,False,
4,2026,2026-10-04 00:00:00+00:00,T.Johnson,Tez Johnson,WR,TB,GB,True,receiving_yards,starter,27.0,0.25,0.75,UNDER,0.75,True,6.0,8.8,23.8,🔥,False,Skipped,,,,,False,
4,2026,2026-10-04 00:00:00+00:00,X.Smith,Xavier Smith,WR,LA,PHI,False,receiving_tds,anytime,0.5,0.25,0.75,UNDER,0.75,False,0.0,0.0,0.0,➡️,False,Skipped,,,,,False,
4,2026,2026-10-04 00:00:00+00:00,T.Atwell,Tutu Atwell,WR,LA,PHI,False,receiving_tds,anytime,0.5,0.25,0.75,UNDER,0.75,False,0.0,0.2,0.1,❄️,False,Skipped,,,,,False,
4,2026,2026-10-04 00:00:00+00:00,R.White,Rachaad White,RB,TB,GB,True,rushing_tds,anytime,0.5,0.25,0.75,UNDER,0.75,False,0.0,0.0,0.0,➡️,False,Skipped,,,,,False,
4,2026,2026-10-04 00:00:00+00:00,J.Dotson,Jahan Dotson,WR,PHI,LA,True,receiving_tds,anytime,0.5,0.25,0.75,UNDER,0.75,False,0.0,0.0,0.1,➡️,False,Skipped,,,,,False,
4,2026,2026-10-04 00:00:00+00:00,J.Dotson,Jahan Dotson,WR,PHI,LA,True,receiving_yards,starter,27.0,0.25,0.75,UNDER,0.75,True,5.333333333333333,5.6,15.2,🔥,False,Skipped,,,,,False,
4,2026,2026-10-04 00:00:00+00:00,D.Davis,Davion Davis,WR,LAC,SEA,False,receiving_tds,anytime,0.5,0.25,0.75,UNDER,0.75,False,0.0,0.2,0.2,❄️,False,Skipped,,,,,False,
4,2026,2026-10-04 00:00:00+00:00,H.Haskins,Hassan Haskins,RB,LAC,SEA,False,rushing_tds,anytime,0.5,0.25,0.75,UNDER,0.75,False,0.0,0.0,0.1,➡️,False,Skipped,,,,,False,
4,2026,2026-10-04 00:00:00+00:00,Z.Flowers,Zay Flowers,WR,BAL,TEN,True,receiving_tds,anytime,0.5,0.25,0.75,UNDER,0.75,False,0.3333333333333333,0.2,0.1,➡️,False,Skipped,,,,,False,
4,2026,2026-10-04 00:00:00+00:00,T.Warren,Tyler Warren,TE,IND,WAS,False,receiving_tds,anytime,0.5,0.25,0.75,UNDER,0.75,False,0.0,0.2,0.2,❄️,False,Skipped,,,,,False,
4,2026,2026-10-04 00:00:00+00:00,E.Wilson,Emanuel Wilson,RB,GB,TB,False,rushing_tds,anytime,0.5,0.25,0.75,UNDER,0.75,False,0.0,0.0,0.3,➡️,False,Skipped,,,,,False,
4,2026,2026-10-04 00:00:00+00:00,J.Garoppolo,Jimmy Garoppolo,QB,LA,PHI,False,passing_tds,good_qb,1.5,0.25,0.75,UNDER,0.75,False,0.3333333333333333,0.8,1.2,➡️,False,Skipped,,,,,False,
4,2026,2026-10-04 00:00:00+00:00,J.Whittington,Jordan Whittington,WR,LA,PHI,False,receiving_tds,anytime,0.5,0.25,0.75,UNDER,0.75,False,0.0,0.0,0.0,➡️,False,Skipped,,,,,False,
4,2026,2026-10-04 00:00:00+00:00,R.White,Rachaad White,RB,TB,GB,True,receptions,starter,3.5,0.25,0.75,UNDER,0.75,False,1.6666666666666667,1.8,2.3,➡️,False,Skipped,,,,,False,
4,2026,2026-10-04 00:00:00+00:00,J.Palmer,Josh Palmer,WR,BUF,NE,True,receiving_yards,starter,27.0,0.25,0.75,UNDER,0.75,True,10.0,13.6,24.1,❄️,False,Skipped,,,,,False,
4,2026,2026-10-04 00:00:00+00:00,B.Irving,Bucky Irving,RB,TB,GB,True,rushing_tds,anytime,0.5,0.25,0.75,UNDER,0.75,False,0.0,0.2,0.1,❄️,False,Skipped,,,,,False,
4,2026,2026-10-04 00:00:00+00:00,T.Johnson,Tez Johnson,WR,TB,GB,True,receiving_tds,anytime,0.5,0.25,0.75,UNDER,0.75,False,0.0,0.2,0.5,❄️,False,Skipped,,,,,False,
4,2026,2026-10-04 00:00:00+00:00,W.Dissly,Will Dissly,TE,LAC,SEA,False,receiving_tds,anytime,0.5,0.25,0.75,UNDER,0.75,False,0.0,0.0,0.1,➡️,False,Skipped,,,,,False,
4,2026,2026-10-04 00:00:00+00:00,K.Vidal,Kimani Vidal,RB,LAC,SEA,False,rushing_tds,anytime,0.5,0.25,0.75,UNDER,0.75,False,0.0,0.2,0.3,❄️,False,Skipped,,,,,False,
4,2026,2026-10-04 00:00:00+00:00,J.Jennings,Jauan Jennings,WR,SF,DEN,True,receiving_tds,star_wr,0.5,0.75,0.25,OVER,0.75,False,1.3333333333333333,1.2,0.8,❄️,False,Skipped,,,,,False,
4,2026,2026-10-04 00:00:00+00:00,R.Pearsall,Ricky Pearsall,WR,SF,DEN,True,receiving_tds,anytime,0.5,0.25,0.75,UNDER,0.75,False,0.0,0.0,0.2,➡️,False,Skipped,,,,,False,
4,2026,2026-10-04 00:00:00+00:00,D.Sample,Drew Sample,TE,CIN,JAX,True,receiving_tds,anytime,0.5,0.25,0.75,UNDER,0.75,False,0.0,0.0,0.1,➡️,False,Skipped,,,,,False,
4,2026,2026-10-04 00:00:00+00:00,T.Conklin,Tyler Conklin,TE,LAC,SEA,False,receiving_tds,anytime,0.5,0.25,0.75,UNDER,0.75,False,0.0,0.0,0.2,➡️,False,Skipped,,,,,False,
4,2026,2026-10-04 00:00:00+00:00,E.Egbuka,Emeka Egbuka,WR,TB,GB,True,receiving_tds,anytime,0.5,0.25,0.75,UNDER,0.75,False,0.0,0.0,0.1,➡️,False,Skipped,,,,,False,
4,2026,2026-10-04 00:00:00+00:00,T.Spears,Tyjae Spears,RB,TEN,BAL,False,rushing_tds,anytime,0.5,0.25,0.75,UNDER,0.75,False,0.3333333333333333,0.2,0.2,➡️,False,Skipped,,,,,False,
4,2026,2026-10-04 00:00:00+00:00,N.Fant,Noah Fant,TE,CIN,JAX,True,receptions,starter,3.5,0.25,0.75,UNDER,0.75,False,0.6666666666666666,1.6,2.6,❄️,False,Skipped,,,,,False,
4,2026,2026-10-04 00:00:00+00:00,N.Fant,Noah Fant,TE,CIN,JAX,True,receiving_tds,anytime,0.5,0.25,0.75,UNDER,0.75,False,0.0,0.0,0.2,➡️,False,Skipped,,,,,False,
4,2026,2026-10-04 00:00:00+00:00,N.Fant,Noah Fant,TE,CIN,JAX,True,receiving_yards,starter,27.0,0.25,0.75,UNDER,0.75,True,6.0,12.6,22.9,❄️,False,Skipped,,,,,False,
4,2026,2026-10-04 00:00:00+00:00,T.Hudson,Tanner Hudson,TE,CIN,JAX,True,receiving_tds,anytime,0.5,0.25,0.75,UNDER,0.75,False,0.0,0.2,0.2,❄️,False,Skipped,,,,,False,
4,2026,2026-10-04 00:00:00+00:00,T.Hudson,Tanner Hudson,TE,CIN,JAX,True,receiving_yards,starter,27.0,0.25,0.75,UNDER,0.75,True,10.333333333333334,10.8,14.8,🔥,False,Skipped,,,,,False,
4,2026,2026-10-04 00:00:00+00:00,T.Conklin,Tyler Conklin,TE,LAC,SEA,False,receptions,starter,3.5,0.25,0.75,UNDER,0.75,False,1.3333333333333333,1.2,2.8,🔥,False,Skipped,,,,,False,
4,2026,2026-10-04 00:00:00+00:00,B.Yurosek,Ben Yurosek,TE,MIN,MIA,True,receiving_tds,anytime,0.5,0.25,0.75,UNDER,0.75,False,0.0,0.0,0.0,➡️,False,Skipped,,,,,False,
4,2026,2026-10-05 00:00:00+00:00,E.Hull,Evan Hull,RB,NO,ATL,True,rushing_yards,starter,24.0,0.25,0.75,UNDER,0.75,True,6.0,7.4,6.333333333333333,❄️,False,Skipped,,,,,False,
4,2026,2026-10-05 00:00:00+00:00,K.Austin,Kevin Austin Jr.,WR,NO,ATL,True,receptions,starter,3.5,0.25,0.75,UNDER,0.75,False,3.0,2.0,1.7,🔥,False,Skipped,,,,,False,
4,2026,2026-10-05 00:00:00+00:00,K.Austin,Kevin Austin Jr.,WR,NO,ATL,True,receiving_tds,anytime,0.5,0.25,0.75,UNDER,0.75,False,0.3333333333333333,0.2,0.1,➡️,False,Skipped,,,,,False,
4,2026,2026-10-04 00:00:00+00:00,M.Tinsley,Mitchell Tinsley,WR,CIN,JAX,True,receiving_tds,anytime,0.5,0.25,0.75,UNDER,0.75,False,0.3333333333333333,0.2,0.2857142857142857,❄️,False,Skipped,,,,,False,
4,2026,2026-10-04 00:00:00+00:00,T.Higgins,Tee Higgins,WR,CIN,JAX,True,receiving_tds,elite_wr,1.5,0.25,0.75,UNDER,0.75,False,1.0,0.8,0.9,❄️,False,Skipped,,,,,False,
4,2026,2026-10-04 00:00:00+00:00,T.Brooks,Tahj Brooks,RB,CIN,JAX,True,rushing_tds,anytime,0.5,0.25,0.75,UNDER,0.75,False,0.0,0.0,0.0,➡️,False,Skipped,,,,,False,
4,2026,2026-10-04 00:00:00+00:00,A.Abdullah,Ameer Abdullah,RB,IND,WAS,False,rushing_tds,anytime,0.5,0.25,0.75,UNDER,0.75,False,0.0,0.0,0.2,➡️,False,Skipped,,,,,False,
4,2026,2026-10-05 00:00:00+00:00,D.Sills,David Sills,WR,ATL,NO,False,receiving_tds,anytime,0.5,0.25,0.75,UNDER,0.75,False,0.0,0.2,0.2,❄️,False,Skipped,,,,,False,
4,2026,2026-10-04 00:00:00+00:00,T.Patrick,Tim Patrick,WR,JAX,CIN,False,receiving_tds,anytime,0.5,0.25,0.75,UNDER,0.75,False,0.3333333333333333,0.2,0.3,❄️,False,Skipped,,,,,False,
4,2026,2026-10-04 00:00:00+00:00,D.Brown,Da'Ron Brown,WR,JAX,CIN,False,receptions,starter,3.5,0.25,0.75,UNDER,0.75,False,1.0,1.4,2.2,❄️,False,Skipped,,,,,False,
4,2026,2026-10-04 00:00:00+00:00,D.Brown,Da'Ron Brown,WR,JAX,CIN,False,receiving_tds,anytime,0.5,0.25,0.75,UNDER,0.75,False,0.0,0.0,0.1,➡️,False,Skipped,,,,,False,
4,2026,2026-10-04 00:00:00+00:00,R.Mostert,Raheem Mostert,RB,LV,KC,True,rushing_tds,anytime,0.5,0.25,0.75,UNDER,0.75,False,0.0,0.0,0.0,➡️,False,Skipped,,,,,False,
4,2026,2026-10-04 00:00:00+00:00,D.Hopkins,DeAndre Hopkins,WR,BAL,TEN,True,receiving_tds,anytime,0.5,0.25,0.75,UNDER,0.75,False,0.0,0.0,0.0,➡️,False,Skipped,,,,,False,
4,2026,2026-10-04 00:00:00+00:00,C.Kupp,Cooper Kupp,WR,SEA,LAC,True,receiving_tds,anytime,0.5,0.25,0.75,UNDER,0.75,False,0.0,0.2,0.2,❄️,False,Skipped,,,,,False,
4,2026,2026-10-04 00:00:00+00:00,D.Young,Dareke Young,WR,SEA,LAC,True,receiving_tds,anytime,0.5,0.25,0.75,UNDER,0.75,False,0.0,0.0,0.0,➡️,False,Skipped,,,,,False,
4,2026,2026-10-05 00:00:00+00:00,D.London,Drake London,WR,ATL,NO,False,receiving_tds,star_wr,0.5,0.75,0.25,OVER,0.75,False,0.0,0.8,0.6,❄️,False,Skipped,,,,,False,
4,2026,2026-10-05 00:00:00+00:00,J.Stoll,Jack Stoll,TE,NO,ATL,True,receiving_tds,anytime,0.5,0.25,0.75,UNDER,0.75,False,0.0,0.0,0.1,➡️,False,Skipped,,,,,False,
4,2026,2026-10-05 00:00:00+00:00,M.Tipton,Mason Tipton,WR,NO,ATL,True,receptions,starter,3.5,0.25,0.75,UNDER,0.75,False,2.333333333333333,1.4,1.6,🔥,False,Skipped,,,,,False,
4,2026,2026-10-01 00:00:00+00:00,C.Austin,Calvin Austin III,WR,PIT,CLE,False,receiving_tds,anytime,0.5,0.25,0.75,UNDER,0.75,False,0.0,0.0,0.1,➡️,False,Skipped,,,,,False,
4,2026,2026-10-01 00:00:00+00:00,C.Austin,Calvin Austin III,WR,PIT,CLE,False,receiving_yards,starter,27.0,0.25,0.75,UNDER,0.75,True,10.333333333333334,14.4,21.7,➡️,False,Skipped,,,,,False,
4,2026,2026-10-05 00:00:00+00:00,T.Allgeier,Tyler Allgeier,RB,ATL,NO,False,rushing_tds,anytime,0.5,0.25,0.75,UNDER,0.75,False,0.0,0.2,0.5,❄️,False,Skipped,,,,,False,
4,2026,2026-10-01 00:00:00+00:00,M.Corley,Malachi Corley,WR,CLE,PIT,True,receiving_tds,anytime,0.5,0.25,0.75,UNDER,0.75,False,0.0,0.0,0.0,➡️,False,Skipped,,,,,False,
4,2026,2026-10-01 00:00:00+00:00,S.Cannella,Sal Cannella,TE,CLE,PIT,True,receptions,starter,3.5,0.25,0.75,UNDER,0.75,False,2.0,2.0,2.0,➡️,False,Skipped,,,,,False,
4,2026,2026-10-01 00:00:00+00:00,S.Cannella,Sal Cannella,TE,CLE,PIT,True,receiving_tds,anytime,0.5,0.25,0.75,UNDER,0.75,False,0.0,0.0,0.0,➡️,False,Skipped,,,,,False,
4,2026,2026-10-04 00:00:00+00:00,G.Helm,Gunnar Helm,TE,TEN,BAL,False,receiving_tds,anytime,0.5,0.25,0.75,UNDER,0.75,False,0.3333333333333333,0.2,0.2,➡️,False,Skipped,,,,,False,
4,2026,2026-10-01 00:00:00+00:00,C.Tillman,Cedric Tillman,WR,CLE,PIT,True,receiving_tds,anytime,0.5,0.25,0.75,UNDER,0.75,False,0.0,0.0,0.1,➡️,False,Skipped,,,,,False,
4,2026,2026-10-01 00:00:00+00:00,C.Tillman,Cedric Tillman,WR,CLE,PIT,True,receiving_yards,starter,27.0,0.25,0.75,UNDER,0.75,True,24.33333333333333,15.6,19.5,🔥,False,Skipped,,,,,False,
4,2026,2026-10-05 00:00:00+00:00,D.Pettis,Dante Pettis,WR,NO,ATL,True,receiving_tds,anytime,0.5,0.25,0.75,UNDER,0.75,False,0.0,0.2,0.1,❄️,False,Skipped,,,,,False,
4,2026,2026-10-04 00:00:00+00:00,M.Washington,Malik Washington,WR,MIA,MIN,False,receiving_yards,starter,27.0,0.25,0.75,UNDER,0.75,True,12.333333333333334,15.4,24.2,❄️,False,Skipped,,,,,False,
4,2026,2026-10-01 00:00:00+00:00,D.Sampson,Dylan Sampson,RB,CLE,PIT,True,rushing_tds,anytime,0.5,0.25,0.75,UNDER,0.75,False,0.0,0.0,0.0,➡️,False,Skipped,,,,,False,
4,2026,2026-10-04 00:00:00+00:00,E.Ayomanor,Elic Ayomanor,WR,TEN,BAL,False,receptions,starter,3.5,0.25,0.75,UNDER,0.75,False,2.6666666666666665,2.0,2.4,🔥,False,Skipped,,,,,False,
4,2026,2026-10-04 00:00:00+00:00,M.Kinsey,Mason Kinsey,WR,TEN,BAL,False,receiving_tds,anytime,0.5,0.25,0.75,UNDER,0.75,False,0.0,0.0,0.0,➡️,False,Skipped,,,,,False,
4,2026,2026-10-04 00:00:00+00:00,J.Chestnut,Julius Chestnut,RB,TEN,BAL,False,rushing_tds,anytime,0.5,0.25,0.75,UNDER,0.75,False,0.0,0.0,0.0,➡️,False,Skipped,,,,,False,
4,2026,2026-10-01 00:00:00+00:00,S.Cannella,Sal Cannella,TE,CLE,PIT,True,receiving_yards,starter,27.0,0.25,0.75,UNDER,0.75,True,11.0,11.0,11.0,➡️,False,Skipped,,,,,False,
4,2026,2026-10-04 00:00:00+00:00,B.Yurosek,Ben Yurosek,TE,MIN,MIA,True,receiving_yards,starter,27.0,0.25,0.75,UNDER,0.75,True,5.0,5.0,5.0,➡️,False,Skipped,,,,,False,
4,2026,2026-10-04 00:00:00+00:00,J.Mason,Jordan Mason,RB,MIN,MIA,True,rushing_tds,anytime,0.5,0.25,0.75,UNDER,0.75,False,0.3333333333333333,0.2,0.3,❄️,False,Skipped,,,,,False,
4,2026,2026-10-04 00:00:00+00:00,J.Addison,Jordan Addison,WR,MIN,MIA,True,receiving_tds,anytime,0.5,0.25,0.75,UNDER,0.75,False,0.0,0.0,0.2,➡️,False,Skipped,,,,,False,
4,2026,2026-10-04 00:00:00+00:00,I.Likely,Isaiah Likely,TE,BAL,TEN,True,receiving_tds,anytime,0.5,0.25,0.75,UNDER,0.75,False,0.3333333333333333,0.2,0.2,➡️,False,Skipped,,,,,False,
4,2026,2026-10-04 00:00:00+00:00,K.Mitchell,Keaton Mitchell,RB,BAL,TEN,True,rushing_tds,anytime,0.5,0.25,0.75,UNDER,0.75,False,0.0,0.2,0.1,❄️,False,Skipped,,,,,False,
4,2026,2026-10-04 00:00:00+00:00,R.Ali,Rasheen Ali,RB,BAL,TEN,True,rushing_tds,anytime,0.5,0.25,0.75,UNDER,0.75,False,0.0,0.0,0.0,➡️,False,Skipped,,,,,False,
4,2026,2026-10-04 00:00:00+00:00,R.Ali,Rasheen Ali,RB,BAL,TEN,True,rushing_yards,starter,24.0,0.25,0.75,UNDER,0.75,True,6.333333333333333,10.6,10.6,❄️,False,Skipped,,,,,False,
4,2026,2026-10-04 00:00:00+00:00,D.Hopkins,DeAndre Hopkins,WR,BAL,TEN,True,receptions,starter,3.5,0.25,0.75,UNDER,0.75,False,1.6666666666666667,1.8,1.5,🔥,False,Skipped,,,,,False,
4,2026,2026-10-04 00:00:00+00:00,M.Washington,Malik Washington,WR,MIA,MIN,False,receiving_tds,anytime,0.5,0.25,0.75,UNDER,0.75,False,0.0,0.0,0.2,➡️,False,Skipped,,,,,False,
4,2026,2026-10-04 00:00:00+00:00,N.Gray,Noah Gray,TE,KC,LV,False,receiving_yards,starter,27.0,0.25,0.75,UNDER,0.75,True,13.666666666666666,10.0,14.4,🔥,False,Skipped,,,,,False,
4,2026,2026-10-04 00:00:00+00:00,D.Pierce,Dameon Pierce,RB,KC,LV,False,rushing_tds,anytime,0.5,0.25,0.75,UNDER,0.75,False,0.0,0.2,0.1,➡️,False,Skipped,,,,,False,
4,2026,2026-10-04 00:00:00+00:00,K.Hunt,Kareem Hunt,RB,KC,LV,False,rushing_tds,anytime,0.5,0.25,0.75,UNDER,0.75,False,0.0,0.2,0.5,❄️,False,Skipped,,,,,False,
4,2026,2026-10-04 00:00:00+00:00,J.FitzPatrick,John FitzPatrick,TE,GB,TB,False,receiving_tds,anytime,0.5,0.25,0.75,UNDER,0.75,False,0.0,0.0,0.1,➡️,False,Skipped,,,,,False,
4,2026,2026-10-04 00:00:00+00:00,L.Musgrave,Luke Musgrave,TE,GB,TB,False,receptions,starter,3.5,0.25,0.75,UNDER,0.75,False,2.333333333333333,1.8,1.8,🔥,False,Skipped,,,,,False,
4,2026,2026-10-04 00:00:00+00:00,L.Musgrave,Luke Musgrave,TE,GB,TB,False,receiving_tds,anytime,0.5,0.25,0.75,UNDER,0.75,False,0.0,0.0,0.0,➡️,False,Skipped,,,,,False,
4,2026,2026-10-04 00:00:00+00:00,K.Mumpfield,Konata Mumpfield,WR,LA,PHI,False,receiving_tds,anytime,0.5,0.25,0.75,UNDER,0.75,False,0.0,0.0,0.125,➡️,False,Skipped,,,,,False,
4,2026,2026-10-04 00:00:00+00:00,H.Haskins,Hassan Haskins,RB,LAC,SEA,False,rushing_yards,starter,24.0,0.25,0.75,UNDER,0.75,True,10.333333333333334,9.8,11.6,❄️,False,Skipped,,,,,False,
4,2026,2026-10-04 00:00:00+00:00,N.Gray,Noah Gray,TE,KC,LV,False,receiving_tds,anytime,0.5,0.25,0.75,UNDER,0.75,False,0.0,0.0,0.0,➡️,False,Skipped,,,,,False,
4,2026,2026-10-04 00:00:00+00:00,M.Andrews,Mark Andrews,TE,BAL,TEN,True,receiving_tds,anytime,0.5,0.25,0.75,UNDER,0.75,False,0.0,0.0,0.3,➡️,False,Skipped,,,,,False,
4,2026,2026-10-04 00:00:00+00:00,J.Nailor,Jalen Nailor,WR,MIN,MIA,True,receptions,starter,3.5,0.25,0.75,UNDER,0.75,False,1.0,1.2,1.3,❄️,False,Skipped,,,,,False,
4,2026,2026-10-04 00:00:00+00:00,J.Palmer,Josh Palmer,WR,BUF,NE,True,receiving_tds,anytime,0.5,0.25,0.75,UNDER,0.75,False,0.0,0.0,0.0,➡️,False,Skipped,,,,,False,
4,2026,2026-10-04 00:00:00+00:00,J.Proche,James Proche,WR,TEN,BAL,False,receiving_yards,starter,27.0,0.25,0.75,UNDER,0.75,True,1.6666666666666667,12.0,8.1,❄️,False,Skipped,,,,,False,
4,2026,2026-10-04 00:00:00+00:00,D.Martin-Robinson,David Martin-Robinson,TE,TEN,BAL,False,receiving_tds,anytime,0.5,0.25,0.75,UNDER,0.75,False,0.3333333333333333,0.2,0.2,❄️,False,Skipped,,,,,False,
4,2026,2026-10-04 00:00:00+00:00,V.Jefferson,Van Jefferson,WR,TEN,BAL,False,receptions,starter,3.5,0.25,0.75,UNDER,0.75,False,1.6666666666666667,1.8,2.2,➡️,False,Skipped,,,,,False,
4,2026,2026-10-04 00:00:00+00:00,V.Jefferson,Van Jefferson,WR,TEN,BAL,False,receiving_tds,anytime,0.5,0.25,0.75,UNDER,0.75,False,0.0,0.0,0.1,➡️,False,Skipped,,,,,False,
4,2026,2026-10-04 00:00:00+00:00,J.Waddle,Jaylen Waddle,WR,MIA,MIN,False,receiving_tds,anytime,0.5,0.25,0.75,UNDER,0.75,False,0.3333333333333333,0.2,0.3,❄️,False,Skipped,,,,,False,
4,2026,2026-10-04 00:00:00+00:00,M.Washington,Malik Washington,WR,MIA,MIN,False,receptions,starter,3.5,0.25,0.75,UNDER,0.75,False,1.0,2.0,2.7,❄️,False,Skipped,,,,,False,
4,2026,2026-10-04 00:00:00+00:00,J.Wright,James Wright,WR,MIA,MIN,False,receiving_yards,starter,27.0,0.25,0.75,UNDER,0.75,True,9.0,6.6,4.375,🔥,False,Skipped,,,,,False,
4,2026,2026-10-04 00:00:00+00:00,T.Tucker,Tre Tucker,WR,LV,KC,True,receiving_tds,anytime,0.5,0.25,0.75,UNDER,0.75,False,0.0,0.0,0.1,➡️,False,Skipped,,,,,False,
4,2026,2026-10-04 00:00:00+00:00,A.Jones,Aaron Jones,RB,MIN,MIA,True,rushing_tds,anytime,0.5,0.25,0.75,UNDER,0.75,False,0.0,0.0,0.1,➡️,False,Skipped,,,,,False,
4,2026,2026-10-04 00:00:00+00:00,Z.Scott,Zavier Scott,RB,MIN,MIA,True,rushing_tds,anytime,0.5,0.25,0.75,UNDER,0.75,False,0.0,0.0,0.0,➡️,False,Skipped,,,,,False,
4,2026,2026-10-04 00:00:00+00:00,Z.Scott,Zavier Scott,RB,MIN,MIA,True,rushing_yards,starter,24.0,0.25,0.75,UNDER,0.75,True,12.0,11.2,13.125,❄️,False,Skipped,,,,,False,
4,2026,2026-10-04 00:00:00+00:00,T.Wease,Theo Wease Jr.,WR,MIA,MIN,False,receptions,starter,3.5,0.25,0.75,UNDER,0.75,False,1.5,1.5,1.5,➡️,False,Skipped,,,,,False,
4,2026,2026-10-04 00:00:00+00:00,T.Washington,Tony Washington,WR,MIA,MIN,False,receiving_tds,anytime,0.5,0.25,0.75,UNDER,0.75,False,0.0,0.0,0.0,➡️,False,Skipped,,,,,False,
4,2026,2026-10-04 00:00:00+00:00,T.Washington,Tony Washington,WR,MIA,MIN,False,receiving_yards,starter,27.0,0.25,0.75,UNDER,0.75,True,11.0,11.0,11.0,➡️,False,Skipped,,,,,False,
4,2026,2026-10-04 00:00:00+00:00,J.Wright,James Wright,WR,MIA,MIN,False,receiving_tds,anytime,0.5,0.25,0.75,UNDER,0.75,False,0.0,0.0,0.0,➡️,False,Skipped,,,,,False,
4,2026,2026-10-04 00:00:00+00:00,T.Franklin,Troy Franklin,WR,DEN,SF,False,receiving_tds,anytime,0.5,0.25,0.75,UNDER,0.75,False,0.3333333333333333,0.2,0.5,❄️,False,Skipped,,,,,False,
4,2026,2026-10-04 00:00:00+00:00,N.Adkins,Nate Adkins,TE,DEN,SF,False,receiving_tds,anytime,0.5,0.25,0.75,UNDER,0.75,False,0.3333333333333333,0.2,0.2,❄️,False,Skipped,,,,,False,
4,2026,2026-10-04 00:00:00+00:00,N.Adkins,Nate Adkins,TE,DEN,SF,False,receiving_yards,starter,27.0,0.25,0.75,UNDER,0.75,True,14.333333333333334,9.6,12.9,❄️,False,Skipped,,,,,False,
4,2026,2026-10-04 00:00:00+00:00,J.McLaughlin,Jaleel McLaughlin,RB,DEN,SF,False,rushing_tds,anytime,0.5,0.25,0.75,UNDER,0.75,False,0.0,0.0,0.1,➡️,False,Skipped,,,,,False,
4,2026,2026-10-04 00:00:00+00:00,L.Humphrey,Lil'Jordan Humphrey,WR,DEN,SF,False,receiving_tds,anytime,0.5,0.25,0.75,UNDER,0.75,False,0.3333333333333333,0.2,0.2,➡️,False,Skipped,,,,,False,
4,2026,2026-10-04 00:00:00+00:00,A.Trautman,Adam Trautman,TE,DEN,SF,False,receptions,starter,3.5,0.25,0.75,UNDER,0.75,False,2.333333333333333,1.8,1.8,➡️,False,Skipped,,,,,False,
4,2026,2026-10-04 00:00:00+00:00,A.Trautman,Adam Trautman,TE,DEN,SF,False,receiving_tds,anytime,0.5,0.25,0.75,UNDER,0.75,False,0.0,0.0,0.1,➡️,False,Skipped,,,,,False,
4,2026,2026-10-04 00:00:00+00:00,T.Goodson,Tyler Goodson,RB,IND,WAS,False,rushing_yards,starter,24.0,0.25,0.75,UNDER,0.75,True,5.0,8.6,17.7,❄️,False,Skipped,,,,,False,
4,2026,2026-10-04 00:00:00+00:00,K.Turpin,KaVontae Turpin,WR,DAL,HOU,False,receiving_tds,anytime,0.5,0.25,0.75,UNDER,0.75,False,0.3333333333333333,0.2,0.1,➡️,False,Skipped,,,,,False,
4,2026,2026-10-04 00:00:00+00:00,K.Raymond,Kalif Raymond,WR,DET,CAR,False,receiving_tds,anytime,0.5,0.25,0.75,UNDER,0.75,False,0.3333333333333333,0.2,0.1,➡️,False,Skipped,,,,,False,
4,2026,2026-10-04 00:00:00+00:00,D.Montgomery,D.J. Montgomery,WR,DET,CAR,False,receiving_tds,anytime,0.5,0.25,0.75,UNDER,0.75,False,0.0,0.0,0.0,➡️,False,Skipped,,,,,False,
4,2026,2026-10-04 00:00:00+00:00,T.Tremble,Tommy Tremble,TE,CAR,DET,True,receiving_tds,anytime,0.5,0.25,0.75,UNDER,0.75,False,0.0,0.0,0.0,➡️,False,Skipped,,,,,False,
4,2026,2026-10-04 00:00:00+00:00,B.Tremayne,Brycen Tremayne,WR,CAR,DET,True,receiving_tds,anytime,0.5,0.25,0.75,UNDER,0.75,False,0.0,0.0,0.0,➡️,False,Skipped,,,,,False,
4,2026,2026-10-04 00:00:00+00:00,T.Burks,Treylon Burks,WR,WAS,IND,True,receptions,starter,3.5,0.25,0.75,UNDER,0.75,False,1.0,0.8,1.1,🔥,False,Skipped,,,,,False,
4,2026,2026-10-04 00:00:00+00:00,J.Williams,Jamaal Williams,RB,DAL,HOU,False,receptions,starter,3.5,0.25,0.75,UNDER,0.75,False,2.333333333333333,2.0,1.9,❄️,False,Skipped,,,,,False,
4,2026,2026-10-04 00:00:00+00:00,C.Lamb,CeeDee Lamb,WR,DAL,HOU,False,receiving_tds,anytime,0.5,0.25,0.75,UNDER,0.75,False,0.0,0.2,0.3,❄️,False,Skipped,,,,,False,
4,2026,2026-10-04 00:00:00+00:00,E.Engram,Evan Engram,TE,DEN,SF,False,receiving_tds,anytime,0.5,0.25,0.75,UNDER,0.75,False,0.0,0.0,0.0,➡️,False,Skipped,,,,,False,
4,2026,2026-10-04 00:00:00+00:00,D.Bellinger,Daniel Bellinger,TE,NYG,ARI,True,receiving_yards,starter,27.0,0.25,0.75,UNDER,0.75,True,15.333333333333334,10.8,23.4,🔥,False,Skipped,,,,,False,
4,2026,2026-10-04 00:00:00+00:00,D.Johnson,D'Ernest Johnson,RB,NE,BUF,False,rushing_tds,anytime,0.5,0.25,0.75,UNDER,0.75,False,0.0,0.0,0.0,➡️,False,Skipped,,,,,False,
4,2026,2026-10-04 00:00:00+00:00,K.Boutte,Kayshon Boutte,WR,NE,BUF,False,receptions,starter,3.5,0.25,0.75,UNDER,0.75,False,2.0,1.6,2.2,❄️,False,Skipped,,,,,False,
4,2026,2026-10-04 00:00:00+00:00,K.Boutte,Kayshon Boutte,WR,NE,BUF,False,receiving_tds,anytime,0.5,0.25,0.75,UNDER,0.75,False,0.3333333333333333,0.2,0.5,❄️,False,Skipped,,,,,False,
4,2026,2026-10-04 00:00:00+00:00,S.Sims,Steven Sims,WR,ARI,NYG,False,receiving_tds,anytime,0.5,0.25,0.75,UNDER,0.75,False,0.0,0.0,0.0,➡️,False,Skipped,,,,,False,
4,2026,2026-10-04 00:00:00+00:00,T.Tracy,Tyrone Tracy Jr.,RB,NYG,ARI,True,receptions,starter,3.5,0.25,0.75,UNDER,0.75,False,2.0,2.0,2.2,🔥,False,Skipped,,,,,False,
4,2026,2026-10-04 00:00:00+00:00,T.Tracy,Tyrone Tracy Jr.,RB,NYG,ARI,True,rushing_tds,anytime,0.5,0.25,0.75,UNDER,0.75,False,0.3333333333333333,0.2,0.2,❄️,False,Skipped,,,,,False,
4,2026,2026-10-04 00:00:00+00:00,G.Olszewski,Gunner Olszewski,WR,NYG,ARI,True,receiving_tds,anytime,0.5,0.25,0.75,UNDER,0.75,False,0.3333333333333333,0.2,0.1,➡️,False,Skipped,,,,,False,
4,2026,2026-10-04 00:00:00+00:00,J.Sanders,Ja'Tavion Sanders,TE,CAR,DET,True,receiving_tds,anytime,0.5,0.25,0.75,UNDER,0.75,False,0.0,0.0,0.0,➡️,False,Skipped,,,,,False,
4,2026,2026-10-04 00:00:00+00:00,J.Tolbert,Jalen Tolbert,WR,DAL,HOU,False,receiving_tds,anytime,0.5,0.25,0.75,UNDER,0.75,False,0.3333333333333333,0.2,0.1,❄️,False,Skipped,,,,,False,
4,2026,2026-10-04 00:00:00+00:00,J.Ferguson,Jake Ferguson,TE,DAL,HOU,False,receiving_tds,anytime,0.5,0.25,0.75,UNDER,0.75,False,0.3333333333333333,0.2,0.4,➡️,False,Skipped,,,,,False,
4,2026,2026-10-04 00:00:00+00:00,J.Blue,Jaydon Blue,RB,DAL,HOU,False,rushing_tds,anytime,0.5,0.25,0.75,UNDER,0.75,False,0.0,0.0,0.0,➡️,False,Skipped,,,,,False,
4,2026,2026-10-04 00:00:00+00:00,T.Burks,Treylon Burks,WR,WAS,IND,True,receiving_tds,anytime,0.5,0.25,0.75,UNDER,0.75,False,0.0,0.2,0.1,❄️,False,Skipped,,,,,False,
4,2026,2026-10-04 00:00:00+00:00,T.Burks,Treylon Burks,WR,WAS,IND,True,receiving_yards,starter,27.0,0.25,0.75,UNDER,0.75,True,13.666666666666666,9.2,15.0,🔥,False,Skipped,,,,,False,
4,2026,2026-10-04 00:00:00+00:00,J.McNichols,Jeremy McNichols,RB,WAS,IND,True,receptions,starter,3.5,0.25,0.75,UNDER,0.75,False,2.0,1.8,2.2,🔥,False,Skipped,,,,,False,
4,2026,2026-10-04 00:00:00+00:00,J.McNichols,Jeremy McNichols,RB,WAS,IND,True,rushing_tds,anytime,0.5,0.25,0.75,UNDER,0.75,False,0.0,0.0,0.0,➡️,False,Skipped,,,,,False,
4,2026,2026-10-04 00:00:00+00:00,D.Samuel,Deebo Samuel Sr.,WR,WAS,IND,True,receiving_tds,anytime,0.5,0.25,0.75,UNDER,0.75,False,0.0,0.0,0.2,➡️,False,Skipped,,,,,False,
4,2026,2026-10-04 00:00:00+00:00,B.Spann-Ford,Brevyn Spann-Ford,TE,DAL,HOU,False,receiving_tds,anytime,0.5,0.25,0.75,UNDER,0.75,False,0.0,0.2,0.1,❄️,False,Skipped,,,,,False,
4,2026,2026-10-05 00:00:00+00:00,R.Bell,Ronnie Bell,WR,NO,ATL,True,receiving_tds,anytime,0.5,0.25,0.75,UNDER,0.75,False,0.0,0.2,0.2,➡️,False,Skipped,,,,,False,
4,2026,2026-10-04 00:00:00+00:00,R.Mostert,Raheem Mostert,RB,LV,KC,True,rushing_yards,starter,24.0,0.25,0.75,UNDER,0.75,True,4.666666666666667,2.8,14.0,🔥,False,Skipped,,,,,False,
4,2026,2026-10-04 00:00:00+00:00,G.Dulcich,Greg Dulcich,TE,MIA,MIN,False,receiving_tds,anytime,0.5,0.25,0.75,UNDER,0.75,False,0.3333333333333333,0.2,0.1,➡️,False,Skipped,,,,,False,
4,2026,2026-10-04 00:00:00+00:00,C.Wilson,Caleb Wilson,TE,MIA,MIN,False,receiving_tds,anytime,0.5,0.25,0.75,UNDER,0.75,False,0.0,0.0,0.0,➡️,False,Skipped,,,,,False,
4,2026,2026-10-04 00:00:00+00:00,B.Sims,Ben Sims,TE,MIN,MIA,True,receiving_tds,anytime,0.5,0.25,0.75,UNDER,0.75,False,0.0,0.0,0.1,➡️,False,Skipped,,,,,False,
4,2026,2026-10-04 00:00:00+00:00,T.Hockenson,T.J. Hockenson,TE,MIN,MIA,True,receiving_tds,anytime,0.5,0.25,0.75,UNDER,0.75,False,0.3333333333333333,0.2,0.2,➡️,False,Skipped,,,,,False,
4,2026,2026-10-05 00:00:00+00:00,S.Toure,Samori Toure,WR,NO,ATL,True,receiving_yards,starter,27.0,0.25,0.75,UNDER,0.75,True,5.333333333333333,10.8,11.9,➡️,False,Skipped,,,,,False,
4,2026,2026-10-04 00:00:00+00:00,D.Dallas,DeeJay Dallas,RB,JAX,CIN,False,rushing_tds,anytime,0.5,0.25,0.75,UNDER,0.75,False,0.0,0.0,0.0,➡️,False,Skipped,,,,,False,
4,2026,2026-10-04 00:00:00+00:00,L.Schoonmaker,Luke Schoonmaker,TE,DAL,HOU,False,receiving_tds,anytime,0.5,0.25,0.75,UNDER,0.75,False,0.0,0.0,0.0,➡️,False,Skipped,,,,,False,
4,2026,2026-10-01 00:00:00+00:00,P.Freiermuth,Pat Freiermuth,TE,PIT,CLE,False,receiving_tds,anytime,0.5,0.25,0.75,UNDER,0.75,False,0.0,0.2,0.4,❄️,False,Skipped,,,,,False,
4,2026,2026-10-01 00:00:00+00:00,K.Gainwell,Kenneth Gainwell,RB,PIT,CLE,False,rushing_tds,anytime,0.5,0.25,0.75,UNDER,0.75,False,0.3333333333333333,0.2,0.1,❄️,False,Skipped,,,,,False,
4,2026,2026-10-01 00:00:00+00:00,A.Thielen,Adam Thielen,WR,PIT,CLE,False,receiving_tds,anytime,0.5,0.25,0.75,UNDER,0.75,False,0.0,0.0,0.0,➡️,False,Skipped,,,,,False,
4,2026,2026-10-01 00:00:00+00:00,M.Valdes-Scantling,Marquez Valdes-Scantling,WR,PIT,CLE,False,receiving_tds,anytime,0.5,0.25,0.75,UNDER,0.75,False,0.3333333333333333,0.2,0.1,➡️,False,Skipped,,,,,False,
4,2026,2026-10-01 00:00:00+00:00,M.Valdes-Scantling,Marquez Valdes-Scantling,WR,PIT,CLE,False,receiving_yards,starter,27.0,0.25,0.75,UNDER,0.75,True,8.333333333333334,11.2,16.2,➡️,False,Skipped,,,,,False,
4,2026,2026-10-01 00:00:00+00:00,D.Metcalf,DK Metcalf,WR,PIT,CLE,False,receiving_tds,anytime,0.5,0.25,0.75,UNDER,0.75,False,0.3333333333333333,0.2,0.3,➡️,False,Skipped,,,,,False,
4,2026,2026-10-05 00:00:00+00:00,R.Bell,Ronnie Bell,WR,NO,ATL,True,receiving_yards,starter,27.0,0.25,0.75,UNDER,0.75,True,7.333333333333333,5.4,6.6,➡️,False,Skipped,,,,,False,
4,2026,2026-10-05 00:00:00+00:00,E.Hull,Evan Hull,RB,NO,ATL,True,rushing_tds,anytime,0.5,0.25,0.75,UNDER,0.75,False,0.0,0.0,0.0,➡️,False,Skipped,,,,,False,
4,2026,2026-10-04 00:00:00+00:00,G.Ricci,Giovanni Ricci,TE,DET,CAR,False,receiving_tds,anytime,0.5,0.25,0.75,UNDER,0.75,False,0.0,0.0,0.0,➡️,False,Skipped,,,,,False,
4,2026,2026-10-04 00:00:00+00:00,M.Davis,Malik Davis,RB,DAL,HOU,False,receptions,starter,3.5,0.25,0.75,UNDER,0.75,False,2.0,2.0,2.0,❄️,False,Skipped,,,,,False,
4,2026,2026-10-04 00:00:00+00:00,G.Pickens,George Pickens,WR,DAL,HOU,False,receiving_tds,anytime,0.5,0.25,0.75,UNDER,0.75,False,0.3333333333333333,0.2,0.3,➡️,False,Skipped,,,,,False,
4,2026,2026-10-04 00:00:00+00:00,K.Herbert,Khalil Herbert,RB,NYJ,CHI,False,receptions,starter,3.5,0.25,0.75,UNDER,0.75,False,2.333333333333333,1.6,1.6,➡️,False,Skipped,,,,,False,
4,2026,2026-10-04 00:00:00+00:00,K.Herbert,Khalil Herbert,RB,NYJ,CHI,False,rushing_tds,anytime,0.5,0.25,0.75,UNDER,0.75,False,0.0,0.0,0.1,➡️,False,Skipped,,,,,False,
4,2026,2026-10-04 00:00:00+00:00,R.Bateman,Rashod Bateman,WR,BAL,TEN,True,receiving_tds,anytime,0.5,0.25,0.75,UNDER,0.75,False,0.0,0.2,0.2,❄️,False,Skipped,,,,,False,
4,2026,2026-10-04 00:00:00+00:00,R.Bateman,Rashod Bateman,WR,BAL,TEN,True,receiving_yards,starter,27.0,0.25,0.75,UNDER,0.75,True,7.666666666666667,9.2,19.2,🔥,False,Skipped,,,,,False,
4,2026,2026-10-05 00:00:00+00:00,D.Mooney,Darnell Mooney,WR,ATL,NO,False,receptions,starter,3.5,0.25,0.75,UNDER,0.75,False,2.333333333333333,2.0,1.9,➡️,False,Skipped,,,,,False,
4,2026,2026-10-05 00:00:00+00:00,D.Mooney,Darnell Mooney,WR,ATL,NO,False,receiving_tds,anytime,0.5,0.25,0.75,UNDER,0.75,False,0.0,0.0,0.1,➡️,False,Skipped,,,,,False,
4,2026,2026-10-04 00:00:00+00:00,J.Sanders,Ja'Tavion Sanders,TE,CAR,DET,True,receiving_yards,starter,27.0,0.25,0.75,UNDER,0.75,True,11.0,14.0,18.1,❄️,False,Skipped,,,,,False,
4,2026,2026-10-05 00:00:00+00:00,C.Olave,Chris Olave,WR,NO,ATL,True,receiving_tds,star_wr,0.5,0.75,0.25,OVER,0.75,False,1.0,0.8,0.7,🔥,False,Skipped,,,,,False,
4,2026,2026-10-05 00:00:00+00:00,S.Toure,Samori Toure,WR,NO,ATL,True,receiving_tds,anytime,0.5,0.25,0.75,UNDER,0.75,False,0.0,0.0,0.0,➡️,False,Skipped,,,,,False,
4,2026,2026-10-05 00:00:00+00:00,M.Tipton,Mason Tipton,WR,NO,ATL,True,receiving_yards,starter,27.0,0.25,0.75,UNDER,0.75,True,15.666666666666666,9.4,12.1,🔥,False,Skipped,,,,,False,
4,2026,2026-10-05 00:00:00+00:00,M.Tipton,Mason Tipton,WR,NO,ATL,True,receiving_tds,anytime,0.5,0.25,0.75,UNDER,0.75,False,0.0,0.0,0.0,➡️,False,Skipped,,,,,False,
4,2026,2026-10-01 00:00:00+00:00,B.Bates,Brenden Bates,TE,CLE,PIT,True,receiving_tds,anytime,0.5,0.25,0.75,UNDER,0.75,False,0.0,0.0,0.0,➡️,False,Skipped,,,,,False,
4,2026,2026-10-01 00:00:00+00:00,S.Miller,Scott Miller,WR,PIT,CLE,False,receiving_tds,anytime,0.5,0.25,0.75,UNDER,0.75,False,0.0,0.0,0.0,➡️,False,Skipped,,,,,False,
4,2026,2026-10-01 00:00:00+00:00,D.Washington,Darnell Washington,TE,PIT,CLE,False,receiving_tds,anytime,0.5,0.25,0.75,UNDER,0.75,False,0.0,0.0,0.1,➡️,False,Skipped,,,,,False,
4,2026,2026-10-04 00:00:00+00:00,C.Stover,Cade Stover,TE,HOU,DAL,True,receiving_tds,anytime,0.5,0.25,0.75,UNDER,0.75,False,0.0,0.0,0.1,➡️,False,Skipped,,,,,False,
4,2026,2026-10-01 00:00:00+00:00,B.Whiteheart,Blake Whiteheart,TE,CLE,PIT,True,receiving_tds,anytime,0.5,0.25,0.75,UNDER,0.75,False,0.0,0.0,0.0,➡️,False,Skipped,,,,,False,
4,2026,2026-10-04 00:00:00+00:00,M.Carter,Martez Carter,RB,ARI,NYG,False,rushing_tds,anytime,0.5,0.25,0.75,UNDER,0.75,False,0.0,0.0,0.0,➡️,False,Skipped,,,,,False,
4,2026,2026-10-04 00:00:00+00:00,O.Zaccheaus,Olamide Zaccheaus,WR,CHI,NYJ,True,receiving_tds,anytime,0.5,0.25,0.75,UNDER,0.75,False,0.3333333333333333,0.2,0.2,➡️,False,Skipped,,,,,False,
4,2026,2026-10-04 00:00:00+00:00,T.Bigsby,Tank Bigsby,RB,PHI,LA,True,rushing_tds,anytime,0.5,0.25,0.75,UNDER,0.75,False,0.3333333333333333,0.2,0.1,➡️,False,Skipped,,,,,False,
4,2026,2026-10-04 00:00:00+00:00,W.Shipley,Will Shipley,RB,PHI,LA,True,rushing_tds,anytime,0.5,0.25,0.75,UNDER,0.75,False,0.0,0.0,0.1,➡️,False,Skipped,,,,,False,
4,2026,2026-10-04 00:00:00+00:00,B.Covey,Britain Covey,WR,PHI,LA,True,receiving_tds,anytime,0.5,0.25,0.75,UNDER,0.75,False,0.0,0.0,0.0,➡️,False,Skipped,,,,,False,
4,2026,2026-10-04 00:00:00+00:00,B.Covey,Britain Covey,WR,PHI,LA,True,receiving_yards,starter,27.0,0.25,0.75,UNDER,0.75,True,11.333333333333334,15.2,15.2,❄️,False,Skipped,,,,,False,
4,2026,2026-10-04 00:00:00+00:00,K.Granson,Kylen Granson,TE,PHI,LA,True,receiving_tds,anytime,0.5,0.25,0.75,UNDER,0.75,False,0.0,0.0,0.0,➡️,False,Skipped,,,,,False,
4,2026,2026-10-04 00:00:00+00:00,D.Bellinger,Daniel Bellinger,TE,NYG,ARI,True,receiving_tds,anytime,0.5,0.25,0.75,UNDER,0.75,False,0.0,0.0,0.1,➡️,False,Skipped,,,,,False,
4,2026,2026-10-04 00:00:00+00:00,J.Smith-Schuster,JuJu Smith-Schuster,WR,KC,LV,False,receiving_tds,anytime,0.5,0.25,0.75,UNDER,0.75,False,0.0,0.0,0.0,➡️,False,Skipped,,,,,False,
4,2026,2026-10-04 00:00:00+00:00,J.Smith-Schuster,JuJu Smith-Schuster,WR,KC,LV,False,receiving_yards,starter,27.0,0.25,0.75,UNDER,0.75,True,9.333333333333334,6.6,16.4,🔥,False,Skipped,,,,,False,
4,2026,2026-10-04 00:00:00+00:00,X.Worthy,Xavier Worthy,WR,KC,LV,False,receiving_tds,anytime,0.5,0.25,0.75,UNDER,0.75,False,0.0,0.0,0.1,➡️,False,Skipped,,,,,False,
4,2026,2026-10-04 00:00:00+00:00,T.Lockett,Tyler Lockett,WR,LV,KC,True,receptions,starter,3.5,0.25,0.75,UNDER,0.75,False,1.6666666666666667,1.8,2.3,❄️,False,Skipped,,,,,False,
4,2026,2026-10-04 00:00:00+00:00,T.Lockett,Tyler Lockett,WR,LV,KC,True,receiving_tds,anytime,0.5,0.25,0.75,UNDER,0.75,False,0.3333333333333333,0.2,0.1,➡️,False,Skipped,,,,,False,
4,2026,2026-10-04 00:00:00+00:00,T.Goodson,Tyler Goodson,RB,IND,WAS,False,rushing_tds,anytime,0.5,0.25,0.75,UNDER,0.75,False,0.0,0.0,0.1,➡️,False,Skipped,,,,,False,
4,2026,2026-10-04 00:00:00+00:00,K.Pickett,Kenny Pickett,QB,LV,KC,True,passing_yards,starter,200.0,0.25,0.75,UNDER,0.75,True,59.0,37.0,47.6,❄️,False,Skipped,,,,,False,
4,2026,2026-10-04 00:00:00+00:00,P.Bryant,Pat Bryant,WR,DEN,SF,False,receiving_tds,anytime,0.5,0.25,0.75,UNDER,0.75,False,0.0,0.0,0.1,➡️,False,Skipped,,,,,False,
4,2026,2026-10-04 00:00:00+00:00,S.Barkley,Saquon Barkley,RB,PHI,LA,True,receptions,starter,3.5,0.25,0.75,UNDER,0.75,False,0.6666666666666666,2.0,2.3,❄️,False,Skipped,,,,,False,
4,2026,2026-10-04 00:00:00+00:00,K.Mumpfield,Konata Mumpfield,WR,LA,PHI,False,receiving_yards,starter,27.0,0.25,0.75,UNDER,0.75,True,16.666666666666668,16.0,11.5,🔥,False,Skipped,,,,,False,
4,2026,2026-10-01 00:00:00+00:00,J.Jeudy,Jerry Jeudy,WR,CLE,PIT,True,receiving_tds,anytime,0.5,0.25,0.75,UNDER,0.75,False,0.0,0.2,0.2,❄️,False,Skipped,,,,,False,
4,2026,2026-10-04 00:00:00+00:00,M.Pittman,Michael Pittman,WR,IND,WAS,False,receiving_tds,anytime,0.5,0.25,0.75,UNDER,0.75,False,0.0,0.0,0.3,➡️,False,Skipped,,,,,False,
4,2026,2026-10-04 00:00:00+00:00,M.Alie-Cox,Mo Alie-Cox,TE,IND,WAS,False,receiving_tds,anytime,0.5,0.25,0.75,UNDER,0.75,False,0.3333333333333333,0.2,0.1,➡️,False,Skipped,,,,,False,
4,2026,2026-10-04 00:00:00+00:00,J.Downs,Josh Downs,WR,IND,WAS,False,receiving_tds,anytime,0.5,0.25,0.75,UNDER,0.75,False,0.3333333333333333,0.2,0.4,❄️,False,Skipped,,,,,False,
4,2026,2026-10-04 00:00:00+00:00,C.McCaffrey,Christian McCaffrey,RB,SF,DEN,True,rushing_tds,star_rb,0.5,0.75,0.25,OVER,0.75,False,0.6666666666666666,0.8,0.9,❄️,False,Skipped,,,,,False,
4,2026,2026-10-04 00:00:00+00:00,B.Robinson,Bijan Robinson,RB,SF,DEN,True,rushing_tds,anytime,0.5,0.25,0.75,UNDER,0.75,False,0.0,0.0,0.2,➡️,False,Skipped,,,,,False,
4,2026,2026-10-04 00:00:00+00:00,K.Bourne,Kendrick Bourne,WR,SF,DEN,True,receptions,starter,3.5,0.25,0.75,UNDER,0.75,False,2.0,1.4,2.9,🔥,False,Skipped,,,,,False,
4,2026,2026-10-04 00:00:00+00:00,J.Ruckert,Jeremy Ruckert,TE,NYJ,CHI,False,receiving_tds,anytime,0.5,0.25,0.75,UNDER,0.75,False,0.0,0.0,0.0,➡️,False,Skipped,,,,,False,
4,2026,2026-10-04 00:00:00+00:00,E.Demercado,Emari Demercado,RB,ARI,NYG,False,rushing_tds,anytime,0.5,0.25,0.75,UNDER,0.75,False,0.0,0.0,0.0,➡️,False,Skipped,,,,,False,
4,2026,2026-10-04 00:00:00+00:00,C.Kiner,Corey Kiner,RB,ARI,NYG,False,rushing_tds,anytime,0.5,0.25,0.75,UNDER,0.75,False,0.0,0.0,0.0,➡️,False,Skipped,,,,,False,
4,2026,2026-10-04 00:00:00+00:00,X.Weaver,Xavier Weaver,WR,ARI,NYG,False,receiving_tds,anytime,0.5,0.25,0.75,UNDER,0.75,False,0.0,0.0,0.0,➡️,False,Skipped,,,,,False,
4,2026,2026-10-04 00:00:00+00:00,X.Weaver,Xavier Weaver,WR,ARI,NYG,False,receiving_yards,starter,27.0,0.25,0.75,UNDER,0.75,True,9.333333333333334,8.6,6.142857142857143,🔥,False,Skipped,,,,,False,
4,2026,2026-10-04 00:00:00+00:00,S.Tucker,Sean Tucker,RB,TB,GB,True,rushing_yards,starter,24.0,0.25,0.75,UNDER,0.75,True,6.0,9.4,29.4,❄️,False,Skipped,,,,,False,
4,2026,2026-10-04 00:00:00+00:00,K.Bourne,Kendrick Bourne,WR,SF,DEN,True,receiving_tds,anytime,0.5,0.25,0.75,UNDER,0.75,False,0.0,0.0,0.0,➡️,False,Skipped,,,,,False,
4,2026,2026-10-04 00:00:00+00:00,D.Douglas,DeMario Douglas,WR,NE,BUF,False,receptions,starter,3.5,0.25,0.75,UNDER,0.75,False,1.6666666666666667,1.8,2.2,❄️,False,Skipped,,,,,False,
4,2026,2026-10-04 00:00:00+00:00,D.Douglas,DeMario Douglas,WR,NE,BUF,False,receiving_tds,anytime,0.5,0.25,0.75,UNDER,0.75,False,0.0,0.0,0.2,➡️,False,Skipped,,,,,False,
4,2026,2026-10-04 00:00:00+00:00,E.Demercado,Emari Demercado,RB,ARI,NYG,False,receptions,starter,3.5,0.25,0.75,UNDER,0.75,False,1.3333333333333333,1.8,1.6,❄️,False,Skipped,,,,,False,
4,2026,2026-10-04 00:00:00+00:00,M.Bandy,Michael Bandy,WR,DEN,SF,False,receiving_tds,anytime,0.5,0.25,0.75,UNDER,0.75,False,0.3333333333333333,0.2,0.1111111111111111,➡️,False,Skipped,,,,,False,
4,2026,2026-10-04 00:00:00+00:00,T.Badie,Tyler Badie,RB,DEN,SF,False,rushing_tds,anytime,0.5,0.25,0.75,UNDER,0.75,False,0.0,0.0,0.0,➡️,False,Skipped,,,,,False,
4,2026,2026-10-04 00:00:00+00:00,T.Lockett,Tyler Lockett,WR,LV,KC,True,receiving_yards,starter,27.0,0.25,0.75,UNDER,0.75,True,8.333333333333334,15.4,23.4,❄️,False,Skipped,,,,,False,
4,2026,2026-10-04 00:00:00+00:00,A.Bachman,Alex Bachman,WR,LV,KC,True,receiving_tds,anytime,0.5,0.25,0.75,UNDER,0.75,False,0.0,0.0,0.0,➡️,False,Skipped,,,,,False,
4,2026,2026-10-04 00:00:00+00:00,M.Mayer,Michael Mayer,TE,LV,KC,True,receiving_tds,anytime,0.5,0.25,0.75,UNDER,0.75,False,0.0,0.0,0.1,➡️,False,Skipped,,,,,False,
4,2026,2026-10-04 00:00:00+00:00,Z.White,ZaQuandre White,RB,LV,KC,True,rushing_tds,anytime,0.5,0.25,0.75,UNDER,0.75,False,0.0,0.0,0.1,➡️,False,Skipped,,,,,False,
4,2026,2026-10-04 00:00:00+00:00,Z.White,ZaQuandre White,RB,LV,KC,True,rushing_yards,starter,24.0,0.25,0.75,UNDER,0.75,True,6.333333333333333,7.2,14.2,🔥,False,Skipped,,,,,False,
4,2026,2026-10-04 00:00:00+00:00,A.Jeanty,Ashton Jeanty,RB,LV,KC,True,rushing_tds,anytime,0.5,0.25,0.75,UNDER,0.75,False,0.3333333333333333,0.2,0.2,➡️,False,Skipped,,,,,False,
4,2026,2026-10-04 00:00:00+00:00,O.Zaccheaus,Olamide Zaccheaus,WR,CHI,NYJ,True,receiving_yards,starter,27.0,0.25,0.75,UNDER,0.75,True,8.666666666666666,7.4,20.2,🔥,False,Skipped,,,,,False,
4,2026,2026-10-04 00:00:00+00:00,D.Thornton,Dont'e Thornton Jr.,WR,LV,KC,True,receiving_yards,starter,27.0,0.25,0.75,UNDER,0.75,True,12.333333333333334,8.2,13.5,🔥,False,Skipped,,,,,False,
4,2026,2026-10-04 00:00:00+00:00,L.Humphrey,Lil'Jordan Humphrey,WR,DEN,SF,False,receiving_yards,starter,27.0,0.25,0.75,UNDER,0.75,True,26.0,15.6,21.5,🔥,False,Skipped,,,,,False,
4,2026,2026-10-04 00:00:00+00:00,I.Hodgins,Isaiah Hodgins,WR,NYG,ARI,True,receiving_tds,anytime,0.5,0.25,0.75,UNDER,0.75,False,0.0,0.2,0.1,❄️,False,Skipped,,,,,False,
4,2026,2026-10-04 00:00:00+00:00,D.Slayton,Darius Slayton,WR,NYG,ARI,True,receptions,starter,3.5,0.25,0.75,UNDER,0.75,False,2.333333333333333,2.0,2.7,➡️,False,Skipped,,,,,False,
4,2026,2026-10-04 00:00:00+00:00,D.Slayton,Darius Slayton,WR,NYG,ARI,True,receiving_tds,anytime,0.5,0.25,0.75,UNDER,0.75,False,0.0,0.2,0.1,❄️,False,Skipped,,,,,False,
4,2026,2026-10-04 00:00:00+00:00,T.Johnson,Tez Johnson,WR,NYG,ARI,True,receiving_tds,anytime,0.5,0.25,0.75,UNDER,0.75,False,0.0,0.0,0.4,➡️,False,Skipped,,,,,False,
4,2026,2026-10-04 00:00:00+00:00,C.Manhertz,Chris Manhertz,TE,NYG,ARI,True,receiving_tds,anytime,0.5,0.25,0.75,UNDER,0.75,False,0.0,0.2,0.1,❄️,False,Skipped,,,,,False,
4,2026,2026-10-04 00:00:00+00:00,D.Bellinger,Daniel Bellinger,TE,NYG,ARI,True,receptions,starter,3.5,0.25,0.75,UNDER,0.75,False,1.6666666666666667,1.2,1.6,🔥,False,Skipped,,,,,False,
4,2026,2026-10-04 00:00:00+00:00,D.Thornton,Dont'e Thornton Jr.,WR,LV,KC,True,receiving_tds,anytime,0.5,0.25,0.75,UNDER,0.75,False,0.0,0.0,0.0,➡️,False,Skipped,,,,,False,
4,2026,2026-10-04 00:00:00+00:00,D.Duvernay,Devin Duvernay,WR,CHI,NYJ,True,receiving_tds,anytime,0.5,0.25,0.75,UNDER,0.75,False,0.0,0.0,0.0,➡️,False,Skipped,,,,,False,
4,2026,2026-10-04 00:00:00+00:00,P.Washington,Parker Washington,WR,JAX,CIN,False,receiving_yards,star_wr,50.0,0.75,0.25,OVER,0.75,False,104.33333333333331,82.0,63.4,🔥,False,Skipped,73.5,draftkings,0.5,,True,
4,2026,2026-10-04 00:00:00+00:00,H.Luepke,Hunter Luepke,RB,DAL,HOU,False,rushing_tds,anytime,0.5,0.25,0.75,UNDER,0.75,False,0.0,0.0,0.0,➡️,False,Skipped,,,,,False,
4,2026,2026-10-04 00:00:00+00:00,X.Hutchinson,Xavier Hutchinson,WR,HOU,DAL,True,receptions,starter,3.5,0.25,0.75,UNDER,0.75,False,1.3333333333333333,1.2,2.1,🔥,False,Skipped,,,,,False,
4,2026,2026-10-04 00:00:00+00:00,X.Hutchinson,Xavier Hutchinson,WR,HOU,DAL,True,receiving_tds,anytime,0.5,0.25,0.75,UNDER,0.75,False,0.0,0.0,0.3,➡️,False,Skipped,,,,,False,
4,2026,2026-10-04 00:00:00+00:00,X.Hutchinson,Xavier Hutchinson,WR,HOU,DAL,True,receiving_yards,starter,27.0,0.25,0.75,UNDER,0.75,True,13.666666666666666,16.0,25.2,🔥,False,Skipped,,,,,False,
4,2026,2026-10-04 00:00:00+00:00,D.Ogunbowale,Dare Ogunbowale,RB,HOU,DAL,True,rushing_tds,anytime,0.5,0.25,0.75,UNDER,0.75,False,0.3333333333333333,0.2,0.1,❄️,False,Skipped,,,,,False,
4,2026,2026-10-04 00:00:00+00:00,W.Marks,Woody Marks,RB,HOU,DAL,True,rushing_tds,anytime,0.5,0.25,0.75,UNDER,0.75,False,0.0,0.0,0.1,➡️,False,Skipped,,,,,False,
4,2026,2026-10-04 00:00:00+00:00,O.Zaccheaus,Olamide Zaccheaus,WR,CHI,NYJ,True,receptions,starter,3.5,0.25,0.75,UNDER,0.75,False,1.3333333333333333,1.2,2.8,➡️,False,Skipped,,,,,False,
4,2026,2026-10-04 00:00:00+00:00,C.Kirk,Christian Kirk,WR,HOU,DAL,True,receiving_tds,anytime,0.5,0.25,0.75,UNDER,0.75,False,0.0,0.2,0.1,❄️,False,Skipped,,,,,False,
4,2026,2026-10-04 00:00:00+00:00,S.Smartt,Stone Smartt,TE,NYJ,CHI,False,receiving_tds,anytime,0.5,0.25,0.75,UNDER,0.75,False,0.0,0.0,0.0,➡️,False,Skipped,,,,,False,
4,2026,2026-10-04 00:00:00+00:00,I.Davis,Isaiah Davis,RB,NYJ,CHI,False,rushing_tds,anytime,0.5,0.25,0.75,UNDER,0.75,False,0.3333333333333333,0.2,0.1,➡️,False,Skipped,,,,,False,
4,2026,2026-10-04 00:00:00+00:00,A.Dillon,AJ Dillon,RB,PHI,LA,True,rushing_tds,anytime,0.5,0.25,0.75,UNDER,0.75,False,0.0,0.0,0.1,➡️,False,Skipped,,,,,False,
4,2026,2026-10-04 00:00:00+00:00,J.Metchie,John Metchie III,WR,NYJ,CHI,False,receiving_tds,anytime,0.5,0.25,0.75,UNDER,0.75,False,0.0,0.0,0.2,➡️,False,Skipped,,,,,False,
4,2026,2026-10-04 00:00:00+00:00,T.Johnson,Tez Johnson,WR,NYJ,CHI,False,receiving_tds,anytime,0.5,0.25,0.75,UNDER,0.75,False,0.3333333333333333,0.2,0.2,❄️,False,Skipped,,,,,False,
4,2026,2026-10-04 00:00:00+00:00,B.Cook,Brady Cook,QB,NYJ,CHI,False,passing_tds,starter,0.5,0.25,0.75,UNDER,0.75,False,0.3333333333333333,0.25,0.25,❄️,False,Skipped,,,,,False,
4,2026,2026-10-04 00:00:00+00:00,C.Kmet,Cole Kmet,TE,CHI,NYJ,True,receiving_tds,anytime,0.5,0.25,0.75,UNDER,0.75,False,0.0,0.2,0.1,❄️,False,Skipped,,,,,False,
4,2026,2026-10-04 00:00:00+00:00,J.Noel,Jaylin Noel,WR,HOU,DAL,True,receiving_tds,anytime,0.5,0.25,0.75,UNDER,0.75,False,0.3333333333333333,0.2,0.2,➡️,False,Skipped,,,,,False,
4,2026,2026-10-04 00:00:00+00:00,J.Addison,Jordan Addison,WR,MIN,MIA,True,receptions,starter,3.5,0.2553969621658325,0.7446030378341675,UNDER,0.7446030378341675,False,1.3333333333333333,2.6,2.3,❄️,False,Skipped,,,,,False,
4,2026,2026-10-04 00:00:00+00:00,C.Loveland,Colston Loveland,TE,CHI,NYJ,True,receiving_yards,good_wr,35.0,0.7429741621017456,0.2570258378982544,OVER,0.7429741621017456,False,62.333333333333336,48.8,54.4,🔥,False,Skipped,,,,,False,
4,2026,2026-10-04 00:00:00+00:00,J.Meyers,Jakobi Meyers,WR,JAX,CIN,False,receiving_yards,star_wr,50.0,0.7422190308570862,0.2577809691429138,OVER,0.7422190308570862,False,51.66666666666666,56.8,50.1,❄️,False,Skipped,39.5,draftkings,0.5042122999157539,,True,
4,2026,2026-10-04 00:00:00+00:00,B.Bowers,Brock Bowers,TE,LV,KC,True,receiving_tds,star_wr,0.5,0.7413541674613953,0.25864583253860474,OVER,0.7413541674613953,False,1.0,0.6,0.6,➡️,False,Skipped,,,,,False,
4,2026,2026-10-04 00:00:00+00:00,R.Pearsall,Ricky Pearsall,WR,SF,DEN,True,receptions,starter,3.5,0.7337029576301575,0.26629704236984253,OVER,0.7337029576301575,False,3.333333333333333,3.0,4.5,🔥,False,Skipped,,,,,False,
4,2026,2026-10-04 00:00:00+00:00,J.Ruckert,Jeremy Ruckert,TE,NYJ,CHI,False,receptions,starter,3.5,0.26745057106018066,0.7325494289398193,UNDER,0.7325494289398193,False,2.0,2.4,1.9,❄️,False,Skipped,,,,,False,
4,2026,2026-10-04 00:00:00+00:00,R.Pearsall,Ricky Pearsall,WR,SF,DEN,True,receiving_yards,good_wr,35.0,0.7305940389633179,0.26940596103668213,OVER,0.7305940389633179,False,38.66666666666666,32.4,65.3,🔥,False,Skipped,,,,,False,
4,2026,2026-10-04 00:00:00+00:00,J.Williams,Jamaal Williams,RB,DAL,HOU,False,rushing_tds,anytime,0.5,0.7304787039756775,0.2695212960243225,OVER,0.7304787039756775,False,0.6666666666666666,0.4,0.5,🔥,False,Skipped,,,,,False,
4,2026,2026-10-04 00:00:00+00:00,S.Barkley,Saquon Barkley,RB,PHI,LA,True,rushing_tds,anytime,0.5,0.7288159132003784,0.2711840867996216,OVER,0.7288159132003784,False,1.0,0.6,0.4,🔥,False,Skipped,,,,,False,
4,2026,2026-10-04 00:00:00+00:00,K.Raymond,Kalif Raymond,WR,DET,CAR,False,receptions,starter,3.5,0.27124232053756714,0.7287576794624329,UNDER,0.7287576794624329,False,2.0,2.4,1.9,➡️,False,Skipped,,,,,False,
4,2026,2026-10-04 00:00:00+00:00,D.Waller,Darren Waller,TE,MIA,MIN,False,receiving_yards,starter,27.0,0.726495623588562,0.273504376411438,OVER,0.726495623588562,True,39.66666666666666,35.6,41.1,🔥,False,Skipped,,,,,False,
4,2026,2026-10-04 00:00:00+00:00,L.McConkey,Ladd McConkey,WR,LAC,SEA,False,receiving_yards,good_wr,35.0,0.7258927822113037,0.2741072177886963,OVER,0.7258927822113037,False,25.0,25.4,54.5,🔥,False,Skipped,,,,,False,
4,2026,2026-10-01 00:00:00+00:00,A.Rodgers,Aaron Rodgers,QB,PIT,CLE,False,passing_tds,starter,0.5,0.7235180139541626,0.2764819860458374,OVER,0.7235180139541626,False,1.3333333333333333,1.0,1.5,🔥,False,Skipped,,,,,False,
4,2026,2026-10-04 00:00:00+00:00,J.Ruckert,Jeremy Ruckert,TE,NYJ,CHI,False,receiving_yards,starter,27.0,0.2774563133716583,0.7225437164306641,UNDER,0.7225437164306641,True,15.333333333333334,16.2,14.5,❄️,False,Skipped,,,,,False,
4,2026,2026-10-04 00:00:00+00:00,T.Kelce,Travis Kelce,TE,KC,LV,False,receiving_yards,starter,27.0,0.722412645816803,0.277587354183197,OVER,0.722412645816803,True,37.333333333333336,33.0,51.8,❄️,False,Skipped,,,,,False,
4,2026,2026-10-04 00:00:00+00:00,J.Dobbs,Joshua Dobbs,QB,NE,BUF,False,passing_tds,starter,0.5,0.27933943271636963,0.7206605672836304,UNDER,0.7206605672836304,False,0.0,0.4,0.7,➡️,False,Skipped,,,,,False,
4,2026,2026-10-04 00:00:00+00:00,T.Wease,Theo Wease Jr.,WR,MIA,MIN,False,receiving_yards,good_wr,35.0,0.279936283826828,0.7200636863708496,UNDER,0.7200636863708496,False,47.5,47.5,47.5,➡️,False,Skipped,,,,,False,
4,2026,2026-10-04 00:00:00+00:00,I.Hodgins,Isaiah Hodgins,WR,NYG,ARI,True,receiving_yards,starter,27.0,0.28054022789001465,0.7194597721099854,UNDER,0.7194597721099854,True,5.333333333333333,23.0,18.1,❄️,False,Skipped,,,,,False,
4,2026,2026-10-04 00:00:00+00:00,T.McMillan,Tetairoa McMillan,WR,CAR,DET,True,receiving_yards,star_wr,50.0,0.718137264251709,0.281862735748291,OVER,0.718137264251709,False,34.333333333333336,36.2,54.9,🔥,False,Skipped,,,,,False,
4,2026,2026-10-04 00:00:00+00:00,T.McLaurin,Terry McLaurin,WR,WAS,IND,True,receptions,starter,3.5,0.7169104814529419,0.2830895185470581,OVER,0.7169104814529419,False,3.6666666666666665,4.2,3.7,➡️,False,Skipped,4.5,draftkings,0.4916850288945246,,True,
4,2026,2026-10-04 00:00:00+00:00,G.Davis,Gabe Davis,WR,BUF,NE,True,receiving_yards,starter,27.0,0.28353431820869446,0.7164657115936279,UNDER,0.7164657115936279,True,8.666666666666666,17.6,20.6,➡️,False,Skipped,,,,,False,
4,2026,2026-10-01 00:00:00+00:00,D.Metcalf,DK Metcalf,WR,PIT,CLE,False,receptions,starter,3.5,0.7155230641365051,0.2844769358634949,OVER,0.7155230641365051,False,4.333333333333333,4.6,4.0,➡️,False,Skipped,3.5,draftkings,0.5145711906744379,0.20095187346206722,True,
4,2026,2026-10-04 00:00:00+00:00,M.Pittman,Michael Pittman,WR,IND,WAS,False,receiving_yards,starter,27.0,0.7065688371658325,0.2934311628341675,OVER,0.7065688371658325,True,24.666666666666668,33.2,48.0,❄️,False,Skipped,32.5,draftkings,0.4978941161605526,,True,
4,2026,2026-10-04 00:00:00+00:00,T.Johnson,Tez Johnson,WR,NYG,ARI,True,receiving_yards,starter,27.0,0.7058349251747131,0.29416507482528687,OVER,0.7058349251747131,True,59.333333333333336,57.8,46.2,❄️,False,Skipped,,,,,False,
4,2026,2026-10-04 00:00:00+00:00,J.Burrow,Joe Burrow,QB,CIN,JAX,True,passing_yards,good_qb,225.0,0.7057911157608032,0.2942088842391968,OVER,0.7057911157608032,False,279.6666666666667,276.8,251.4,➡️,False,Skipped,265.5,draftkings,0.5,,True,
4,2026,2026-10-04 00:00:00+00:00,C.McCaffrey,Christian McCaffrey,RB,SF,DEN,True,receptions,good_wr,4.5,0.7053669691085815,0.29463303089141846,OVER,0.7053669691085815,False,3.6666666666666665,4.4,5.0,🔥,False,Skipped,,,,,False,
4,2026,2026-10-01 00:00:00+00:00,H.Fannin,Harold Fannin Jr.,TE,CLE,PIT,True,receiving_tds,good_wr,0.5,0.7048135995864868,0.2951864004135132,OVER,0.7048135995864868,False,0.6666666666666666,0.6,0.4,➡️,False,Skipped,,,,,False,
4,2026,2026-10-05 00:00:00+00:00,B.Robinson,Bijan Robinson,RB,ATL,NO,False,rushing_tds,anytime,0.5,0.704655110836029,0.29534488916397095,OVER,0.704655110836029,False,0.6666666666666666,0.6,0.5,❄️,False,Skipped,,,,,False,
4,2026,2026-10-04 00:00:00+00:00,X.Smith,Xavier Smith,WR,LA,PHI,False,receptions,starter,3.5,0.2956732213497162,0.7043267488479614,UNDER,0.7043267488479614,False,2.333333333333333,2.2,1.9,🔥,False,Skipped,,,,,False,
4,2026,2026-10-01 00:00:00+00:00,J.Warren,Jaylen Warren,RB,PIT,CLE,False,rushing_tds,good_rb,0.5,0.7041047215461731,0.2958952784538269,OVER,0.7041047215461731,False,0.6666666666666666,0.8,0.6,➡️,False,Skipped,,,,,False,
4,2026,2026-10-04 00:00:00+00:00,D.Hopkins,DeAndre Hopkins,WR,BAL,TEN,True,receiving_yards,starter,27.0,0.2966023087501526,0.7033976912498474,UNDER,0.7033976912498474,True,24.33333333333333,22.2,17.2,🔥,False,Skipped,,,,,False,
4,2026,2026-10-04 00:00:00+00:00,C.Watson,Christian Watson,WR,GB,TB,False,receiving_yards,star_wr,50.0,0.7019674777984619,0.2980325222015381,OVER,0.7019674777984619,False,45.0,52.8,49.8,❄️,False,Skipped,,,,,False,
4,2026,2026-10-04 00:00:00+00:00,D.Mills,Davis Mills,QB,HOU,DAL,True,passing_tds,starter,0.5,0.298404335975647,0.701595664024353,UNDER,0.701595664024353,False,1.6666666666666667,1.0,0.5,🔥,False,Skipped,,,,,False,
4,2026,2026-10-04 00:00:00+00:00,J.Jennings,Jauan Jennings,WR,SF,DEN,True,receiving_yards,good_wr,35.0,0.6984601020812988,0.30153989791870117,OVER,0.6984601020812988,False,50.0,46.0,47.2,🔥,False,Skipped,,,,,False,
4,2026,2026-10-04 00:00:00+00:00,B.Melton,Bo Melton,WR,GB,TB,False,receiving_yards,starter,27.0,0.3019741475582123,0.6980258226394653,UNDER,0.6980258226394653,True,26.33333333333333,21.4,16.0,❄️,False,Skipped,,,,,False,
4,2026,2026-10-04 00:00:00+00:00,M.Hollins,Mack Hollins,WR,NE,BUF,False,receiving_yards,good_wr,35.0,0.6973474025726318,0.30265259742736816,OVER,0.6973474025726318,False,31.33333333333333,52.8,44.3,❄️,False,Skipped,,,,,False,
4,2026,2026-10-04 00:00:00+00:00,C.Loveland,Colston Loveland,TE,CHI,NYJ,True,receptions,good_wr,4.5,0.6970422267913818,0.30295777320861816,OVER,0.6970422267913818,False,4.333333333333333,4.0,4.0,🔥,False,Skipped,,,,,False,
4,2026,2026-10-04 00:00:00+00:00,B.Sinnott,Ben Sinnott,TE,WAS,IND,True,receiving_yards,starter,27.0,0.30426040291786194,0.6957396268844604,UNDER,0.6957396268844604,True,23.33333333333333,16.4,14.4,❄️,False,Skipped,,,,,False,
4,2026,2026-10-04 00:00:00+00:00,W.Robinson,Wan'Dale Robinson,WR,NYG,ARI,True,receiving_tds,anytime,0.5,0.6956841349601746,0.30431586503982544,OVER,0.6956841349601746,False,0.3333333333333333,0.4,0.3,➡️,False,Skipped,,,,,False,
4,2026,2026-10-04 00:00:00+00:00,D.Schultz,Dalton Schultz,TE,HOU,DAL,True,receiving_tds,anytime,0.5,0.6955479979515076,0.30445200204849243,OVER,0.6955479979515076,False,0.6666666666666666,0.4,0.3,➡️,False,Skipped,,,,,False,
4,2026,2026-10-04 00:00:00+00:00,K.Shakir,Khalil Shakir,WR,BUF,NE,True,receiving_yards,starter,27.0,0.6945559978485107,0.30544400215148926,OVER,0.6945559978485107,True,38.333333333333336,39.4,41.6,🔥,False,Skipped,,,,,False,
4,2026,2026-10-04 00:00:00+00:00,M.Trubisky,Mitchell Trubisky,QB,BUF,NE,True,passing_tds,starter,0.5,0.3067239820957184,0.693276047706604,UNDER,0.693276047706604,False,0.3333333333333333,0.4,0.5,🔥,False,Skipped,,,,,False,
4,2026,2026-10-04 00:00:00+00:00,E.Chism,Efton Chism III,WR,NE,BUF,False,receiving_tds,anytime,0.5,0.30771270394325256,0.6922873258590698,UNDER,0.6922873258590698,False,1.0,1.0,1.0,➡️,False,Skipped,,,,,False,
4,2026,2026-10-04 00:00:00+00:00,Q.Ewers,Quinn Ewers,QB,MIA,MIN,False,passing_yards,starter,200.0,0.30855074524879456,0.6914492845535278,UNDER,0.6914492845535278,True,161.66666666666666,161.66666666666666,161.66666666666666,➡️,False,Skipped,,,,,False,
4,2026,2026-10-04 00:00:00+00:00,D.Prescott,Dak Prescott,QB,DAL,HOU,False,passing_yards,star_qb,250.0,0.6913947463035583,0.30860525369644165,OVER,0.6913947463035583,False,281.6666666666667,308.2,286.5,❄️,False,Skipped,,,,,False,
4,2026,2026-10-04 00:00:00+00:00,S.Diggs,Stefon Diggs,WR,NE,BUF,False,receiving_yards,star_wr,50.0,0.6906908750534058,0.30930912494659424,OVER,0.6906908750534058,False,88.33333333333333,62.2,58.3,🔥,False,Skipped,,,,,False,
4,2026,2026-10-04 00:00:00+00:00,M.Stafford,Matthew Stafford,QB,LA,PHI,False,passing_yards,elite_qb,275.0,0.6905285716056824,0.3094714283943176,OVER,0.6905285716056824,False,364.6666666666667,323.6,276.4,➡️,False,Skipped,,,,,False,
4,2026,2026-10-04 00:00:00+00:00,O.Hampton,Omarion Hampton,RB,LAC,SEA,False,rushing_tds,good_rb,0.5,0.6904110312461853,0.3095889687538147,OVER,0.6904110312461853,False,0.3333333333333333,0.4,0.375,🔥,False,Skipped,,,,,False,
4,2026,2026-10-04 00:00:00+00:00,C.Rodriguez,Chris Rodriguez Jr.,RB,WAS,IND,True,rushing_tds,good_rb,0.5,0.689716637134552,0.310283362865448,OVER,0.689716637134552,False,0.6666666666666666,0.6,0.5,➡️,False,Skipped,,,,,False,
4,2026,2026-10-04 00:00:00+00:00,T.Patrick,Tim Patrick,WR,JAX,CIN,False,receiving_yards,starter,27.0,0.3119245767593384,0.6880754232406616,UNDER,0.6880754232406616,True,29.666666666666668,20.0,16.7,❄️,False,Skipped,,,,,False,
4,2026,2026-10-04 00:00:00+00:00,T.Pollard,Tony Pollard,RB,TEN,BAL,False,rushing_tds,anytime,0.5,0.686763346195221,0.31323665380477905,OVER,0.686763346195221,False,0.3333333333333333,0.6,0.3,❄️,False,Skipped,,,,,False,
4,2026,2026-10-04 00:00:00+00:00,C.Kmet,Cole Kmet,TE,CHI,NYJ,True,receptions,starter,3.5,0.31477606296539307,0.6852239370346069,UNDER,0.6852239370346069,False,2.0,2.2,2.0,➡️,False,Skipped,,,,,False,
4,2026,2026-10-05 00:00:00+00:00,K.Pitts,Kyle Pitts,TE,ATL,NO,False,receiving_tds,good_wr,0.5,0.6851301789283752,0.31486982107162476,OVER,0.6851301789283752,False,1.3333333333333333,0.8,0.4,❄️,False,Skipped,,,,,False,
4,2026,2026-10-04 00:00:00+00:00,J.Brissett,Jacoby Brissett,QB,ARI,NYG,False,passing_yards,elite_qb,275.0,0.6849985718727112,0.3150014281272888,OVER,0.6849985718727112,False,221.33333333333331,247.2,280.3,➡️,False,Skipped,,,,,False,
4,2026,2026-10-04 00:00:00+00:00,C.Stover,Cade Stover,TE,HOU,DAL,True,receptions,starter,3.5,0.3206946849822998,0.6793053150177002,UNDER,0.6793053150177002,False,2.333333333333333,2.2,2.0,➡️,False,Skipped,,,,,False,
4,2026,2026-10-04 00:00:00+00:00,I.Pacheco,Isiah Pacheco,RB,KC,LV,False,rushing_yards,starter,24.0,0.6772481203079224,0.32275187969207764,OVER,0.6772481203079224,True,28.33333333333333,31.8,38.3,➡️,False,Skipped,,,,,False,
4,2026,2026-10-04 00:00:00+00:00,A.Jones,Aaron Jones,RB,MIN,MIA,True,receptions,starter,3.5,0.3239927291870117,0.6760072708129883,UNDER,0.6760072708129883,False,1.6666666666666667,2.4,2.2,➡️,False,Skipped,,,,,False,
4,2026,2026-10-04 00:00:00+00:00,H.Henry,Hunter Henry,TE,NE,BUF,False,receiving_yards,good_wr,35.0,0.6757537126541138,0.32424628734588623,OVER,0.6757537126541138,False,34.0,58.0,43.5,❄️,False,Skipped,,,,,False,
4,2026,2026-10-04 00:00:00+00:00,B.Nix,Bo Nix,QB,DEN,SF,False,passing_yards,good_qb,225.0,0.6753578782081604,0.3246421217918396,OVER,0.6753578782081604,False,278.6666666666667,273.8,251.3,➡️,False,Skipped,,,,,False,
4,2026,2026-10-04 00:00:00+00:00,R.Flournoy,Ryan Flournoy,WR,DAL,HOU,False,receiving_yards,starter,27.0,0.6747957468032837,0.3252042531967163,OVER,0.6747957468032837,True,57.66666666666666,41.4,37.2,➡️,False,Skipped,,,,,False,
4,2026,2026-10-04 00:00:00+00:00,A.Dillon,AJ Dillon,RB,PHI,LA,True,receptions,starter,3.5,0.3253817558288574,0.6746182441711426,UNDER,0.6746182441711426,False,1.6666666666666667,2.4,2.1,➡️,False,Skipped,,,,,False,
4,2026,2026-10-05 00:00:00+00:00,D.Pettis,Dante Pettis,WR,NO,ATL,True,receiving_yards,starter,27.0,0.32748740911483765,0.6725125908851624,UNDER,0.6725125908851624,True,22.33333333333333,22.0,17.9,🔥,False,Skipped,,,,,False,
4,2026,2026-10-04 00:00:00+00:00,Q.Johnston,Quentin Johnston,WR,LAC,SEA,False,receiving_yards,good_wr,35.0,0.6724225282669067,0.32757747173309326,OVER,0.6724225282669067,False,45.0,35.4,48.7,🔥,False,Skipped,,,,,False,
4,2026,2026-10-04 00:00:00+00:00,D.Mills,Davis Mills,QB,HOU,DAL,True,passing_yards,starter,200.0,0.32767927646636963,0.6723207235336304,UNDER,0.6723207235336304,True,239.66666666666663,175.8,109.7,➡️,False,Skipped,,,,,False,
4,2026,2026-10-04 00:00:00+00:00,T.McMillan,Tetairoa McMillan,WR,CAR,DET,True,receptions,starter,3.5,0.6707773208618164,0.3292226791381836,OVER,0.6707773208618164,False,3.0,2.4,3.9,🔥,False,Skipped,,,,,False,
4,2026,2026-10-04 00:00:00+00:00,R.Stevenson,Rhamondre Stevenson,RB,NE,BUF,False,rushing_yards,good_rb,40.0,0.6691420078277588,0.3308579921722412,OVER,0.6691420078277588,True,49.333333333333336,38.6,38.5,🔥,False,Skipped,,,,,False,
4,2026,2026-10-04 00:00:00+00:00,D.Waller,Darren Waller,TE,MIA,MIN,False,receiving_tds,star_wr,0.5,0.6677215099334717,0.3322784900665283,OVER,0.6677215099334717,False,0.6666666666666666,0.6,0.6,🔥,False,Skipped,,,,,False,
4,2026,2026-10-04 00:00:00+00:00,A.Trautman,Adam Trautman,TE,DEN,SF,False,receiving_yards,starter,27.0,0.3327907919883728,0.6672092080116272,UNDER,0.6672092080116272,True,26.0,17.6,17.1,➡️,False,Skipped,,,,,False,
4,2026,2026-10-04 00:00:00+00:00,T.Lawrence,Trevor Lawrence,QB,JAX,CIN,False,passing_yards,star_qb,250.0,0.6670618057250977,0.33293819427490234,OVER,0.6670618057250977,False,290.6666666666667,269.0,242.8,➡️,False,Skipped,264.5,draftkings,0.5,,True,
4,2026,2026-10-04 00:00:00+00:00,J.Meyers,Jakobi Meyers,WR,JAX,CIN,False,receiving_tds,anytime,0.5,0.6668562889099121,0.3331437110900879,OVER,0.6668562889099121,False,0.0,0.4,0.3,❄️,False,Skipped,,,,,False,
4,2026,2026-10-04 00:00:00+00:00,T.Chandler,Ty Chandler,RB,MIN,MIA,True,receptions,starter,3.5,0.33316096663475037,0.6668390035629272,UNDER,0.6668390035629272,False,2.0,2.2,2.3,❄️,False,Skipped,,,,,False,
4,2026,2026-10-04 00:00:00+00:00,T.Franklin,Troy Franklin,WR,DEN,SF,False,receptions,starter,3.5,0.6652367115020752,0.3347632884979248,OVER,0.6652367115020752,False,4.666666666666667,3.8,4.1,❄️,False,Skipped,,,,,False,
4,2026,2026-10-04 00:00:00+00:00,C.Kiner,Corey Kiner,RB,ARI,NYG,False,rushing_yards,starter,24.0,0.33508968353271484,0.6649103164672852,UNDER,0.6649103164672852,True,15.0,15.0,15.0,➡️,False,Skipped,,,,,False,
4,2026,2026-10-04 00:00:00+00:00,J.Cook,James Cook,RB,BUF,NE,True,receptions,starter,3.5,0.33518919348716736,0.6648107767105103,UNDER,0.6648107767105103,False,1.6666666666666667,2.2,2.3,❄️,False,Skipped,,,,,False,
4,2026,2026-10-04 00:00:00+00:00,B.Strange,Brenton Strange,TE,JAX,CIN,False,receiving_yards,good_wr,35.0,0.6641649603843689,0.3358350396156311,OVER,0.6641649603843689,False,39.66666666666666,38.2,42.9,🔥,False,Skipped,,,,,False,
4,2026,2026-10-04 00:00:00+00:00,S.Diggs,Stefon Diggs,WR,NE,BUF,False,receptions,good_wr,4.5,0.6640334129333496,0.3359665870666504,OVER,0.6640334129333496,False,6.0,4.6,5.0,🔥,False,Skipped,,,,,False,
4,2026,2026-10-04 00:00:00+00:00,I.TeSlaa,Isaac TeSlaa,WR,DET,CAR,False,receiving_tds,good_wr,0.5,0.33791661262512207,0.6620833873748779,UNDER,0.6620833873748779,False,0.6666666666666666,0.8,0.5,➡️,False,Skipped,,,,,False,
4,2026,2026-10-04 00:00:00+00:00,C.Godwin,Chris Godwin,WR,TB,GB,True,receiving_tds,anytime,0.5,0.6606249809265137,0.33937501907348633,OVER,0.6606249809265137,False,0.6666666666666666,0.4,0.4,➡️,False,Skipped,,,,,False,
4,2026,2026-10-04 00:00:00+00:00,P.Rivers,Philip Rivers,QB,IND,WAS,False,passing_tds,star_qb,1.5,0.660336971282959,0.339663028717041,OVER,0.660336971282959,False,1.6666666666666667,1.4,1.8,➡️,False,Skipped,,,,,False,
4,2026,2026-10-04 00:00:00+00:00,P.Washington,Parker Washington,WR,JAX,CIN,False,receiving_tds,good_wr,0.5,0.659225344657898,0.34077465534210205,OVER,0.659225344657898,False,0.3333333333333333,0.4,0.3,🔥,False,Skipped,,,,,False,
4,2026,2026-10-04 00:00:00+00:00,R.Flournoy,Ryan Flournoy,WR,DAL,HOU,False,receptions,starter,3.5,0.6562342047691345,0.3437657952308655,OVER,0.6562342047691345,False,5.0,3.6,3.1,➡️,False,Skipped,,,,,False,
4,2026,2026-10-04 00:00:00+00:00,T.Lawrence,Trevor Lawrence,QB,JAX,CIN,False,passing_tds,elite_qb,2.5,0.655483603477478,0.344516396522522,OVER,0.655483603477478,False,2.6666666666666665,2.4,1.8,❄️,False,Skipped,,,,,False,
4,2026,2026-10-04 00:00:00+00:00,J.Downs,Josh Downs,WR,IND,WAS,False,receiving_yards,starter,27.0,0.6550281643867493,0.34497183561325073,OVER,0.6550281643867493,True,37.333333333333336,35.8,32.3,🔥,False,Skipped,64.5,draftkings,0.5021058838394474,,True,
4,2026,2026-10-04 00:00:00+00:00,G.Kittle,George Kittle,TE,SF,DEN,True,receiving_tds,good_wr,0.5,0.6549943685531616,0.3450056314468384,OVER,0.6549943685531616,False,0.6666666666666666,0.8,0.7,➡️,False,Skipped,,,,,False,
4,2026,2026-10-04 00:00:00+00:00,D.Maye,Drake Maye,QB,NE,BUF,False,passing_yards,star_qb,250.0,0.6539326906204224,0.34606730937957764,OVER,0.6539326906204224,False,263.6666666666667,273.4,268.1,➡️,False,Skipped,230.5,fanduel,0.5,,True,
4,2026,2026-10-04 00:00:00+00:00,K.Allen,Kazmeir Allen,RB,LAC,SEA,False,receptions,starter,3.5,0.6536804437637329,0.3463195562362671,OVER,0.6536804437637329,False,3.6666666666666665,3.6,4.1,➡️,False,Skipped,,,,,False,
4,2026,2026-10-04 00:00:00+00:00,D.Henry,Derrick Henry,RB,BAL,TEN,True,rushing_tds,elite_rb,1.5,0.6533895134925842,0.34661048650741577,OVER,0.6533895134925842,False,0.6666666666666666,1.0,0.8,🔥,False,Skipped,,,,,False,
4,2026,2026-10-04 00:00:00+00:00,Q.Johnston,Quentin Johnston,WR,LAC,SEA,False,receptions,starter,3.5,0.6532299518585205,0.3467700481414795,OVER,0.6532299518585205,False,3.0,2.8,3.8,🔥,False,Skipped,,,,,False,
4,2026,2026-10-04 00:00:00+00:00,M.Carter,Martez Carter,RB,ARI,NYG,False,rushing_yards,starter,24.0,0.6483289003372192,0.35167109966278076,OVER,0.6483289003372192,True,50.0,36.0,26.3,🔥,False,Skipped,,,,,False,
4,2026,2026-10-04 00:00:00+00:00,R.Stevenson,Rhamondre Stevenson,RB,NE,BUF,False,receptions,starter,3.5,0.35224828124046326,0.6477516889572144,UNDER,0.6477516889572144,False,3.333333333333333,2.8,2.0,🔥,False,Skipped,,,,,False,
4,2026,2026-10-04 00:00:00+00:00,M.Hollins,Mack Hollins,WR,NE,BUF,False,receptions,starter,3.5,0.6476609110832214,0.35233908891677856,OVER,0.6476609110832214,False,3.0,3.8,3.3,➡️,False,Skipped,,,,,False,
4,2026,2026-10-04 00:00:00+00:00,D.Waller,Darren Waller,TE,MIA,MIN,False,receptions,starter,3.5,0.6473719477653503,0.35262805223464966,OVER,0.6473719477653503,False,3.6666666666666665,3.0,3.5,🔥,False,Skipped,,,,,False,
4,2026,2026-10-04 00:00:00+00:00,B.Covey,Britain Covey,WR,PHI,LA,True,receptions,starter,3.5,0.35430195927619934,0.645698070526123,UNDER,0.645698070526123,False,2.333333333333333,2.2,2.2,❄️,False,Skipped,,,,,False,
4,2026,2026-10-04 00:00:00+00:00,T.Conklin,Tyler Conklin,TE,LAC,SEA,False,receiving_yards,starter,27.0,0.3545638620853424,0.64543616771698,UNDER,0.64543616771698,True,15.0,19.0,29.2,➡️,False,Skipped,,,,,False,
4,2026,2026-10-04 00:00:00+00:00,J.Downs,Josh Downs,WR,IND,WAS,False,receptions,starter,3.5,0.6452808976173401,0.3547191023826599,OVER,0.6452808976173401,False,3.333333333333333,3.2,3.4,🔥,False,Skipped,5.5,draftkings,0.44753115076785943,,True,
4,2026,2026-10-04 00:00:00+00:00,S.Smartt,Stone Smartt,TE,NYJ,CHI,False,receptions,starter,3.5,0.3555801808834076,0.64441978931427,UNDER,0.64441978931427,False,2.333333333333333,3.0,2.3,➡️,False,Skipped,,,,,False,
4,2026,2026-10-05 00:00:00+00:00,K.Austin,Kevin Austin Jr.,WR,NO,ATL,True,receiving_yards,starter,27.0,0.355735719203949,0.644264280796051,UNDER,0.644264280796051,True,34.333333333333336,23.2,20.0,🔥,False,Skipped,,,,,False,
4,2026,2026-10-04 00:00:00+00:00,R.Stevenson,Rhamondre Stevenson,RB,NE,BUF,False,rushing_tds,good_rb,0.5,0.6430236101150513,0.35697638988494873,OVER,0.6430236101150513,False,0.6666666666666666,0.4,0.5,➡️,False,Skipped,,,,,False,
4,2026,2026-10-04 00:00:00+00:00,J.Goff,Jared Goff,QB,DET,CAR,False,passing_yards,elite_qb,275.0,0.6420902609825134,0.3579097390174866,OVER,0.6420902609825134,False,299.6666666666667,292.8,284.3,➡️,False,Skipped,,,,,False,
4,2026,2026-10-04 00:00:00+00:00,C.Stroud,C.J. Stroud,QB,HOU,DAL,True,passing_tds,good_qb,1.5,0.6403197050094604,0.35968029499053955,OVER,0.6403197050094604,False,2.0,1.4,1.6,➡️,False,Skipped,,,,,False,
4,2026,2026-10-04 00:00:00+00:00,T.McLaurin,Terry McLaurin,WR,WAS,IND,True,receiving_tds,anytime,0.5,0.6392921209335327,0.3607078790664673,OVER,0.6392921209335327,False,0.3333333333333333,0.4,0.4,❄️,False,Skipped,,,,,False,
4,2026,2026-10-04 00:00:00+00:00,C.Otton,Cade Otton,TE,TB,GB,True,receptions,starter,3.5,0.6372257471084595,0.3627742528915405,OVER,0.6372257471084595,False,3.0,3.0,4.2,🔥,False,Skipped,,,,,False,
4,2026,2026-10-04 00:00:00+00:00,O.Gadsden,Oronde Gadsden II,TE,LAC,SEA,False,receiving_yards,starter,27.0,0.6366041898727417,0.3633958101272583,OVER,0.6366041898727417,True,33.333333333333336,26.8,49.7,❄️,False,Skipped,,,,,False,
4,2026,2026-10-04 00:00:00+00:00,T.Franklin,Troy Franklin,WR,DEN,SF,False,receiving_yards,good_wr,35.0,0.63593989610672,0.36406010389328003,OVER,0.63593989610672,False,56.0,40.0,45.9,❄️,False,Skipped,,,,,False,
4,2026,2026-10-04 00:00:00+00:00,B.Strange,Brenton Strange,TE,JAX,CIN,False,receptions,starter,3.5,0.6341978907585144,0.3658021092414856,OVER,0.6341978907585144,False,3.0,3.0,3.6,🔥,False,Skipped,,,,,False,
4,2026,2026-10-04 00:00:00+00:00,D.Schultz,Dalton Schultz,TE,HOU,DAL,True,receiving_yards,good_wr,35.0,0.6339734196662903,0.3660265803337097,OVER,0.6339734196662903,False,43.333333333333336,41.4,42.0,➡️,False,Skipped,,,,,False,
4,2026,2026-10-04 00:00:00+00:00,R.Doubs,Romeo Doubs,WR,GB,TB,False,receiving_yards,starter,27.0,0.632688581943512,0.36731141805648804,OVER,0.632688581943512,True,40.0,32.6,42.8,🔥,False,Skipped,,,,,False,
4,2026,2026-10-05 00:00:00+00:00,T.Allgeier,Tyler Allgeier,RB,ATL,NO,False,rushing_yards,starter,24.0,0.6324294209480286,0.36757057905197144,OVER,0.6324294209480286,True,40.0,34.8,29.5,🔥,False,Skipped,,,,,False,
4,2026,2026-10-01 00:00:00+00:00,D.Sampson,Dylan Sampson,RB,CLE,PIT,True,receptions,starter,3.5,0.3677428364753723,0.6322571635246277,UNDER,0.6322571635246277,False,3.333333333333333,2.2,2.0,🔥,False,Skipped,,,,,False,
4,2026,2026-10-04 00:00:00+00:00,D.Kincaid,Dalton Kincaid,TE,BUF,NE,True,receiving_yards,good_wr,35.0,0.6311759948730469,0.3688240051269531,OVER,0.6311759948730469,False,25.0,42.6,47.5,❄️,False,Skipped,,,,,False,
4,2026,2026-10-04 00:00:00+00:00,D.Maye,Drake Maye,QB,NE,BUF,False,passing_tds,star_qb,1.5,0.6303584575653076,0.3696415424346924,OVER,0.6303584575653076,False,2.333333333333333,2.0,2.0,🔥,False,Skipped,,,,,False,
4,2026,2026-10-04 00:00:00+00:00,J.Tolbert,Jalen Tolbert,WR,DAL,HOU,False,receiving_yards,starter,27.0,0.36975279450416565,0.6302472352981567,UNDER,0.6302472352981567,True,26.0,20.4,20.3,❄️,False,Skipped,,,,,False,
4,2026,2026-10-04 00:00:00+00:00,T.McMillan,Tetairoa McMillan,WR,CAR,DET,True,receiving_tds,good_wr,0.5,0.6294460296630859,0.37055397033691406,OVER,0.6294460296630859,False,0.3333333333333333,0.6,0.5,❄️,False,Skipped,,,,,False,
4,2026,2026-10-04 00:00:00+00:00,A.Barner,AJ Barner,TE,SEA,LAC,True,receptions,starter,3.5,0.628918468952179,0.37108153104782104,OVER,0.628918468952179,False,3.333333333333333,3.4,3.6,➡️,False,Skipped,,,,,False,
4,2026,2026-10-04 00:00:00+00:00,T.Pollard,Tony Pollard,RB,TEN,BAL,False,receptions,starter,3.5,0.3715916872024536,0.6284083127975464,UNDER,0.6284083127975464,False,1.3333333333333333,2.2,2.4,❄️,False,Skipped,,,,,False,
4,2026,2026-10-04 00:00:00+00:00,J.Flacco,Joe Flacco,QB,CIN,JAX,True,passing_yards,starter,200.0,0.3716994822025299,0.6283005475997925,UNDER,0.6283005475997925,True,128.66666666666666,215.8,216.5,❄️,False,Skipped,,,,,False,
4,2026,2026-10-04 00:00:00+00:00,T.Warren,Tyler Warren,TE,IND,WAS,False,receiving_yards,starter,27.0,0.6282371282577515,0.37176287174224854,OVER,0.6282371282577515,True,30.666666666666668,25.8,42.1,🔥,False,Skipped,46.5,draftkings,0.5,,True,
4,2026,2026-10-04 00:00:00+00:00,H.Henry,Hunter Henry,TE,NE,BUF,False,receiving_tds,anytime,0.5,0.6270840764045715,0.37291592359542847,OVER,0.6270840764045715,False,0.6666666666666666,0.6,0.4,🔥,False,Skipped,,,,,False,
4,2026,2026-10-04 00:00:00+00:00,J.Croskey-Merritt,Jacory Croskey-Merritt,RB,WAS,IND,True,rushing_tds,good_rb,0.5,0.6255946159362793,0.3744053840637207,OVER,0.6255946159362793,False,1.3333333333333333,0.8,0.4,🔥,False,Skipped,,,,,False,
4,2026,2026-10-04 00:00:00+00:00,O.Gordon,Ollie Gordon II,RB,MIA,MIN,False,rushing_tds,anytime,0.5,0.37605616450309753,0.6239438056945801,UNDER,0.6239438056945801,False,0.3333333333333333,0.4,0.2,❄️,False,Skipped,,,,,False,
4,2026,2026-10-04 00:00:00+00:00,K.Turpin,KaVontae Turpin,WR,DAL,HOU,False,receiving_yards,starter,27.0,0.3761703670024872,0.6238296031951904,UNDER,0.6238296031951904,True,36.66666666666666,32.8,23.7,🔥,False,Skipped,,,,,False,
4,2026,2026-10-04 00:00:00+00:00,I.TeSlaa,Isaac TeSlaa,WR,DET,CAR,False,receiving_yards,starter,27.0,0.37637999653816223,0.6236200332641602,UNDER,0.6236200332641602,True,33.666666666666664,31.2,17.9,🔥,False,Skipped,,,,,False,
4,2026,2026-10-04 00:00:00+00:00,D.Samuel,Deebo Samuel Sr.,WR,WAS,IND,True,receptions,starter,3.5,0.6230144500732422,0.3769855499267578,OVER,0.6230144500732422,False,2.6666666666666665,3.4,4.0,❄️,False,Skipped,,,,,False,
4,2026,2026-10-04 00:00:00+00:00,C.Watson,Christian Watson,WR,GB,TB,False,receiving_tds,star_wr,0.5,0.6227258443832397,0.37727415561676025,OVER,0.6227258443832397,False,0.6666666666666666,0.6,0.5,❄️,False,Skipped,,,,,False,
4,2026,2026-10-04 00:00:00+00:00,S.Jackson,Shedrick Jackson,WR,LV,KC,True,receiving_tds,anytime,0.5,0.377387672662735,0.6226123571395874,UNDER,0.6226123571395874,False,0.3333333333333333,0.3333333333333333,0.3333333333333333,➡️,False,Skipped,,,,,False,
4,2026,2026-10-04 00:00:00+00:00,T.Hockenson,T.J. Hockenson,TE,MIN,MIA,True,receptions,starter,3.5,0.6217785477638245,0.37822145223617554,OVER,0.6217785477638245,False,4.0,3.8,3.7,❄️,False,Skipped,,,,,False,
4,2026,2026-10-04 00:00:00+00:00,J.Blue,Jaydon Blue,RB,DAL,HOU,False,rushing_yards,starter,24.0,0.37967950105667114,0.6203204989433289,UNDER,0.6203204989433289,True,19.33333333333333,16.25,16.25,🔥,False,Skipped,,,,,False,
4,2026,2026-10-04 00:00:00+00:00,D.Knox,Dawson Knox,TE,BUF,NE,True,receiving_yards,starter,27.0,0.6202200055122375,0.37977999448776245,OVER,0.6202200055122375,True,25.666666666666668,39.6,32.0,❄️,False,Skipped,,,,,False,
4,2026,2026-10-04 00:00:00+00:00,D.Samuel,Deebo Samuel Sr.,WR,WAS,IND,True,receiving_yards,good_wr,35.0,0.62018221616745,0.37981778383255005,OVER,0.62018221616745,False,48.66666666666666,47.4,40.7,➡️,False,Skipped,,,,,False,
4,2026,2026-10-04 00:00:00+00:00,P.Rivers,Philip Rivers,QB,IND,WAS,False,passing_yards,starter,200.0,0.6201677918434143,0.3798322081565857,OVER,0.6201677918434143,True,235.33333333333331,228.0,248.0,❄️,False,Skipped,,,,,False,
4,2026,2026-10-04 00:00:00+00:00,D.Singletary,Devin Singletary,RB,NYG,ARI,True,rushing_yards,starter,24.0,0.6196560263633728,0.3803439736366272,OVER,0.6196560263633728,True,35.0,44.0,32.9,➡️,False,Skipped,,,,,False,
4,2026,2026-10-04 00:00:00+00:00,J.Noel,Jaylin Noel,WR,HOU,DAL,True,receiving_yards,starter,27.0,0.38104048371315,0.6189595460891724,UNDER,0.6189595460891724,True,22.0,16.4,26.8,🔥,False,Skipped,,,,,False,
4,2026,2026-10-04 00:00:00+00:00,J.Sanders,Ja'Tavion Sanders,TE,CAR,DET,True,receptions,starter,3.5,0.3819771707057953,0.6180227994918823,UNDER,0.6180227994918823,False,2.333333333333333,2.6,2.7,❄️,False,Skipped,,,,,False,
4,2026,2026-10-04 00:00:00+00:00,J.Love,Jordan Love,QB,GB,TB,False,passing_tds,good_qb,1.5,0.616303026676178,0.383696973323822,OVER,0.616303026676178,False,2.6666666666666665,2.0,1.5,❄️,False,Skipped,,,,,False,
4,2026,2026-10-04 00:00:00+00:00,T.Johnson,Tez Johnson,WR,NYG,ARI,True,receptions,starter,3.5,0.6160265803337097,0.3839734196662903,OVER,0.6160265803337097,False,3.0,3.8,3.6,❄️,False,Skipped,,,,,False,
4,2026,2026-10-04 00:00:00+00:00,D.Brown,Da'Ron Brown,WR,JAX,CIN,False,receiving_yards,starter,27.0,0.3847064971923828,0.6152935028076172,UNDER,0.6152935028076172,True,8.333333333333334,17.6,26.1,❄️,False,Skipped,,,,,False,
4,2026,2026-10-04 00:00:00+00:00,B.Hall,Breece Hall,RB,NYJ,CHI,False,rushing_yards,star_rb,55.0,0.6149314045906067,0.3850685954093933,OVER,0.6149314045906067,True,40.0,46.4,60.3,🔥,False,Skipped,,,,,False,⚠️ Thigh injury (Questionable)
4,2026,2026-10-04 00:00:00+00:00,R.Flournoy,Ryan Flournoy,WR,DAL,HOU,False,receiving_tds,good_wr,0.5,0.613437294960022,0.386562705039978,OVER,0.613437294960022,False,0.6666666666666666,0.4,0.4,➡️,False,Skipped,,,,,False,
4,2026,2026-10-04 00:00:00+00:00,S.Darnold,Sam Darnold,QB,SEA,LAC,True,passing_yards,good_qb,225.0,0.6132606863975525,0.3867393136024475,OVER,0.6132606863975525,False,229.33333333333331,213.0,230.9,➡️,False,Skipped,,,,,False,
4,2026,2026-10-04 00:00:00+00:00,L.McConkey,Ladd McConkey,WR,LAC,SEA,False,receiving_tds,anytime,0.5,0.61244797706604,0.38755202293395996,OVER,0.61244797706604,False,0.3333333333333333,0.4,0.5,➡️,False,Skipped,,,,,False,
4,2026,2026-10-04 00:00:00+00:00,J.Addison,Jordan Addison,WR,MIN,MIA,True,receiving_yards,starter,27.0,0.3880007863044739,0.6119992136955261,UNDER,0.6119992136955261,True,30.666666666666668,38.0,31.9,❄️,False,Skipped,,,,,False,
4,2026,2026-10-04 00:00:00+00:00,A.Barner,AJ Barner,TE,SEA,LAC,True,receiving_yards,starter,27.0,0.6119964122772217,0.3880035877227783,OVER,0.6119964122772217,True,39.66666666666666,36.2,37.1,➡️,False,Skipped,,,,,False,
4,2026,2026-10-04 00:00:00+00:00,J.Jennings,Jauan Jennings,WR,SF,DEN,True,receptions,starter,3.5,0.6101134419441223,0.3898865580558777,OVER,0.6101134419441223,False,3.333333333333333,3.8,4.1,➡️,False,Skipped,,,,,False,
4,2026,2026-10-04 00:00:00+00:00,J.Hurts,Jalen Hurts,QB,PHI,LA,True,passing_yards,starter,200.0,0.6089686751365662,0.39103132486343384,OVER,0.6089686751365662,True,200.0,223.8,222.5,❄️,False,Skipped,,,,,False,
4,2026,2026-10-01 00:00:00+00:00,D.Sampson,Dylan Sampson,RB,CLE,PIT,True,rushing_yards,starter,24.0,0.3923068642616272,0.6076931357383728,UNDER,0.6076931357383728,True,18.0,19.2,10.8,➡️,False,Skipped,,,,,False,
4,2026,2026-10-04 00:00:00+00:00,S.Zylstra,Shane Zylstra,TE,DET,CAR,False,receiving_tds,anytime,0.5,0.39286157488822937,0.6071383953094482,UNDER,0.6071383953094482,False,0.0,0.6,0.4,❄️,False,Skipped,,,,,False,
4,2026,2026-10-04 00:00:00+00:00,D.Slayton,Darius Slayton,WR,NYG,ARI,True,receiving_yards,good_wr,35.0,0.6067606806755066,0.3932393193244934,OVER,0.6067606806755066,False,32.333333333333336,32.2,41.3,❄️,False,Skipped,,,,,False,
4,2026,2026-10-04 00:00:00+00:00,B.Purdy,Brock Purdy,QB,SF,DEN,True,passing_tds,elite_qb,2.5,0.6064626574516296,0.39353734254837036,OVER,0.6064626574516296,False,3.6666666666666665,2.6,2.5,🔥,False,Skipped,,,,,False,
4,2026,2026-10-01 00:00:00+00:00,K.Gainwell,Kenneth Gainwell,RB,PIT,CLE,False,rushing_yards,starter,24.0,0.6056489944458008,0.3943510055541992,OVER,0.6056489944458008,True,48.333333333333336,51.4,34.7,🔥,False,Skipped,,,,,False,
4,2026,2026-10-04 00:00:00+00:00,A.Jeanty,Ashton Jeanty,RB,LV,KC,True,receptions,starter,3.5,0.6049464344978333,0.39505356550216675,OVER,0.6049464344978333,False,2.333333333333333,3.0,3.8,❄️,False,Skipped,,,,,False,
4,2026,2026-10-04 00:00:00+00:00,M.Tinsley,Mitchell Tinsley,WR,CIN,JAX,True,receiving_yards,starter,27.0,0.39531031250953674,0.6046897172927856,UNDER,0.6046897172927856,True,22.33333333333333,20.6,16.571428571428573,❄️,False,Skipped,,,,,False,
4,2026,2026-10-04 00:00:00+00:00,S.Perine,Samaje Perine,RB,CIN,JAX,True,rushing_yards,starter,24.0,0.6046270728111267,0.3953729271888733,OVER,0.6046270728111267,True,24.0,28.4,31.5,❄️,False,Skipped,,,,,False,
4,2026,2026-10-04 00:00:00+00:00,Q.Johnston,Quentin Johnston,WR,LAC,SEA,False,receiving_tds,good_wr,0.5,0.6029940843582153,0.39700591564178467,OVER,0.6029940843582153,False,0.6666666666666666,0.4,0.5,➡️,False,Skipped,,,,,False,
4,2026,2026-10-04 00:00:00+00:00,M.Gesicki,Mike Gesicki,TE,CIN,JAX,True,receptions,starter,3.5,0.39779821038246155,0.6022018194198608,UNDER,0.6022018194198608,False,2.0,2.8,2.5,❄️,False,Skipped,,,,,False,
4,2026,2026-10-04 00:00:00+00:00,J.Burrow,Joe Burrow,QB,CIN,JAX,True,passing_tds,elite_qb,2.5,0.6013454794883728,0.3986545205116272,OVER,0.6013454794883728,False,2.0,2.4,2.1,🔥,False,Skipped,,,,,False,
4,2026,2026-10-04 00:00:00+00:00,J.McCarthy,J.J. McCarthy,QB,MIN,MIA,True,passing_yards,starter,200.0,0.3995959460735321,0.6004040241241455,UNDER,0.6004040241241455,True,173.66666666666666,151.6,161.11111111111111,🔥,False,Skipped,,,,,False,
4,2026,2026-10-04 00:00:00+00:00,B.Hall,Breece Hall,RB,NYJ,CHI,False,rushing_tds,anytime,0.5,0.2,0.8,UNDER,0.6000000000000001,False,0.0,0.2,0.3,➡️,False,Skipped,,,,,False,⚠️ Thigh injury (Questionable)
4,2026,2026-10-04 00:00:00+00:00,B.Hall,Breece Hall,RB,NYJ,CHI,False,receptions,starter,3.5,0.2,0.8,UNDER,0.6000000000000001,False,1.3333333333333333,2.0,2.1,➡️,False,Skipped,,,,,False,⚠️ Thigh injury (Questionable)
4,2026,2026-10-04 00:00:00+00:00,S.Smartt,Stone Smartt,TE,NYJ,CHI,False,receiving_yards,starter,27.0,0.4002082347869873,0.5997917652130127,UNDER,0.5997917652130127,True,19.0,28.8,25.6,➡️,False,Skipped,,,,,False,
4,2026,2026-10-04 00:00:00+00:00,T.Johnson,Tez Johnson,WR,NYJ,CHI,False,receiving_yards,starter,27.0,0.40054625272750854,0.5994537472724915,UNDER,0.5994537472724915,True,23.666666666666668,26.2,22.9,❄️,False,Skipped,,,,,False,
4,2026,2026-10-04 00:00:00+00:00,Q.Ewers,Quinn Ewers,QB,MIA,MIN,False,passing_tds,starter,0.5,0.40101996064186096,0.5989800691604614,UNDER,0.5989800691604614,False,0.6666666666666666,0.6666666666666666,0.6666666666666666,➡️,False,Skipped,,,,,False,
4,2026,2026-10-04 00:00:00+00:00,E.Higgins,Elijah Higgins,TE,ARI,NYG,False,receiving_yards,starter,27.0,0.4014551639556885,0.5985448360443115,UNDER,0.5985448360443115,True,31.33333333333333,22.2,20.8,🔥,False,Skipped,,,,,False,
4,2026,2026-10-05 00:00:00+00:00,K.Cousins,Kirk Cousins,QB,ATL,NO,False,passing_yards,starter,200.0,0.597529947757721,0.40247005224227905,OVER,0.597529947757721,True,232.0,218.4,165.3,❄️,False,Skipped,225.5,fanduel,0.5,,True,
4,2026,2026-10-04 00:00:00+00:00,D.Singletary,Devin Singletary,RB,NYG,ARI,True,rushing_tds,good_rb,0.5,0.5973976254463196,0.4026023745536804,OVER,0.5973976254463196,False,0.3333333333333333,0.4,0.4,🔥,False,Skipped,,,,,False,
4,2026,2026-10-04 00:00:00+00:00,J.Herbert,Justin Herbert,QB,LAC,SEA,False,passing_tds,good_qb,1.5,0.5973806381225586,0.4026193618774414,OVER,0.5973806381225586,False,1.3333333333333333,1.2,1.7,🔥,False,Skipped,,,,,False,
4,2026,2026-10-01 00:00:00+00:00,S.Sanders,Shedeur Sanders,QB,CLE,PIT,True,passing_tds,starter,0.5,0.40291720628738403,0.597082793712616,UNDER,0.597082793712616,False,0.6666666666666666,1.2,1.0,❄️,False,Skipped,,,,,False,
4,2026,2026-10-04 00:00:00+00:00,I.TeSlaa,Isaac TeSlaa,WR,DET,CAR,False,receptions,starter,3.5,0.4036570191383362,0.5963429808616638,UNDER,0.5963429808616638,False,2.333333333333333,2.2,1.3,🔥,False,Skipped,,,,,False,
4,2026,2026-10-01 00:00:00+00:00,D.Washington,Darnell Washington,TE,PIT,CLE,False,receptions,starter,3.5,0.4043128192424774,0.5956871509552002,UNDER,0.5956871509552002,False,2.333333333333333,2.2,2.6,🔥,False,Skipped,1.5,draftkings,0.6062658763759525,,True,
4,2026,2026-10-04 00:00:00+00:00,L.Musgrave,Luke Musgrave,TE,GB,TB,False,receiving_yards,starter,27.0,0.40489065647125244,0.5951093435287476,UNDER,0.5951093435287476,True,32.333333333333336,20.6,17.8,🔥,False,Skipped,,,,,False,
4,2026,2026-10-04 00:00:00+00:00,M.Mariota,Marcus Mariota,QB,WAS,IND,True,passing_yards,starter,200.0,0.5943087339401245,0.4056912660598755,OVER,0.5943087339401245,True,178.33333333333334,192.2,176.1,❄️,False,Skipped,211.5,draftkings,0.4978941161605526,,True,
4,2026,2026-10-04 00:00:00+00:00,J.Mason,Jordan Mason,RB,MIN,MIA,True,rushing_yards,starter,24.0,0.5936286449432373,0.4063713550567627,OVER,0.5936286449432373,True,28.666666666666668,35.0,34.1,➡️,False,Skipped,,,,,False,
4,2026,2026-10-04 00:00:00+00:00,K.Raymond,Kalif Raymond,WR,DET,CAR,False,receiving_yards,starter,27.0,0.4065011441707611,0.5934988260269165,UNDER,0.5934988260269165,True,29.0,34.6,22.1,➡️,False,Skipped,,,,,False,
4,2026,2026-10-04 00:00:00+00:00,A.Hooper,Austin Hooper,TE,NE,BUF,False,receiving_yards,starter,27.0,0.40720757842063904,0.5927923917770386,UNDER,0.5927923917770386,True,28.0,20.8,21.0,➡️,False,Skipped,,,,,False,
4,2026,2026-10-05 00:00:00+00:00,A.Estime,Audric Estimé,RB,NO,ATL,True,rushing_yards,starter,24.0,0.5926738977432251,0.4073261022567749,OVER,0.5926738977432251,True,41.333333333333336,33.8,28.1,🔥,False,Skipped,,,,,False,
4,2026,2026-10-04 00:00:00+00:00,X.Worthy,Xavier Worthy,WR,KC,LV,False,receiving_yards,starter,27.0,0.5900209546089172,0.40997904539108276,OVER,0.5900209546089172,True,43.66666666666666,50.2,40.7,❄️,False,Skipped,,,,,False,
4,2026,2026-10-04 00:00:00+00:00,P.Durham,Payne Durham,TE,TB,GB,True,receiving_tds,anytime,0.5,0.4107019901275635,0.5892980098724365,UNDER,0.5892980098724365,False,0.0,0.4,0.2,❄️,False,Skipped,,,,,False,
4,2026,2026-10-04 00:00:00+00:00,H.Henry,Hunter Henry,TE,NE,BUF,False,receptions,starter,3.5,0.5891972780227661,0.4108027219772339,OVER,0.5891972780227661,False,3.333333333333333,4.2,3.5,➡️,False,Skipped,,,,,False,
4,2026,2026-10-04 00:00:00+00:00,I.Davis,Isaiah Davis,RB,NYJ,CHI,False,rushing_yards,starter,24.0,0.4125652313232422,0.5874347686767578,UNDER,0.5874347686767578,True,29.33333333333333,21.2,19.8,🔥,False,Skipped,,,,,False,
4,2026,2026-10-04 00:00:00+00:00,B.Cook,Brady Cook,QB,NYJ,CHI,False,passing_yards,starter,200.0,0.41453489661216736,0.5854650735855103,UNDER,0.5854650735855103,True,172.0,169.75,169.75,❄️,False,Skipped,,,,,False,
4,2026,2026-10-04 00:00:00+00:00,C.Watson,Christian Watson,WR,GB,TB,False,receptions,starter,3.5,0.5854071378707886,0.4145928621292114,OVER,0.5854071378707886,False,3.0,3.6,3.0,❄️,False,Skipped,,,,,False,
4,2026,2026-10-04 00:00:00+00:00,D.Pierce,Dameon Pierce,RB,KC,LV,False,rushing_yards,starter,24.0,0.41480785608291626,0.5851921439170837,UNDER,0.5851921439170837,True,12.0,45.4,25.2,➡️,False,Skipped,,,,,False,
4,2026,2026-10-05 00:00:00+00:00,D.Sills,David Sills,WR,ATL,NO,False,receiving_yards,starter,27.0,0.41521283984184265,0.584787130355835,UNDER,0.584787130355835,True,38.333333333333336,26.0,17.1,❄️,False,Skipped,,,,,False,
4,2026,2026-10-04 00:00:00+00:00,C.Ward,Cameron Ward,QB,TEN,BAL,False,passing_tds,good_qb,1.5,0.584770679473877,0.41522932052612305,OVER,0.584770679473877,False,2.0,1.6,1.2,➡️,False,Skipped,,,,,False,
4,2026,2026-10-04 00:00:00+00:00,I.Likely,Isaiah Likely,TE,BAL,TEN,True,receiving_yards,starter,27.0,0.5846503376960754,0.41534966230392456,OVER,0.5846503376960754,True,43.333333333333336,32.4,32.1,🔥,False,Skipped,,,,,False,
4,2026,2026-10-04 00:00:00+00:00,E.Higgins,Elijah Higgins,TE,ARI,NYG,False,receptions,starter,3.5,0.41777119040489197,0.5822287797927856,UNDER,0.5822287797927856,False,2.6666666666666665,2.2,2.1,🔥,False,Skipped,,,,,False,
4,2026,2026-10-04 00:00:00+00:00,R.Shaheed,Rashid Shaheed,WR,SEA,LAC,True,receptions,starter,3.5,0.4184128940105438,0.5815870761871338,UNDER,0.5815870761871338,False,2.0,2.2,2.8,❄️,False,Skipped,,,,,False,
4,2026,2026-10-04 00:00:00+00:00,J.Garoppolo,Jimmy Garoppolo,QB,LA,PHI,False,passing_yards,starter,200.0,0.41957035660743713,0.5804296731948853,UNDER,0.5804296731948853,True,96.0,164.0,171.1,➡️,False,Skipped,,,,,False,
4,2026,2026-10-04 00:00:00+00:00,M.Davis,Malik Davis,RB,DAL,HOU,False,rushing_tds,anytime,0.5,0.4198029339313507,0.5801970958709717,UNDER,0.5801970958709717,False,0.3333333333333333,0.4,0.2,➡️,False,Skipped,,,,,False,
4,2026,2026-10-04 00:00:00+00:00,J.Ferguson,Jake Ferguson,TE,DAL,HOU,False,receptions,starter,3.5,0.5769937038421631,0.4230062961578369,OVER,0.5769937038421631,False,2.0,3.2,3.7,❄️,False,Skipped,,,,,False,
4,2026,2026-10-04 00:00:00+00:00,T.Huntley,Tyler Huntley,QB,BAL,TEN,True,passing_tds,starter,0.5,0.42373478412628174,0.5762652158737183,UNDER,0.5762652158737183,False,0.3333333333333333,0.6,0.6,➡️,False,Skipped,,,,,False,
4,2026,2026-10-04 00:00:00+00:00,T.Hockenson,T.J. Hockenson,TE,MIN,MIA,True,receiving_yards,starter,27.0,0.575538694858551,0.424461305141449,OVER,0.575538694858551,True,45.66666666666666,39.0,32.1,❄️,False,Skipped,,,,,False,
4,2026,2026-10-04 00:00:00+00:00,J.Hurts,Jalen Hurts,QB,PHI,LA,True,passing_tds,good_qb,1.5,0.5747457146644592,0.42525428533554077,OVER,0.5747457146644592,False,1.6666666666666667,1.6,1.7,🔥,False,Skipped,,,,,False,
4,2026,2026-10-04 00:00:00+00:00,C.Kmet,Cole Kmet,TE,CHI,NYJ,True,receiving_yards,starter,27.0,0.4259716272354126,0.5740283727645874,UNDER,0.5740283727645874,True,19.33333333333333,27.2,21.5,❄️,False,Skipped,,,,,False,
4,2026,2026-10-04 00:00:00+00:00,C.Loveland,Colston Loveland,TE,CHI,NYJ,True,receiving_tds,good_wr,0.5,0.5716394782066345,0.4283605217933655,OVER,0.5716394782066345,False,0.3333333333333333,0.4,0.5,🔥,False,Skipped,,,,,False,
4,2026,2026-10-04 00:00:00+00:00,P.Bryant,Pat Bryant,WR,DEN,SF,False,receptions,starter,3.5,0.5681633353233337,0.43183666467666626,OVER,0.5681633353233337,False,4.0,3.6,2.5,🔥,False,Skipped,,,,,False,
4,2026,2026-10-04 00:00:00+00:00,J.McLaughlin,Jaleel McLaughlin,RB,DEN,SF,False,rushing_yards,starter,24.0,0.4318818151950836,0.5681182146072388,UNDER,0.5681182146072388,True,27.0,25.4,25.2,🔥,False,Skipped,,,,,False,
4,2026,2026-10-04 00:00:00+00:00,T.Wease,Theo Wease Jr.,WR,MIA,MIN,False,receiving_tds,anytime,0.5,0.43212082982063293,0.5678791999816895,UNDER,0.5678791999816895,False,0.5,0.5,0.5,➡️,False,Skipped,,,,,False,
4,2026,2026-10-04 00:00:00+00:00,J.Nailor,Jalen Nailor,WR,MIN,MIA,True,receiving_tds,anytime,0.5,0.43252015113830566,0.5674798488616943,UNDER,0.5674798488616943,False,0.6666666666666666,0.4,0.3,❄️,False,Skipped,,,,,False,
4,2026,2026-10-01 00:00:00+00:00,J.Warren,Jaylen Warren,RB,PIT,CLE,False,receptions,starter,3.5,0.43270546197891235,0.5672945380210876,UNDER,0.5672945380210876,False,2.6666666666666665,2.4,2.7,🔥,False,Skipped,3.5,draftkings,0.43327556325823224,-0.0005701012793198901,True,
4,2026,2026-10-04 00:00:00+00:00,O.Hampton,Omarion Hampton,RB,LAC,SEA,False,receptions,starter,3.5,0.4341820478439331,0.5658179521560669,UNDER,0.5658179521560669,False,1.3333333333333333,3.0,3.0,❄️,False,Skipped,,,,,False,
4,2026,2026-10-04 00:00:00+00:00,K.Mitchell,Keaton Mitchell,RB,BAL,TEN,True,rushing_yards,starter,24.0,0.5657100081443787,0.43428999185562134,OVER,0.5657100081443787,True,51.66666666666666,36.8,30.8,➡️,False,Skipped,,,,,False,
4,2026,2026-10-04 00:00:00+00:00,C.Kirk,Christian Kirk,WR,HOU,DAL,True,receiving_yards,starter,27.0,0.43499070405960083,0.5650092959403992,UNDER,0.5650092959403992,True,14.666666666666666,20.8,24.2,❄️,False,Skipped,,,,,False,
4,2026,2026-10-04 00:00:00+00:00,E.Ayomanor,Elic Ayomanor,WR,TEN,BAL,False,receiving_yards,starter,27.0,0.5649718046188354,0.43502819538116455,OVER,0.5649718046188354,True,37.333333333333336,26.2,29.6,🔥,False,Skipped,,,,,False,
4,2026,2026-10-04 00:00:00+00:00,J.Flacco,Joe Flacco,QB,CIN,JAX,True,passing_tds,star_qb,1.5,0.43533647060394287,0.5646635293960571,UNDER,0.5646635293960571,False,0.6666666666666666,1.6,1.4,❄️,False,Skipped,,,,,False,
4,2026,2026-10-04 00:00:00+00:00,T.Atwell,Tutu Atwell,WR,LA,PHI,False,receiving_yards,starter,27.0,0.4361562132835388,0.5638437867164612,UNDER,0.5638437867164612,True,27.0,33.8,24.0,❄️,False,Skipped,,,,,False,
4,2026,2026-10-05 00:00:00+00:00,A.Estime,Audric Estimé,RB,NO,ATL,True,rushing_tds,anytime,0.5,0.5636237263679504,0.43637627363204956,OVER,0.5636237263679504,False,0.3333333333333333,0.4,0.3,➡️,False,Skipped,,,,,False,
4,2026,2026-10-04 00:00:00+00:00,D.Wicks,Dontayvion Wicks,WR,GB,TB,False,receptions,starter,3.5,0.43735986948013306,0.5626401305198669,UNDER,0.5626401305198669,False,3.0,2.4,2.3,❄️,False,Skipped,,,,,False,
4,2026,2026-10-04 00:00:00+00:00,J.Herbert,Justin Herbert,QB,LAC,SEA,False,passing_yards,starter,200.0,0.5625414252281189,0.4374585747718811,OVER,0.5625414252281189,True,216.33333333333331,176.2,226.2,🔥,False,Skipped,,,,,False,
4,2026,2026-10-04 00:00:00+00:00,T.Bigsby,Tank Bigsby,RB,PHI,LA,True,rushing_yards,starter,24.0,0.5605665445327759,0.4394334554672241,OVER,0.5605665445327759,True,33.666666666666664,22.6,28.1,🔥,False,Skipped,,,,,False,
4,2026,2026-10-04 00:00:00+00:00,E.Egbuka,Emeka Egbuka,WR,TB,GB,True,receptions,starter,3.5,0.5581681728363037,0.4418318271636963,OVER,0.5581681728363037,False,2.6666666666666665,2.8,3.5,❄️,False,Skipped,,,,,False,
4,2026,2026-10-04 00:00:00+00:00,T.Tucker,Tre Tucker,WR,LV,KC,True,receptions,starter,3.5,0.5576746463775635,0.4423253536224365,OVER,0.5576746463775635,False,3.0,2.8,3.1,🔥,False,Skipped,,,,,False,
4,2026,2026-10-04 00:00:00+00:00,B.Strange,Brenton Strange,TE,JAX,CIN,False,receiving_tds,anytime,0.5,0.5560796856880188,0.4439203143119812,OVER,0.5560796856880188,False,0.3333333333333333,0.4,0.2,🔥,False,Skipped,,,,,False,
4,2026,2026-10-04 00:00:00+00:00,M.Andrews,Mark Andrews,TE,BAL,TEN,True,receiving_yards,starter,27.0,0.4449899196624756,0.5550100803375244,UNDER,0.5550100803375244,True,16.0,20.8,23.0,➡️,False,Skipped,,,,,False,
4,2026,2026-10-04 00:00:00+00:00,M.Mayer,Michael Mayer,TE,LV,KC,True,receiving_yards,starter,27.0,0.44582444429397583,0.5541755557060242,UNDER,0.5541755557060242,True,37.66666666666666,29.6,24.3,🔥,False,Skipped,,,,,False,
4,2026,2026-10-04 00:00:00+00:00,C.Ward,Cameron Ward,QB,TEN,BAL,False,passing_yards,starter,200.0,0.5526727437973022,0.44732725620269775,OVER,0.5526727437973022,True,216.33333333333331,181.4,201.6,🔥,False,Skipped,,,,,False,
4,2026,2026-10-04 00:00:00+00:00,C.Kupp,Cooper Kupp,WR,SEA,LAC,True,receiving_yards,starter,27.0,0.552547037601471,0.44745296239852905,OVER,0.552547037601471,True,30.33333333333333,30.0,34.3,❄️,False,Skipped,,,,,False,
4,2026,2026-10-04 00:00:00+00:00,T.Spears,Tyjae Spears,RB,TEN,BAL,False,rushing_yards,starter,24.0,0.552412211894989,0.447587788105011,OVER,0.552412211894989,True,29.33333333333333,21.2,22.0,🔥,False,Skipped,,,,,False,
4,2026,2026-10-04 00:00:00+00:00,G.Smith,Geno Smith,QB,LV,KC,True,passing_tds,star_qb,1.5,0.5514510273933411,0.44854897260665894,OVER,0.5514510273933411,False,1.6666666666666667,1.4,1.2,➡️,False,Skipped,,,,,False,
4,2026,2026-10-04 00:00:00+00:00,A.Dillon,AJ Dillon,RB,PHI,LA,True,rushing_yards,starter,24.0,0.4498087763786316,0.5501912236213684,UNDER,0.5501912236213684,True,16.0,17.0,29.5,❄️,False,Skipped,,,,,False,
4,2026,2026-10-04 00:00:00+00:00,C.Parkinson,Colby Parkinson,TE,LA,PHI,False,receiving_tds,star_wr,0.5,0.538374662399292,0.461625337600708,OVER,0.538374662399292,False,0.6666666666666666,0.6,0.6,❄️,False,Skipped,,,,,False,⚠️ Shoulder - AC Joint injury (Questionable)
4,2026,2026-10-04 00:00:00+00:00,C.Parkinson,Colby Parkinson,TE,LA,PHI,False,receptions,starter,3.5,0.5285547971725464,0.4714452028274536,OVER,0.5285547971725464,False,4.333333333333333,4.0,3.5,➡️,False,Skipped,,,,,False,⚠️ Shoulder - AC Joint injury (Questionable)
4,2026,2026-10-04 00:00:00+00:00,C.Parkinson,Colby Parkinson,TE,LA,PHI,False,receiving_yards,starter,27.0,0.520936131477356,0.47906386852264404,OVER,0.520936131477356,True,49.66666666666666,41.6,36.1,➡️,False,Skipped,,,,,False,⚠️ Shoulder - AC Joint injury (Questionable)
