season,week,game_id,gameday,home_team,away_team,book_key,book_title,region,home_point,home_price,away_point,away_price,home_spread_normalized,home_implied_prob_devigged,away_implied_prob_devigged,nflverse_spread_line,deviation_pts,fetched_at,source_week_snapshot
2026,2,2026_02_CAR_ATL,2026-09-20,ATL,CAR,betano_ca_on,Betano (CA - ON),ca,2.5,-108,-2.5,-122,-2.5,0.485816177662506,0.5141838223374939,-2.5,0.0,2026-09-20T11:24:00,market_spreads_week2_2026.csv
2026,2,2026_02_CAR_ATL,2026-09-20,ATL,CAR,betmgm,BetMGM,us,2.5,-102,-2.5,-118,-2.5,0.4826358742837298,0.5173641257162702,-2.5,0.0,2026-09-20T11:24:00,market_spreads_week2_2026.csv
2026,2,2026_02_CAR_ATL,2026-09-20,ATL,CAR,betmgm_ca_on,BetMGM (CA - ON),ca,2.5,-102,-2.5,-118,-2.5,0.4826358742837298,0.5173641257162702,-2.5,0.0,2026-09-20T11:24:00,market_spreads_week2_2026.csv
2026,2,2026_02_CAR_ATL,2026-09-20,ATL,CAR,betonlineag,BetOnline.ag,us,2.5,-102,-2.5,-118,-2.5,0.4826358742837298,0.5173641257162702,-2.5,0.0,2026-09-20T11:24:00,market_spreads_week2_2026.csv
2026,2,2026_02_CAR_ATL,2026-09-20,ATL,CAR,betrivers,BetRivers,us,3.0,-117,-3.0,-105,-3.0,0.5128287363694676,0.4871712636305324,-2.5,-0.5,2026-09-20T11:24:00,market_spreads_week2_2026.csv
2026,2,2026_02_CAR_ATL,2026-09-20,ATL,CAR,betrivers_ca_on,BetRivers (CA - ON),ca,3.0,-117,-3.0,-105,-3.0,0.5128287363694676,0.4871712636305324,-2.5,-0.5,2026-09-20T11:24:00,market_spreads_week2_2026.csv
2026,2,2026_02_CAR_ATL,2026-09-20,ATL,CAR,betus,BetUS,us,2.0,100,-2.0,-120,-2.0,0.4782608695652174,0.5217391304347826,-2.5,0.5,2026-09-20T11:24:00,market_spreads_week2_2026.csv
2026,2,2026_02_CAR_ATL,2026-09-20,ATL,CAR,bovada,Bovada,us,2.5,100,-2.5,-120,-2.5,0.4782608695652174,0.5217391304347826,-2.5,0.0,2026-09-20T11:24:00,market_spreads_week2_2026.csv
2026,2,2026_02_CAR_ATL,2026-09-20,ATL,CAR,draftkings,DraftKings,us,2.5,100,-2.5,-120,-2.5,0.4782608695652174,0.5217391304347826,-2.5,0.0,2026-09-20T11:24:00,market_spreads_week2_2026.csv
2026,2,2026_02_CAR_ATL,2026-09-20,ATL,CAR,fanduel,FanDuel,us,2.5,-104,-2.5,-118,-2.5,0.4850248160191682,0.5149751839808319,-2.5,0.0,2026-09-20T11:24:00,market_spreads_week2_2026.csv
2026,2,2026_02_CAR_ATL,2026-09-20,ATL,CAR,lowvig,LowVig.ag,us,2.5,102,-2.5,-113,-2.5,0.4827086071703758,0.5172913928296242,-2.5,0.0,2026-09-20T11:24:00,market_spreads_week2_2026.csv
2026,2,2026_02_CAR_ATL,2026-09-20,ATL,CAR,mybookieag,MyBookie.ag,us,2.5,-110,-2.5,-110,-2.5,0.5,0.5,-2.5,0.0,2026-09-20T11:24:00,market_spreads_week2_2026.csv
2026,2,2026_02_CAR_ATL,2026-09-20,ATL,CAR,playnow_ca,PlayNow (CA),ca,1.5,110,-1.5,-137,-1.5,0.4516866781017724,0.5483133218982276,-2.5,1.0,2026-09-20T11:24:00,market_spreads_week2_2026.csv
2026,2,2026_02_CAR_ATL,2026-09-20,ATL,CAR,pointsbetca,PointsBet (CA - ON),ca,2.5,100,-2.5,-120,-2.5,0.4782608695652174,0.5217391304347826,-2.5,0.0,2026-09-20T11:24:00,market_spreads_week2_2026.csv
2026,2,2026_02_CAR_ATL,2026-09-20,ATL,CAR,proline_ca_on,PROLINE (CA - ON),ca,3.0,-132,-3.0,-117,-3.0,0.5134437513443753,0.4865562486556247,-2.5,-0.5,2026-09-20T11:24:00,market_spreads_week2_2026.csv
2026,2,2026_02_CAR_ATL,2026-09-20,ATL,CAR,sportsinteraction_ca_on,Sports Interaction (CA - ON),ca,2.5,-102,-2.5,-118,-2.5,0.4826358742837298,0.5173641257162702,-2.5,0.0,2026-09-20T11:24:00,market_spreads_week2_2026.csv
2026,2,2026_02_CIN_HOU,2026-09-20,HOU,CIN,betano_ca_on,Betano (CA - ON),ca,-2.5,-118,2.5,-114,2.5,0.5039916972696792,0.4960083027303208,3.0,-0.5,2026-09-20T11:24:00,market_spreads_week2_2026.csv
2026,2,2026_02_CIN_HOU,2026-09-20,HOU,CIN,betmgm,BetMGM,us,-2.5,-118,2.5,-102,2.5,0.5173641257162701,0.4826358742837299,3.0,-0.5,2026-09-20T11:24:00,market_spreads_week2_2026.csv
2026,2,2026_02_CIN_HOU,2026-09-20,HOU,CIN,betmgm_ca_on,BetMGM (CA - ON),ca,-2.5,-118,2.5,-102,2.5,0.5173641257162701,0.4826358742837299,3.0,-0.5,2026-09-20T11:24:00,market_spreads_week2_2026.csv
2026,2,2026_02_CIN_HOU,2026-09-20,HOU,CIN,betonlineag,BetOnline.ag,us,-2.5,-120,2.5,100,2.5,0.5217391304347826,0.4782608695652174,3.0,-0.5,2026-09-20T11:24:00,market_spreads_week2_2026.csv
2026,2,2026_02_CIN_HOU,2026-09-20,HOU,CIN,betrivers,BetRivers,us,-2.5,-114,2.5,-108,2.5,0.5064069707842132,0.4935930292157868,3.0,-0.5,2026-09-20T11:24:00,market_spreads_week2_2026.csv
2026,2,2026_02_CIN_HOU,2026-09-20,HOU,CIN,betrivers_ca_on,BetRivers (CA - ON),ca,-2.5,-114,2.5,-108,2.5,0.5064069707842132,0.4935930292157868,3.0,-0.5,2026-09-20T11:24:00,market_spreads_week2_2026.csv
2026,2,2026_02_CIN_HOU,2026-09-20,HOU,CIN,betus,BetUS,us,-3.0,100,3.0,-120,3.0,0.4782608695652174,0.5217391304347826,3.0,0.0,2026-09-20T11:24:00,market_spreads_week2_2026.csv
2026,2,2026_02_CIN_HOU,2026-09-20,HOU,CIN,bovada,Bovada,us,-3.0,105,3.0,-125,3.0,0.4675324675324675,0.5324675324675325,3.0,0.0,2026-09-20T11:24:00,market_spreads_week2_2026.csv
2026,2,2026_02_CIN_HOU,2026-09-20,HOU,CIN,draftkings,DraftKings,us,-3.0,-102,3.0,-118,3.0,0.4826358742837298,0.5173641257162702,3.0,0.0,2026-09-20T11:24:00,market_spreads_week2_2026.csv
2026,2,2026_02_CIN_HOU,2026-09-20,HOU,CIN,fanduel,FanDuel,us,-2.5,-115,2.5,-105,2.5,0.5108342361863488,0.4891657638136512,3.0,-0.5,2026-09-20T11:24:00,market_spreads_week2_2026.csv
2026,2,2026_02_CIN_HOU,2026-09-20,HOU,CIN,lowvig,LowVig.ag,us,-2.5,-115,2.5,104,2.5,0.521797153024911,0.4782028469750889,3.0,-0.5,2026-09-20T11:24:00,market_spreads_week2_2026.csv
2026,2,2026_02_CIN_HOU,2026-09-20,HOU,CIN,mybookieag,MyBookie.ag,us,-2.5,-120,2.5,100,2.5,0.5217391304347826,0.4782608695652174,3.0,-0.5,2026-09-20T11:24:00,market_spreads_week2_2026.csv
2026,2,2026_02_CIN_HOU,2026-09-20,HOU,CIN,playnow_ca,PlayNow (CA),ca,-1.5,-137,1.5,110,1.5,0.5483133218982277,0.4516866781017723,3.0,-1.5,2026-09-20T11:24:00,market_spreads_week2_2026.csv
2026,2,2026_02_CIN_HOU,2026-09-20,HOU,CIN,pointsbetca,PointsBet (CA - ON),ca,-2.5,-120,2.5,100,2.5,0.5217391304347826,0.4782608695652174,3.0,-0.5,2026-09-20T11:24:00,market_spreads_week2_2026.csv
2026,2,2026_02_CIN_HOU,2026-09-20,HOU,CIN,proline_ca_on,PROLINE (CA - ON),ca,-2.5,-129,2.5,-121,2.5,0.5071151588459212,0.4928848411540788,3.0,-0.5,2026-09-20T11:24:00,market_spreads_week2_2026.csv
2026,2,2026_02_CIN_HOU,2026-09-20,HOU,CIN,sportsinteraction_ca_on,Sports Interaction (CA - ON),ca,-2.5,-118,2.5,-102,2.5,0.5173641257162701,0.4826358742837299,3.0,-0.5,2026-09-20T11:24:00,market_spreads_week2_2026.csv
2026,2,2026_02_CLE_TB,2026-09-20,TB,CLE,betano_ca_on,Betano (CA - ON),ca,-7.5,-120,7.5,-110,7.5,0.5101214574898786,0.4898785425101214,7.5,0.0,2026-09-20T11:24:00,market_spreads_week2_2026.csv
2026,2,2026_02_CLE_TB,2026-09-20,TB,CLE,betmgm,BetMGM,us,-8.0,-110,8.0,-108,8.0,0.5021949078138718,0.4978050921861282,7.5,0.5,2026-09-20T11:24:00,market_spreads_week2_2026.csv
2026,2,2026_02_CLE_TB,2026-09-20,TB,CLE,betmgm_ca_on,BetMGM (CA - ON),ca,-8.0,-110,8.0,-108,8.0,0.5021949078138718,0.4978050921861282,7.5,0.5,2026-09-20T11:24:00,market_spreads_week2_2026.csv
2026,2,2026_02_CLE_TB,2026-09-20,TB,CLE,betonlineag,BetOnline.ag,us,-9.0,-101,9.0,-119,9.0,0.4804509318389157,0.5195490681610844,7.5,1.5,2026-09-20T11:24:00,market_spreads_week2_2026.csv
2026,2,2026_02_CLE_TB,2026-09-20,TB,CLE,betrivers,BetRivers,us,-8.0,-114,8.0,-107,8.0,0.507527529249828,0.492472470750172,7.5,0.5,2026-09-20T11:24:00,market_spreads_week2_2026.csv
2026,2,2026_02_CLE_TB,2026-09-20,TB,CLE,betrivers_ca_on,BetRivers (CA - ON),ca,-8.0,-114,8.0,-107,8.0,0.507527529249828,0.492472470750172,7.5,0.5,2026-09-20T11:24:00,market_spreads_week2_2026.csv
2026,2,2026_02_CLE_TB,2026-09-20,TB,CLE,betus,BetUS,us,-9.0,100,9.0,-120,9.0,0.4782608695652174,0.5217391304347826,7.5,1.5,2026-09-20T11:24:00,market_spreads_week2_2026.csv
2026,2,2026_02_CLE_TB,2026-09-20,TB,CLE,bovada,Bovada,us,-8.0,-110,8.0,-110,8.0,0.5,0.5,7.5,0.5,2026-09-20T11:24:00,market_spreads_week2_2026.csv
2026,2,2026_02_CLE_TB,2026-09-20,TB,CLE,draftkings,DraftKings,us,-8.5,-105,8.5,-115,8.5,0.4891657638136511,0.5108342361863489,7.5,1.0,2026-09-20T11:24:00,market_spreads_week2_2026.csv
2026,2,2026_02_CLE_TB,2026-09-20,TB,CLE,fanduel,FanDuel,us,-8.5,100,8.5,-122,8.5,0.4763948497854076,0.5236051502145924,7.5,1.0,2026-09-20T11:24:00,market_spreads_week2_2026.csv
2026,2,2026_02_CLE_TB,2026-09-20,TB,CLE,lowvig,LowVig.ag,us,-9.0,104,9.0,-115,9.0,0.478202846975089,0.521797153024911,7.5,1.5,2026-09-20T11:24:00,market_spreads_week2_2026.csv
2026,2,2026_02_CLE_TB,2026-09-20,TB,CLE,mybookieag,MyBookie.ag,us,-8.0,-110,8.0,-110,8.0,0.5,0.5,7.5,0.5,2026-09-20T11:24:00,market_spreads_week2_2026.csv
2026,2,2026_02_CLE_TB,2026-09-20,TB,CLE,playnow_ca,PlayNow (CA),ca,-8.0,-108,8.0,-115,8.0,0.4925753075943997,0.5074246924056003,7.5,0.5,2026-09-20T11:24:00,market_spreads_week2_2026.csv
2026,2,2026_02_CLE_TB,2026-09-20,TB,CLE,pointsbetca,PointsBet (CA - ON),ca,-8.5,-105,8.5,-115,8.5,0.4891657638136511,0.5108342361863489,7.5,1.0,2026-09-20T11:24:00,market_spreads_week2_2026.csv
2026,2,2026_02_CLE_TB,2026-09-20,TB,CLE,proline_ca_on,PROLINE (CA - ON),ca,-8.5,-120,8.5,-129,8.5,0.4919441460794844,0.5080558539205156,7.5,1.0,2026-09-20T11:24:00,market_spreads_week2_2026.csv
2026,2,2026_02_CLE_TB,2026-09-20,TB,CLE,sportsinteraction_ca_on,Sports Interaction (CA - ON),ca,-8.0,-110,8.0,-108,8.0,0.5021949078138718,0.4978050921861282,7.5,0.5,2026-09-20T11:24:00,market_spreads_week2_2026.csv
2026,2,2026_02_DET_BUF,2026-09-17,BUF,DET,betano_ca_on,Betano (CA - ON),ca,-5.5,-115,5.5,-114,5.5,0.5010179153094463,0.4989820846905537,4.5,1.0,2026-09-17T11:58:04,market_spreads_week2_2026.csv
2026,2,2026_02_DET_BUF,2026-09-17,BUF,DET,betmgm,BetMGM,us,-5.5,-110,5.5,-108,5.5,0.5021949078138718,0.4978050921861282,4.5,1.0,2026-09-17T11:58:04,market_spreads_week2_2026.csv
2026,2,2026_02_DET_BUF,2026-09-17,BUF,DET,betmgm_ca_on,BetMGM (CA - ON),ca,-5.5,-110,5.5,-108,5.5,0.5021949078138718,0.4978050921861282,4.5,1.0,2026-09-17T11:58:04,market_spreads_week2_2026.csv
2026,2,2026_02_DET_BUF,2026-09-17,BUF,DET,betonlineag,BetOnline.ag,us,-5.5,-110,5.5,-110,5.5,0.5,0.5,4.5,1.0,2026-09-17T11:58:04,market_spreads_week2_2026.csv
2026,2,2026_02_DET_BUF,2026-09-17,BUF,DET,betrivers,BetRivers,us,-5.0,-112,5.0,-109,5.0,0.5032246968784934,0.4967753031215066,4.5,0.5,2026-09-17T11:58:04,market_spreads_week2_2026.csv
2026,2,2026_02_DET_BUF,2026-09-17,BUF,DET,betrivers_ca_on,BetRivers (CA - ON),ca,-5.0,-112,5.0,-109,5.0,0.5032246968784934,0.4967753031215066,4.5,0.5,2026-09-17T11:58:04,market_spreads_week2_2026.csv
2026,2,2026_02_DET_BUF,2026-09-17,BUF,DET,betus,BetUS,us,-5.5,-110,5.5,-110,5.5,0.5,0.5,4.5,1.0,2026-09-17T11:58:04,market_spreads_week2_2026.csv
2026,2,2026_02_DET_BUF,2026-09-17,BUF,DET,bovada,Bovada,us,-5.5,-110,5.5,-110,5.5,0.5,0.5,4.5,1.0,2026-09-17T11:58:04,market_spreads_week2_2026.csv
2026,2,2026_02_DET_BUF,2026-09-17,BUF,DET,draftkings,DraftKings,us,-5.5,-105,5.5,-115,5.5,0.4891657638136511,0.5108342361863489,4.5,1.0,2026-09-17T11:58:04,market_spreads_week2_2026.csv
2026,2,2026_02_DET_BUF,2026-09-17,BUF,DET,fanduel,FanDuel,us,-5.5,-112,5.5,-108,5.5,0.5043297540699688,0.4956702459300312,4.5,1.0,2026-09-17T11:58:04,market_spreads_week2_2026.csv
2026,2,2026_02_DET_BUF,2026-09-17,BUF,DET,lowvig,LowVig.ag,us,-5.5,-105,5.5,-105,5.5,0.5,0.5,4.5,1.0,2026-09-17T11:58:04,market_spreads_week2_2026.csv
2026,2,2026_02_DET_BUF,2026-09-17,BUF,DET,mybookieag,MyBookie.ag,us,-5.5,-110,5.5,-110,5.5,0.5,0.5,4.5,1.0,2026-09-17T11:58:04,market_spreads_week2_2026.csv
2026,2,2026_02_DET_BUF,2026-09-17,BUF,DET,playnow_ca,PlayNow (CA),ca,-4.0,-137,4.0,-105,4.0,0.5302057768548235,0.4697942231451765,4.5,-0.5,2026-09-17T11:58:04,market_spreads_week2_2026.csv
2026,2,2026_02_DET_BUF,2026-09-17,BUF,DET,pointsbetca,PointsBet (CA - ON),ca,-5.5,-110,5.5,-110,5.5,0.5,0.5,4.5,1.0,2026-09-17T11:58:04,market_spreads_week2_2026.csv
2026,2,2026_02_DET_BUF,2026-09-17,BUF,DET,proline_ca_on,PROLINE (CA - ON),ca,-5.0,-125,5.0,-122,5.0,0.5027173913043479,0.4972826086956521,4.5,0.5,2026-09-17T11:58:04,market_spreads_week2_2026.csv
2026,2,2026_02_DET_BUF,2026-09-17,BUF,DET,sportsinteraction_ca_on,Sports Interaction (CA - ON),ca,-5.5,-110,5.5,-108,5.5,0.5021949078138718,0.4978050921861282,4.5,1.0,2026-09-17T11:58:04,market_spreads_week2_2026.csv
2026,2,2026_02_GB_NYJ,2026-09-20,NYJ,GB,betano_ca_on,Betano (CA - ON),ca,3.5,-118,-3.5,-111,-3.5,0.5071288903372982,0.4928711096627017,-3.5,0.0,2026-09-20T11:24:00,market_spreads_week2_2026.csv
2026,2,2026_02_GB_NYJ,2026-09-20,NYJ,GB,betmgm,BetMGM,us,3.5,-118,-3.5,-102,-3.5,0.5173641257162701,0.4826358742837299,-3.5,0.0,2026-09-20T11:24:00,market_spreads_week2_2026.csv
2026,2,2026_02_GB_NYJ,2026-09-20,NYJ,GB,betmgm_ca_on,BetMGM (CA - ON),ca,3.5,-118,-3.5,-102,-3.5,0.5173641257162701,0.4826358742837299,-3.5,0.0,2026-09-20T11:24:00,market_spreads_week2_2026.csv
2026,2,2026_02_GB_NYJ,2026-09-20,NYJ,GB,betonlineag,BetOnline.ag,us,3.0,-105,-3.0,-115,-3.0,0.4891657638136511,0.5108342361863489,-3.5,0.5,2026-09-20T11:24:00,market_spreads_week2_2026.csv
2026,2,2026_02_GB_NYJ,2026-09-20,NYJ,GB,betrivers,BetRivers,us,3.5,-117,-3.5,-105,-3.5,0.5128287363694676,0.4871712636305324,-3.5,0.0,2026-09-20T11:24:00,market_spreads_week2_2026.csv
2026,2,2026_02_GB_NYJ,2026-09-20,NYJ,GB,betrivers_ca_on,BetRivers (CA - ON),ca,3.5,-117,-3.5,-105,-3.5,0.5128287363694676,0.4871712636305324,-3.5,0.0,2026-09-20T11:24:00,market_spreads_week2_2026.csv
2026,2,2026_02_GB_NYJ,2026-09-20,NYJ,GB,betus,BetUS,us,3.0,-105,-3.0,-115,-3.0,0.4891657638136511,0.5108342361863489,-3.5,0.5,2026-09-20T11:24:00,market_spreads_week2_2026.csv
2026,2,2026_02_GB_NYJ,2026-09-20,NYJ,GB,bovada,Bovada,us,3.0,100,-3.0,-120,-3.0,0.4782608695652174,0.5217391304347826,-3.5,0.5,2026-09-20T11:24:00,market_spreads_week2_2026.csv
2026,2,2026_02_GB_NYJ,2026-09-20,NYJ,GB,draftkings,DraftKings,us,3.5,-112,-3.5,-108,-3.5,0.5043297540699688,0.4956702459300312,-3.5,0.0,2026-09-20T11:24:00,market_spreads_week2_2026.csv
2026,2,2026_02_GB_NYJ,2026-09-20,NYJ,GB,fanduel,FanDuel,us,3.5,-115,-3.5,-105,-3.5,0.5108342361863488,0.4891657638136512,-3.5,0.0,2026-09-20T11:24:00,market_spreads_week2_2026.csv
2026,2,2026_02_GB_NYJ,2026-09-20,NYJ,GB,lowvig,LowVig.ag,us,3.0,-101,-3.0,-109,-3.0,0.4907015667859966,0.5092984332140034,-3.5,0.5,2026-09-20T11:24:00,market_spreads_week2_2026.csv
2026,2,2026_02_GB_NYJ,2026-09-20,NYJ,GB,mybookieag,MyBookie.ag,us,3.5,-120,-3.5,100,-3.5,0.5217391304347826,0.4782608695652174,-3.5,0.0,2026-09-20T11:24:00,market_spreads_week2_2026.csv
2026,2,2026_02_GB_NYJ,2026-09-20,NYJ,GB,playnow_ca,PlayNow (CA),ca,4.0,-137,-4.0,110,-4.0,0.5483133218982277,0.4516866781017723,-3.5,-0.5,2026-09-20T11:24:00,market_spreads_week2_2026.csv
2026,2,2026_02_GB_NYJ,2026-09-20,NYJ,GB,pointsbetca,PointsBet (CA - ON),ca,3.5,-115,-3.5,-105,-3.5,0.5108342361863488,0.4891657638136512,-3.5,0.0,2026-09-20T11:24:00,market_spreads_week2_2026.csv
2026,2,2026_02_GB_NYJ,2026-09-20,NYJ,GB,proline_ca_on,PROLINE (CA - ON),ca,3.5,-130,-3.5,-118,-3.5,0.5108147080028839,0.4891852919971161,-3.5,0.0,2026-09-20T11:24:00,market_spreads_week2_2026.csv
2026,2,2026_02_GB_NYJ,2026-09-20,NYJ,GB,sportsinteraction_ca_on,Sports Interaction (CA - ON),ca,3.5,-118,-3.5,-102,-3.5,0.5173641257162701,0.4826358742837299,-3.5,0.0,2026-09-20T11:24:00,market_spreads_week2_2026.csv
2026,2,2026_02_IND_KC,2026-09-20,KC,IND,betano_ca_on,Betano (CA - ON),ca,-6.5,100,6.5,-122,6.5,0.4763948497854076,0.5236051502145924,6.0,0.5,2026-09-20T11:24:00,market_spreads_week2_2026.csv
2026,2,2026_02_IND_KC,2026-09-20,KC,IND,betonlineag,BetOnline.ag,us,-6.0,-106,6.0,-114,6.0,0.4913359902963091,0.5086640097036909,6.0,0.0,2026-09-20T11:24:00,market_spreads_week2_2026.csv
2026,2,2026_02_IND_KC,2026-09-20,KC,IND,betrivers,BetRivers,us,-6.0,-114,6.0,-107,6.0,0.507527529249828,0.492472470750172,6.0,0.0,2026-09-20T11:24:00,market_spreads_week2_2026.csv
2026,2,2026_02_IND_KC,2026-09-20,KC,IND,betrivers_ca_on,BetRivers (CA - ON),ca,-6.0,-114,6.0,-107,6.0,0.507527529249828,0.492472470750172,6.0,0.0,2026-09-20T11:24:00,market_spreads_week2_2026.csv
2026,2,2026_02_IND_KC,2026-09-20,KC,IND,betus,BetUS,us,-6.0,-105,6.0,-115,6.0,0.4891657638136511,0.5108342361863489,6.0,0.0,2026-09-20T11:24:00,market_spreads_week2_2026.csv
2026,2,2026_02_IND_KC,2026-09-20,KC,IND,bovada,Bovada,us,-5.5,-110,5.5,-110,5.5,0.5,0.5,6.0,-0.5,2026-09-20T11:24:00,market_spreads_week2_2026.csv
2026,2,2026_02_IND_KC,2026-09-20,KC,IND,draftkings,DraftKings,us,-6.0,-108,6.0,-112,6.0,0.4956702459300312,0.5043297540699688,6.0,0.0,2026-09-20T11:24:00,market_spreads_week2_2026.csv
2026,2,2026_02_IND_KC,2026-09-20,KC,IND,fanduel,FanDuel,us,-6.5,-102,6.5,-120,6.5,0.480719794344473,0.519280205655527,6.0,0.5,2026-09-20T11:24:00,market_spreads_week2_2026.csv
2026,2,2026_02_IND_KC,2026-09-20,KC,IND,lowvig,LowVig.ag,us,-6.0,-101,6.0,-109,6.0,0.4907015667859966,0.5092984332140034,6.0,0.0,2026-09-20T11:24:00,market_spreads_week2_2026.csv
2026,2,2026_02_IND_KC,2026-09-20,KC,IND,mybookieag,MyBookie.ag,us,-6.0,-110,6.0,-110,6.0,0.5,0.5,6.0,0.0,2026-09-20T11:24:00,market_spreads_week2_2026.csv
2026,2,2026_02_IND_KC,2026-09-20,KC,IND,playnow_ca,PlayNow (CA),ca,-9.0,140,9.0,-169,9.0,0.3987548176697302,0.6012451823302698,6.0,3.0,2026-09-20T11:24:00,market_spreads_week2_2026.csv
2026,2,2026_02_IND_KC,2026-09-20,KC,IND,pointsbetca,PointsBet (CA - ON),ca,-5.5,-115,5.5,-105,5.5,0.5108342361863488,0.4891657638136512,6.0,-0.5,2026-09-20T11:24:00,market_spreads_week2_2026.csv
2026,2,2026_02_IND_KC,2026-09-20,KC,IND,proline_ca_on,PROLINE (CA - ON),ca,-6.0,-129,6.0,-120,6.0,0.5080558539205157,0.4919441460794843,6.0,0.0,2026-09-20T11:24:00,market_spreads_week2_2026.csv
2026,2,2026_02_JAX_DEN,2026-09-20,DEN,JAX,betano_ca_on,Betano (CA - ON),ca,-2.5,-122,2.5,100,2.5,0.5236051502145922,0.4763948497854078,3.0,-0.5,2026-09-20T11:24:00,market_spreads_week2_2026.csv
2026,2,2026_02_JAX_DEN,2026-09-20,DEN,JAX,betmgm,BetMGM,us,-2.5,-118,2.5,-102,2.5,0.5173641257162701,0.4826358742837299,3.0,-0.5,2026-09-20T11:24:00,market_spreads_week2_2026.csv
2026,2,2026_02_JAX_DEN,2026-09-20,DEN,JAX,betmgm_ca_on,BetMGM (CA - ON),ca,-2.5,-118,2.5,-102,2.5,0.5173641257162701,0.4826358742837299,3.0,-0.5,2026-09-20T11:24:00,market_spreads_week2_2026.csv
2026,2,2026_02_JAX_DEN,2026-09-20,DEN,JAX,betonlineag,BetOnline.ag,us,-2.5,-119,2.5,-101,2.5,0.5195490681610843,0.4804509318389157,3.0,-0.5,2026-09-20T11:24:00,market_spreads_week2_2026.csv
2026,2,2026_02_JAX_DEN,2026-09-20,DEN,JAX,betrivers,BetRivers,us,-3.0,-105,3.0,-117,3.0,0.4871712636305324,0.5128287363694676,3.0,0.0,2026-09-20T11:24:00,market_spreads_week2_2026.csv
2026,2,2026_02_JAX_DEN,2026-09-20,DEN,JAX,betrivers_ca_on,BetRivers (CA - ON),ca,-3.0,-105,3.0,-117,3.0,0.4871712636305324,0.5128287363694676,3.0,0.0,2026-09-20T11:24:00,market_spreads_week2_2026.csv
2026,2,2026_02_JAX_DEN,2026-09-20,DEN,JAX,betus,BetUS,us,-3.0,100,3.0,-120,3.0,0.4782608695652174,0.5217391304347826,3.0,0.0,2026-09-20T11:24:00,market_spreads_week2_2026.csv
2026,2,2026_02_JAX_DEN,2026-09-20,DEN,JAX,bovada,Bovada,us,-2.5,-120,2.5,100,2.5,0.5217391304347826,0.4782608695652174,3.0,-0.5,2026-09-20T11:24:00,market_spreads_week2_2026.csv
2026,2,2026_02_JAX_DEN,2026-09-20,DEN,JAX,draftkings,DraftKings,us,-2.5,-115,2.5,-105,2.5,0.5108342361863488,0.4891657638136512,3.0,-0.5,2026-09-20T11:24:00,market_spreads_week2_2026.csv
2026,2,2026_02_JAX_DEN,2026-09-20,DEN,JAX,fanduel,FanDuel,us,-2.5,-120,2.5,-102,2.5,0.519280205655527,0.480719794344473,3.0,-0.5,2026-09-20T11:24:00,market_spreads_week2_2026.csv
2026,2,2026_02_JAX_DEN,2026-09-20,DEN,JAX,lowvig,LowVig.ag,us,-2.5,-116,2.5,105,2.5,0.5240193918025562,0.4759806081974438,3.0,-0.5,2026-09-20T11:24:00,market_spreads_week2_2026.csv
2026,2,2026_02_JAX_DEN,2026-09-20,DEN,JAX,mybookieag,MyBookie.ag,us,-2.5,-120,2.5,100,2.5,0.5217391304347826,0.4782608695652174,3.0,-0.5,2026-09-20T11:24:00,market_spreads_week2_2026.csv
2026,2,2026_02_JAX_DEN,2026-09-20,DEN,JAX,playnow_ca,PlayNow (CA),ca,-1.0,-145,1.0,120,1.0,0.5656028368794326,0.4343971631205674,3.0,-2.0,2026-09-20T11:24:00,market_spreads_week2_2026.csv
2026,2,2026_02_JAX_DEN,2026-09-20,DEN,JAX,pointsbetca,PointsBet (CA - ON),ca,-2.5,-115,2.5,-105,2.5,0.5108342361863488,0.4891657638136512,3.0,-0.5,2026-09-20T11:24:00,market_spreads_week2_2026.csv
2026,2,2026_02_JAX_DEN,2026-09-20,DEN,JAX,proline_ca_on,PROLINE (CA - ON),ca,-3.0,-118,3.0,-130,3.0,0.4891852919971161,0.510814708002884,3.0,0.0,2026-09-20T11:24:00,market_spreads_week2_2026.csv
2026,2,2026_02_JAX_DEN,2026-09-20,DEN,JAX,sportsinteraction_ca_on,Sports Interaction (CA - ON),ca,-2.5,-118,2.5,-102,2.5,0.5173641257162701,0.4826358742837299,3.0,-0.5,2026-09-20T11:24:00,market_spreads_week2_2026.csv
2026,2,2026_02_LV_LAC,2026-09-20,LAC,LV,betano_ca_on,Betano (CA - ON),ca,-6.5,-118,6.5,-105,6.5,0.513806287170773,0.4861937128292269,7.0,-0.5,2026-09-20T11:24:00,market_spreads_week2_2026.csv
2026,2,2026_02_LV_LAC,2026-09-20,LAC,LV,betmgm,BetMGM,us,-6.5,-115,6.5,-102,6.5,0.5143932683790965,0.4856067316209035,7.0,-0.5,2026-09-20T11:24:00,market_spreads_week2_2026.csv
2026,2,2026_02_LV_LAC,2026-09-20,LAC,LV,betmgm_ca_on,BetMGM (CA - ON),ca,-6.5,-115,6.5,-102,6.5,0.5143932683790965,0.4856067316209035,7.0,-0.5,2026-09-20T11:24:00,market_spreads_week2_2026.csv
2026,2,2026_02_LV_LAC,2026-09-20,LAC,LV,betonlineag,BetOnline.ag,us,-6.5,-115,6.5,-105,6.5,0.5108342361863488,0.4891657638136512,7.0,-0.5,2026-09-20T11:24:00,market_spreads_week2_2026.csv
2026,2,2026_02_LV_LAC,2026-09-20,LAC,LV,betrivers,BetRivers,us,-6.5,-115,6.5,-106,6.5,0.5096815834767643,0.4903184165232357,7.0,-0.5,2026-09-20T11:24:00,market_spreads_week2_2026.csv
2026,2,2026_02_LV_LAC,2026-09-20,LAC,LV,betrivers_ca_on,BetRivers (CA - ON),ca,-6.5,-115,6.5,-106,6.5,0.5096815834767643,0.4903184165232357,7.0,-0.5,2026-09-20T11:24:00,market_spreads_week2_2026.csv
2026,2,2026_02_LV_LAC,2026-09-20,LAC,LV,betus,BetUS,us,-7.0,100,7.0,-120,7.0,0.4782608695652174,0.5217391304347826,7.0,0.0,2026-09-20T11:24:00,market_spreads_week2_2026.csv
2026,2,2026_02_LV_LAC,2026-09-20,LAC,LV,bovada,Bovada,us,-6.5,-110,6.5,-110,6.5,0.5,0.5,7.0,-0.5,2026-09-20T11:24:00,market_spreads_week2_2026.csv
2026,2,2026_02_LV_LAC,2026-09-20,LAC,LV,draftkings,DraftKings,us,-6.5,-122,6.5,102,6.5,0.5260865852617197,0.4739134147382803,7.0,-0.5,2026-09-20T11:24:00,market_spreads_week2_2026.csv
2026,2,2026_02_LV_LAC,2026-09-20,LAC,LV,fanduel,FanDuel,us,-6.5,-115,6.5,-105,6.5,0.5108342361863488,0.4891657638136512,7.0,-0.5,2026-09-20T11:24:00,market_spreads_week2_2026.csv
2026,2,2026_02_LV_LAC,2026-09-20,LAC,LV,lowvig,LowVig.ag,us,-6.5,-108,6.5,-102,6.5,0.5069715560513107,0.4930284439486893,7.0,-0.5,2026-09-20T11:24:00,market_spreads_week2_2026.csv
2026,2,2026_02_LV_LAC,2026-09-20,LAC,LV,mybookieag,MyBookie.ag,us,-6.5,-110,6.5,-110,6.5,0.5,0.5,7.0,-0.5,2026-09-20T11:24:00,market_spreads_week2_2026.csv
2026,2,2026_02_LV_LAC,2026-09-20,LAC,LV,playnow_ca,PlayNow (CA),ca,-5.5,-128,5.5,105,5.5,0.5350734094616639,0.464926590538336,7.0,-1.5,2026-09-20T11:24:00,market_spreads_week2_2026.csv
2026,2,2026_02_LV_LAC,2026-09-20,LAC,LV,pointsbetca,PointsBet (CA - ON),ca,-6.5,-115,6.5,-105,6.5,0.5108342361863488,0.4891657638136512,7.0,-0.5,2026-09-20T11:24:00,market_spreads_week2_2026.csv
2026,2,2026_02_LV_LAC,2026-09-20,LAC,LV,proline_ca_on,PROLINE (CA - ON),ca,-6.5,-129,6.5,-120,6.5,0.5080558539205157,0.4919441460794843,7.0,-0.5,2026-09-20T11:24:00,market_spreads_week2_2026.csv
2026,2,2026_02_LV_LAC,2026-09-20,LAC,LV,sportsinteraction_ca_on,Sports Interaction (CA - ON),ca,-6.5,-115,6.5,-102,6.5,0.5143932683790965,0.4856067316209035,7.0,-0.5,2026-09-20T11:24:00,market_spreads_week2_2026.csv
2026,2,2026_02_MIA_SF,2026-09-20,SF,MIA,betano_ca_on,Betano (CA - ON),ca,-12.5,-118,12.5,-105,12.5,0.513806287170773,0.4861937128292269,13.5,-1.0,2026-09-20T11:24:00,market_spreads_week2_2026.csv
2026,2,2026_02_MIA_SF,2026-09-20,SF,MIA,betmgm,BetMGM,us,-13.5,-110,13.5,-108,13.5,0.5021949078138718,0.4978050921861282,13.5,0.0,2026-09-20T11:24:00,market_spreads_week2_2026.csv
2026,2,2026_02_MIA_SF,2026-09-20,SF,MIA,betmgm_ca_on,BetMGM (CA - ON),ca,-13.5,-110,13.5,-108,13.5,0.5021949078138718,0.4978050921861282,13.5,0.0,2026-09-20T11:24:00,market_spreads_week2_2026.csv
2026,2,2026_02_MIA_SF,2026-09-20,SF,MIA,betonlineag,BetOnline.ag,us,-13.0,-115,13.0,-105,13.0,0.5108342361863488,0.4891657638136512,13.5,-0.5,2026-09-20T11:24:00,market_spreads_week2_2026.csv
2026,2,2026_02_MIA_SF,2026-09-20,SF,MIA,betrivers,BetRivers,us,-13.5,-107,13.5,-114,13.5,0.4924724707501721,0.5075275292498278,13.5,0.0,2026-09-20T11:24:00,market_spreads_week2_2026.csv
2026,2,2026_02_MIA_SF,2026-09-20,SF,MIA,betrivers_ca_on,BetRivers (CA - ON),ca,-13.5,-107,13.5,-114,13.5,0.4924724707501721,0.5075275292498278,13.5,0.0,2026-09-20T11:24:00,market_spreads_week2_2026.csv
2026,2,2026_02_MIA_SF,2026-09-20,SF,MIA,betus,BetUS,us,-13.5,-110,13.5,-110,13.5,0.5,0.5,13.5,0.0,2026-09-20T11:24:00,market_spreads_week2_2026.csv
2026,2,2026_02_MIA_SF,2026-09-20,SF,MIA,bovada,Bovada,us,-13.5,-110,13.5,-110,13.5,0.5,0.5,13.5,0.0,2026-09-20T11:24:00,market_spreads_week2_2026.csv
2026,2,2026_02_MIA_SF,2026-09-20,SF,MIA,draftkings,DraftKings,us,-13.5,-110,13.5,-110,13.5,0.5,0.5,13.5,0.0,2026-09-20T11:24:00,market_spreads_week2_2026.csv
2026,2,2026_02_MIA_SF,2026-09-20,SF,MIA,fanduel,FanDuel,us,-13.5,-105,13.5,-115,13.5,0.4891657638136511,0.5108342361863489,13.5,0.0,2026-09-20T11:24:00,market_spreads_week2_2026.csv
2026,2,2026_02_MIA_SF,2026-09-20,SF,MIA,lowvig,LowVig.ag,us,-13.0,-109,13.0,-101,13.0,0.5092984332140034,0.4907015667859966,13.5,-0.5,2026-09-20T11:24:00,market_spreads_week2_2026.csv
2026,2,2026_02_MIA_SF,2026-09-20,SF,MIA,mybookieag,MyBookie.ag,us,-13.5,-110,13.5,-110,13.5,0.5,0.5,13.5,0.0,2026-09-20T11:24:00,market_spreads_week2_2026.csv
2026,2,2026_02_MIA_SF,2026-09-20,SF,MIA,playnow_ca,PlayNow (CA),ca,-10.0,-154,10.0,125,10.0,0.5770191507077436,0.4229808492922564,13.5,-3.5,2026-09-20T11:24:00,market_spreads_week2_2026.csv
2026,2,2026_02_MIA_SF,2026-09-20,SF,MIA,pointsbetca,PointsBet (CA - ON),ca,-13.5,-110,13.5,-110,13.5,0.5,0.5,13.5,0.0,2026-09-20T11:24:00,market_spreads_week2_2026.csv
2026,2,2026_02_MIA_SF,2026-09-20,SF,MIA,proline_ca_on,PROLINE (CA - ON),ca,-13.5,-121,13.5,-127,13.5,0.4945979039867469,0.505402096013253,13.5,0.0,2026-09-20T11:24:00,market_spreads_week2_2026.csv
2026,2,2026_02_MIA_SF,2026-09-20,SF,MIA,sportsinteraction_ca_on,Sports Interaction (CA - ON),ca,-13.5,-110,13.5,-108,13.5,0.5021949078138718,0.4978050921861282,13.5,0.0,2026-09-20T11:24:00,market_spreads_week2_2026.csv
2026,2,2026_02_MIN_CHI,2026-09-20,CHI,MIN,betano_ca_on,Betano (CA - ON),ca,-4.5,-115,4.5,-115,4.5,0.5,0.5,4.5,0.0,2026-09-20T11:24:00,market_spreads_week2_2026.csv
2026,2,2026_02_MIN_CHI,2026-09-20,CHI,MIN,betmgm,BetMGM,us,-4.5,-105,4.5,-105,4.5,0.5,0.5,4.5,0.0,2026-09-20T11:24:00,market_spreads_week2_2026.csv
2026,2,2026_02_MIN_CHI,2026-09-20,CHI,MIN,betmgm_ca_on,BetMGM (CA - ON),ca,-4.5,-105,4.5,-105,4.5,0.5,0.5,4.5,0.0,2026-09-20T11:24:00,market_spreads_week2_2026.csv
2026,2,2026_02_MIN_CHI,2026-09-20,CHI,MIN,betonlineag,BetOnline.ag,us,-4.5,-108,4.5,-112,4.5,0.4956702459300312,0.5043297540699688,4.5,0.0,2026-09-20T11:24:00,market_spreads_week2_2026.csv
2026,2,2026_02_MIN_CHI,2026-09-20,CHI,MIN,betrivers,BetRivers,us,-5.0,-108,5.0,-113,5.0,0.494624580717296,0.505375419282704,4.5,0.5,2026-09-20T11:24:00,market_spreads_week2_2026.csv
2026,2,2026_02_MIN_CHI,2026-09-20,CHI,MIN,betrivers_ca_on,BetRivers (CA - ON),ca,-5.0,-108,5.0,-113,5.0,0.494624580717296,0.505375419282704,4.5,0.5,2026-09-20T11:24:00,market_spreads_week2_2026.csv
2026,2,2026_02_MIN_CHI,2026-09-20,CHI,MIN,betus,BetUS,us,-4.5,-110,4.5,-110,4.5,0.5,0.5,4.5,0.0,2026-09-20T11:24:00,market_spreads_week2_2026.csv
2026,2,2026_02_MIN_CHI,2026-09-20,CHI,MIN,bovada,Bovada,us,-4.5,-110,4.5,-110,4.5,0.5,0.5,4.5,0.0,2026-09-20T11:24:00,market_spreads_week2_2026.csv
2026,2,2026_02_MIN_CHI,2026-09-20,CHI,MIN,draftkings,DraftKings,us,-4.5,-112,4.5,-108,4.5,0.5043297540699688,0.4956702459300312,4.5,0.0,2026-09-20T11:24:00,market_spreads_week2_2026.csv
2026,2,2026_02_MIN_CHI,2026-09-20,CHI,MIN,fanduel,FanDuel,us,-4.5,-110,4.5,-110,4.5,0.5,0.5,4.5,0.0,2026-09-20T11:24:00,market_spreads_week2_2026.csv
2026,2,2026_02_MIN_CHI,2026-09-20,CHI,MIN,lowvig,LowVig.ag,us,-4.5,-105,4.5,-105,4.5,0.5,0.5,4.5,0.0,2026-09-20T11:24:00,market_spreads_week2_2026.csv
2026,2,2026_02_MIN_CHI,2026-09-20,CHI,MIN,mybookieag,MyBookie.ag,us,-4.5,-110,4.5,-110,4.5,0.5,0.5,4.5,0.0,2026-09-20T11:24:00,market_spreads_week2_2026.csv
2026,2,2026_02_MIN_CHI,2026-09-20,CHI,MIN,playnow_ca,PlayNow (CA),ca,-6.5,110,6.5,-137,6.5,0.4516866781017724,0.5483133218982276,4.5,2.0,2026-09-20T11:24:00,market_spreads_week2_2026.csv
2026,2,2026_02_MIN_CHI,2026-09-20,CHI,MIN,pointsbetca,PointsBet (CA - ON),ca,-4.5,-110,4.5,-110,4.5,0.5,0.5,4.5,0.0,2026-09-20T11:24:00,market_spreads_week2_2026.csv
2026,2,2026_02_MIN_CHI,2026-09-20,CHI,MIN,proline_ca_on,PROLINE (CA - ON),ca,-5.0,-121,5.0,-127,5.0,0.4945979039867469,0.505402096013253,4.5,0.5,2026-09-20T11:24:00,market_spreads_week2_2026.csv
2026,2,2026_02_MIN_CHI,2026-09-20,CHI,MIN,sportsinteraction_ca_on,Sports Interaction (CA - ON),ca,-4.5,-105,4.5,-105,4.5,0.5,0.5,4.5,0.0,2026-09-20T11:24:00,market_spreads_week2_2026.csv
2026,2,2026_02_NO_BAL,2026-09-20,BAL,NO,betano_ca_on,Betano (CA - ON),ca,-8.5,-110,8.5,-120,8.5,0.4898785425101215,0.5101214574898785,8.5,0.0,2026-09-20T11:24:00,market_spreads_week2_2026.csv
2026,2,2026_02_NO_BAL,2026-09-20,BAL,NO,betmgm,BetMGM,us,-8.5,-105,8.5,-105,8.5,0.5,0.5,8.5,0.0,2026-09-20T11:24:00,market_spreads_week2_2026.csv
2026,2,2026_02_NO_BAL,2026-09-20,BAL,NO,betmgm_ca_on,BetMGM (CA - ON),ca,-8.5,-105,8.5,-105,8.5,0.5,0.5,8.5,0.0,2026-09-20T11:24:00,market_spreads_week2_2026.csv
2026,2,2026_02_NO_BAL,2026-09-20,BAL,NO,betonlineag,BetOnline.ag,us,-9.0,101,9.0,-121,9.0,0.4760776372762327,0.5239223627237672,8.5,0.5,2026-09-20T11:24:00,market_spreads_week2_2026.csv
2026,2,2026_02_NO_BAL,2026-09-20,BAL,NO,betrivers,BetRivers,us,-8.5,-107,8.5,-114,8.5,0.4924724707501721,0.5075275292498278,8.5,0.0,2026-09-20T11:24:00,market_spreads_week2_2026.csv
2026,2,2026_02_NO_BAL,2026-09-20,BAL,NO,betrivers_ca_on,BetRivers (CA - ON),ca,-8.5,-107,8.5,-114,8.5,0.4924724707501721,0.5075275292498278,8.5,0.0,2026-09-20T11:24:00,market_spreads_week2_2026.csv
2026,2,2026_02_NO_BAL,2026-09-20,BAL,NO,betus,BetUS,us,-9.0,100,9.0,-120,9.0,0.4782608695652174,0.5217391304347826,8.5,0.5,2026-09-20T11:24:00,market_spreads_week2_2026.csv
2026,2,2026_02_NO_BAL,2026-09-20,BAL,NO,bovada,Bovada,us,-8.0,-110,8.0,-110,8.0,0.5,0.5,8.5,-0.5,2026-09-20T11:24:00,market_spreads_week2_2026.csv
2026,2,2026_02_NO_BAL,2026-09-20,BAL,NO,draftkings,DraftKings,us,-8.5,-105,8.5,-115,8.5,0.4891657638136511,0.5108342361863489,8.5,0.0,2026-09-20T11:24:00,market_spreads_week2_2026.csv
2026,2,2026_02_NO_BAL,2026-09-20,BAL,NO,fanduel,FanDuel,us,-8.5,-105,8.5,-115,8.5,0.4891657638136511,0.5108342361863489,8.5,0.0,2026-09-20T11:24:00,market_spreads_week2_2026.csv
2026,2,2026_02_NO_BAL,2026-09-20,BAL,NO,lowvig,LowVig.ag,us,-9.0,104,9.0,-115,9.0,0.478202846975089,0.521797153024911,8.5,0.5,2026-09-20T11:24:00,market_spreads_week2_2026.csv
2026,2,2026_02_NO_BAL,2026-09-20,BAL,NO,mybookieag,MyBookie.ag,us,-9.0,100,9.0,-120,9.0,0.4782608695652174,0.5217391304347826,8.5,0.5,2026-09-20T11:24:00,market_spreads_week2_2026.csv
2026,2,2026_02_NO_BAL,2026-09-20,BAL,NO,playnow_ca,PlayNow (CA),ca,-7.0,-125,7.0,105,7.0,0.5324675324675325,0.4675324675324674,8.5,-1.5,2026-09-20T11:24:00,market_spreads_week2_2026.csv
2026,2,2026_02_NO_BAL,2026-09-20,BAL,NO,pointsbetca,PointsBet (CA - ON),ca,-8.5,-110,8.5,-110,8.5,0.5,0.5,8.5,0.0,2026-09-20T11:24:00,market_spreads_week2_2026.csv
2026,2,2026_02_NO_BAL,2026-09-20,BAL,NO,proline_ca_on,PROLINE (CA - ON),ca,-8.0,-129,8.0,-121,8.0,0.5071151588459212,0.4928848411540788,8.5,-0.5,2026-09-20T11:24:00,market_spreads_week2_2026.csv
2026,2,2026_02_NO_BAL,2026-09-20,BAL,NO,sportsinteraction_ca_on,Sports Interaction (CA - ON),ca,-8.5,-105,8.5,-105,8.5,0.5,0.5,8.5,0.0,2026-09-20T11:24:00,market_spreads_week2_2026.csv
2026,2,2026_02_NYG_LA,2026-09-21,LA,NYG,betano_ca_on,Betano (CA - ON),ca,-7.5,-105,7.5,-125,7.5,0.4796954314720812,0.5203045685279188,7.0,0.5,2026-09-20T11:24:00,market_spreads_week2_2026.csv
2026,2,2026_02_NYG_LA,2026-09-21,LA,NYG,betmgm,BetMGM,us,-7.0,-110,7.0,-108,7.0,0.5021949078138718,0.4978050921861282,7.0,0.0,2026-09-20T11:24:00,market_spreads_week2_2026.csv
2026,2,2026_02_NYG_LA,2026-09-21,LA,NYG,betmgm_ca_on,BetMGM (CA - ON),ca,-7.0,-110,7.0,-108,7.0,0.5021949078138718,0.4978050921861282,7.0,0.0,2026-09-20T11:24:00,market_spreads_week2_2026.csv
2026,2,2026_02_NYG_LA,2026-09-21,LA,NYG,betonlineag,BetOnline.ag,us,-7.0,-110,7.0,-110,7.0,0.5,0.5,7.0,0.0,2026-09-20T11:24:00,market_spreads_week2_2026.csv
2026,2,2026_02_NYG_LA,2026-09-21,LA,NYG,betrivers,BetRivers,us,-7.0,-112,7.0,-109,7.0,0.5032246968784934,0.4967753031215066,7.0,0.0,2026-09-20T11:24:00,market_spreads_week2_2026.csv
2026,2,2026_02_NYG_LA,2026-09-21,LA,NYG,betrivers_ca_on,BetRivers (CA - ON),ca,-7.0,-112,7.0,-109,7.0,0.5032246968784934,0.4967753031215066,7.0,0.0,2026-09-20T11:24:00,market_spreads_week2_2026.csv
2026,2,2026_02_NYG_LA,2026-09-21,LA,NYG,betus,BetUS,us,-7.0,-110,7.0,-110,7.0,0.5,0.5,7.0,0.0,2026-09-20T11:24:00,market_spreads_week2_2026.csv
2026,2,2026_02_NYG_LA,2026-09-21,LA,NYG,bovada,Bovada,us,-7.0,-110,7.0,-110,7.0,0.5,0.5,7.0,0.0,2026-09-20T11:24:00,market_spreads_week2_2026.csv
2026,2,2026_02_NYG_LA,2026-09-21,LA,NYG,draftkings,DraftKings,us,-7.0,-108,7.0,-112,7.0,0.4956702459300312,0.5043297540699688,7.0,0.0,2026-09-20T11:24:00,market_spreads_week2_2026.csv
2026,2,2026_02_NYG_LA,2026-09-21,LA,NYG,fanduel,FanDuel,us,-7.5,100,7.5,-122,7.5,0.4763948497854076,0.5236051502145924,7.0,0.5,2026-09-20T11:24:00,market_spreads_week2_2026.csv
2026,2,2026_02_NYG_LA,2026-09-21,LA,NYG,lowvig,LowVig.ag,us,-7.0,-105,7.0,-105,7.0,0.5,0.5,7.0,0.0,2026-09-20T11:24:00,market_spreads_week2_2026.csv
2026,2,2026_02_NYG_LA,2026-09-21,LA,NYG,mybookieag,MyBookie.ag,us,-7.0,-110,7.0,-110,7.0,0.5,0.5,7.0,0.0,2026-09-20T11:24:00,market_spreads_week2_2026.csv
2026,2,2026_02_NYG_LA,2026-09-21,LA,NYG,playnow_ca,PlayNow (CA),ca,-8.5,105,8.5,-154,8.5,0.4458486922941899,0.5541513077058101,7.0,1.5,2026-09-20T11:24:00,market_spreads_week2_2026.csv
2026,2,2026_02_NYG_LA,2026-09-21,LA,NYG,pointsbetca,PointsBet (CA - ON),ca,-6.5,-120,6.5,100,6.5,0.5217391304347826,0.4782608695652174,7.0,-0.5,2026-09-20T11:24:00,market_spreads_week2_2026.csv
2026,2,2026_02_NYG_LA,2026-09-21,LA,NYG,proline_ca_on,PROLINE (CA - ON),ca,-7.0,-125,7.0,-124,7.0,0.5008944543828264,0.4991055456171736,7.0,0.0,2026-09-20T11:24:00,market_spreads_week2_2026.csv
2026,2,2026_02_NYG_LA,2026-09-21,LA,NYG,sportsinteraction_ca_on,Sports Interaction (CA - ON),ca,-7.0,-110,7.0,-108,7.0,0.5021949078138718,0.4978050921861282,7.0,0.0,2026-09-20T11:24:00,market_spreads_week2_2026.csv
2026,2,2026_02_PHI_TEN,2026-09-20,TEN,PHI,betano_ca_on,Betano (CA - ON),ca,7.5,-128,-7.5,-102,-7.5,0.5264701091382962,0.4735298908617038,-7.0,-0.5,2026-09-20T11:24:00,market_spreads_week2_2026.csv
2026,2,2026_02_PHI_TEN,2026-09-20,TEN,PHI,betmgm,BetMGM,us,7.0,-102,-7.0,-115,-7.0,0.4856067316209034,0.5143932683790966,-7.0,0.0,2026-09-20T11:24:00,market_spreads_week2_2026.csv
2026,2,2026_02_PHI_TEN,2026-09-20,TEN,PHI,betmgm_ca_on,BetMGM (CA - ON),ca,7.0,-102,-7.0,-115,-7.0,0.4856067316209034,0.5143932683790966,-7.0,0.0,2026-09-20T11:24:00,market_spreads_week2_2026.csv
2026,2,2026_02_PHI_TEN,2026-09-20,TEN,PHI,betonlineag,BetOnline.ag,us,7.0,-108,-7.0,-112,-7.0,0.4956702459300312,0.5043297540699688,-7.0,0.0,2026-09-20T11:24:00,market_spreads_week2_2026.csv
2026,2,2026_02_PHI_TEN,2026-09-20,TEN,PHI,betrivers,BetRivers,us,7.5,-115,-7.5,-106,-7.5,0.5096815834767643,0.4903184165232357,-7.0,-0.5,2026-09-20T11:24:00,market_spreads_week2_2026.csv
2026,2,2026_02_PHI_TEN,2026-09-20,TEN,PHI,betrivers_ca_on,BetRivers (CA - ON),ca,7.5,-115,-7.5,-106,-7.5,0.5096815834767643,0.4903184165232357,-7.0,-0.5,2026-09-20T11:24:00,market_spreads_week2_2026.csv
2026,2,2026_02_PHI_TEN,2026-09-20,TEN,PHI,betus,BetUS,us,7.0,-105,-7.0,-115,-7.0,0.4891657638136511,0.5108342361863489,-7.0,0.0,2026-09-20T11:24:00,market_spreads_week2_2026.csv
2026,2,2026_02_PHI_TEN,2026-09-20,TEN,PHI,bovada,Bovada,us,7.0,-110,-7.0,-110,-7.0,0.5,0.5,-7.0,0.0,2026-09-20T11:24:00,market_spreads_week2_2026.csv
2026,2,2026_02_PHI_TEN,2026-09-20,TEN,PHI,draftkings,DraftKings,us,7.0,-102,-7.0,-118,-7.0,0.4826358742837298,0.5173641257162702,-7.0,0.0,2026-09-20T11:24:00,market_spreads_week2_2026.csv
2026,2,2026_02_PHI_TEN,2026-09-20,TEN,PHI,fanduel,FanDuel,us,7.0,-108,-7.0,-112,-7.0,0.4956702459300312,0.5043297540699688,-7.0,0.0,2026-09-20T11:24:00,market_spreads_week2_2026.csv
2026,2,2026_02_PHI_TEN,2026-09-20,TEN,PHI,lowvig,LowVig.ag,us,7.0,-104,-7.0,-106,-7.0,0.497677011707861,0.502322988292139,-7.0,0.0,2026-09-20T11:24:00,market_spreads_week2_2026.csv
2026,2,2026_02_PHI_TEN,2026-09-20,TEN,PHI,mybookieag,MyBookie.ag,us,7.0,-110,-7.0,-110,-7.0,0.5,0.5,-7.0,0.0,2026-09-20T11:24:00,market_spreads_week2_2026.csv
2026,2,2026_02_PHI_TEN,2026-09-20,TEN,PHI,playnow_ca,PlayNow (CA),ca,7.5,-120,-7.5,-102,-7.5,0.519280205655527,0.480719794344473,-7.0,-0.5,2026-09-20T11:24:00,market_spreads_week2_2026.csv
2026,2,2026_02_PHI_TEN,2026-09-20,TEN,PHI,pointsbetca,PointsBet (CA - ON),ca,7.5,-115,-7.5,-105,-7.5,0.5108342361863488,0.4891657638136512,-7.0,-0.5,2026-09-20T11:24:00,market_spreads_week2_2026.csv
2026,2,2026_02_PHI_TEN,2026-09-20,TEN,PHI,proline_ca_on,PROLINE (CA - ON),ca,7.5,-129,-7.5,-120,-7.5,0.5080558539205157,0.4919441460794843,-7.0,-0.5,2026-09-20T11:24:00,market_spreads_week2_2026.csv
2026,2,2026_02_PHI_TEN,2026-09-20,TEN,PHI,sportsinteraction_ca_on,Sports Interaction (CA - ON),ca,7.0,-102,-7.0,-115,-7.0,0.4856067316209034,0.5143932683790966,-7.0,0.0,2026-09-20T11:24:00,market_spreads_week2_2026.csv
2026,2,2026_02_PIT_NE,2026-09-20,NE,PIT,betano_ca_on,Betano (CA - ON),ca,-5.5,-115,5.5,-115,5.5,0.5,0.5,5.5,0.0,2026-09-20T11:24:00,market_spreads_week2_2026.csv
2026,2,2026_02_PIT_NE,2026-09-20,NE,PIT,betmgm,BetMGM,us,-5.5,-105,5.5,-105,5.5,0.5,0.5,5.5,0.0,2026-09-20T11:24:00,market_spreads_week2_2026.csv
2026,2,2026_02_PIT_NE,2026-09-20,NE,PIT,betmgm_ca_on,BetMGM (CA - ON),ca,-5.5,-105,5.5,-105,5.5,0.5,0.5,5.5,0.0,2026-09-20T11:24:00,market_spreads_week2_2026.csv
2026,2,2026_02_PIT_NE,2026-09-20,NE,PIT,betonlineag,BetOnline.ag,us,-5.5,-110,5.5,-110,5.5,0.5,0.5,5.5,0.0,2026-09-20T11:24:00,market_spreads_week2_2026.csv
2026,2,2026_02_PIT_NE,2026-09-20,NE,PIT,betrivers,BetRivers,us,-5.0,-112,5.0,-109,5.0,0.5032246968784934,0.4967753031215066,5.5,-0.5,2026-09-20T11:24:00,market_spreads_week2_2026.csv
2026,2,2026_02_PIT_NE,2026-09-20,NE,PIT,betrivers_ca_on,BetRivers (CA - ON),ca,-5.0,-112,5.0,-109,5.0,0.5032246968784934,0.4967753031215066,5.5,-0.5,2026-09-20T11:24:00,market_spreads_week2_2026.csv
2026,2,2026_02_PIT_NE,2026-09-20,NE,PIT,betus,BetUS,us,-5.5,-110,5.5,-110,5.5,0.5,0.5,5.5,0.0,2026-09-20T11:24:00,market_spreads_week2_2026.csv
2026,2,2026_02_PIT_NE,2026-09-20,NE,PIT,bovada,Bovada,us,-5.0,-110,5.0,-110,5.0,0.5,0.5,5.5,-0.5,2026-09-20T11:24:00,market_spreads_week2_2026.csv
2026,2,2026_02_PIT_NE,2026-09-20,NE,PIT,draftkings,DraftKings,us,-5.5,-112,5.5,-108,5.5,0.5043297540699688,0.4956702459300312,5.5,0.0,2026-09-20T11:24:00,market_spreads_week2_2026.csv
2026,2,2026_02_PIT_NE,2026-09-20,NE,PIT,fanduel,FanDuel,us,-5.5,-105,5.5,-115,5.5,0.4891657638136511,0.5108342361863489,5.5,0.0,2026-09-20T11:24:00,market_spreads_week2_2026.csv
2026,2,2026_02_PIT_NE,2026-09-20,NE,PIT,lowvig,LowVig.ag,us,-5.5,-101,5.5,-109,5.5,0.4907015667859966,0.5092984332140034,5.5,0.0,2026-09-20T11:24:00,market_spreads_week2_2026.csv
2026,2,2026_02_PIT_NE,2026-09-20,NE,PIT,mybookieag,MyBookie.ag,us,-5.5,-110,5.5,-110,5.5,0.5,0.5,5.5,0.0,2026-09-20T11:24:00,market_spreads_week2_2026.csv
2026,2,2026_02_PIT_NE,2026-09-20,NE,PIT,playnow_ca,PlayNow (CA),ca,-4.0,-128,4.0,105,4.0,0.5350734094616639,0.464926590538336,5.5,-1.5,2026-09-20T11:24:00,market_spreads_week2_2026.csv
2026,2,2026_02_PIT_NE,2026-09-20,NE,PIT,pointsbetca,PointsBet (CA - ON),ca,-5.5,-110,5.5,-110,5.5,0.5,0.5,5.5,0.0,2026-09-20T11:24:00,market_spreads_week2_2026.csv
2026,2,2026_02_PIT_NE,2026-09-20,NE,PIT,proline_ca_on,PROLINE (CA - ON),ca,-5.0,-125,5.0,-122,5.0,0.5027173913043479,0.4972826086956521,5.5,-0.5,2026-09-20T11:24:00,market_spreads_week2_2026.csv
2026,2,2026_02_PIT_NE,2026-09-20,NE,PIT,sportsinteraction_ca_on,Sports Interaction (CA - ON),ca,-5.5,-105,5.5,-105,5.5,0.5,0.5,5.5,0.0,2026-09-20T11:24:00,market_spreads_week2_2026.csv
2026,2,2026_02_SEA_ARI,2026-09-20,ARI,SEA,betano_ca_on,Betano (CA - ON),ca,3.5,-108,-3.5,-114,-3.5,0.4935930292157868,0.5064069707842132,-3.5,0.0,2026-09-20T11:24:00,market_spreads_week2_2026.csv
2026,2,2026_02_SEA_ARI,2026-09-20,ARI,SEA,betmgm,BetMGM,us,4.0,-110,-4.0,-108,-4.0,0.5021949078138718,0.4978050921861282,-3.5,-0.5,2026-09-20T11:24:00,market_spreads_week2_2026.csv
2026,2,2026_02_SEA_ARI,2026-09-20,ARI,SEA,betmgm_ca_on,BetMGM (CA - ON),ca,4.0,-110,-4.0,-108,-4.0,0.5021949078138718,0.4978050921861282,-3.5,-0.5,2026-09-20T11:24:00,market_spreads_week2_2026.csv
2026,2,2026_02_SEA_ARI,2026-09-20,ARI,SEA,betonlineag,BetOnline.ag,us,4.0,-115,-4.0,-105,-4.0,0.5108342361863488,0.4891657638136512,-3.5,-0.5,2026-09-20T11:24:00,market_spreads_week2_2026.csv
2026,2,2026_02_SEA_ARI,2026-09-20,ARI,SEA,betrivers,BetRivers,us,4.0,-113,-4.0,-108,-4.0,0.505375419282704,0.494624580717296,-3.5,-0.5,2026-09-20T11:24:00,market_spreads_week2_2026.csv
2026,2,2026_02_SEA_ARI,2026-09-20,ARI,SEA,betrivers_ca_on,BetRivers (CA - ON),ca,4.0,-113,-4.0,-108,-4.0,0.505375419282704,0.494624580717296,-3.5,-0.5,2026-09-20T11:24:00,market_spreads_week2_2026.csv
2026,2,2026_02_SEA_ARI,2026-09-20,ARI,SEA,betus,BetUS,us,4.0,-115,-4.0,-105,-4.0,0.5108342361863488,0.4891657638136512,-3.5,-0.5,2026-09-20T11:24:00,market_spreads_week2_2026.csv
2026,2,2026_02_SEA_ARI,2026-09-20,ARI,SEA,bovada,Bovada,us,3.5,-110,-3.5,-110,-3.5,0.5,0.5,-3.5,0.0,2026-09-20T11:24:00,market_spreads_week2_2026.csv
2026,2,2026_02_SEA_ARI,2026-09-20,ARI,SEA,draftkings,DraftKings,us,3.5,100,-3.5,-120,-3.5,0.4782608695652174,0.5217391304347826,-3.5,0.0,2026-09-20T11:24:00,market_spreads_week2_2026.csv
2026,2,2026_02_SEA_ARI,2026-09-20,ARI,SEA,fanduel,FanDuel,us,4.5,-120,-4.5,-102,-4.5,0.519280205655527,0.480719794344473,-3.5,-1.0,2026-09-20T11:24:00,market_spreads_week2_2026.csv
2026,2,2026_02_SEA_ARI,2026-09-20,ARI,SEA,lowvig,LowVig.ag,us,4.0,-110,-4.0,100,-4.0,0.5116279069767442,0.4883720930232558,-3.5,-0.5,2026-09-20T11:24:00,market_spreads_week2_2026.csv
2026,2,2026_02_SEA_ARI,2026-09-20,ARI,SEA,mybookieag,MyBookie.ag,us,4.0,-110,-4.0,-110,-4.0,0.5,0.5,-3.5,-0.5,2026-09-20T11:24:00,market_spreads_week2_2026.csv
2026,2,2026_02_SEA_ARI,2026-09-20,ARI,SEA,playnow_ca,PlayNow (CA),ca,6.0,-149,-6.0,120,-6.0,0.5683079056865465,0.4316920943134534,-3.5,-2.5,2026-09-20T11:24:00,market_spreads_week2_2026.csv
2026,2,2026_02_SEA_ARI,2026-09-20,ARI,SEA,pointsbetca,PointsBet (CA - ON),ca,3.5,-105,-3.5,-115,-3.5,0.4891657638136511,0.5108342361863489,-3.5,0.0,2026-09-20T11:24:00,market_spreads_week2_2026.csv
2026,2,2026_02_SEA_ARI,2026-09-20,ARI,SEA,proline_ca_on,PROLINE (CA - ON),ca,4.0,-125,-4.0,-122,-4.0,0.5027173913043479,0.4972826086956521,-3.5,-0.5,2026-09-20T11:24:00,market_spreads_week2_2026.csv
2026,2,2026_02_SEA_ARI,2026-09-20,ARI,SEA,sportsinteraction_ca_on,Sports Interaction (CA - ON),ca,4.0,-110,-4.0,-108,-4.0,0.5021949078138718,0.4978050921861282,-3.5,-0.5,2026-09-20T11:24:00,market_spreads_week2_2026.csv
2026,2,2026_02_WAS_DAL,2026-09-20,DAL,WAS,betano_ca_on,Betano (CA - ON),ca,-3.5,-118,3.5,-102,3.5,0.5173641257162701,0.4826358742837299,4.5,-1.0,2026-09-20T11:24:00,market_spreads_week2_2026.csv
2026,2,2026_02_WAS_DAL,2026-09-20,DAL,WAS,betmgm,BetMGM,us,-4.0,-108,4.0,-110,4.0,0.4978050921861282,0.5021949078138719,4.5,-0.5,2026-09-20T11:24:00,market_spreads_week2_2026.csv
2026,2,2026_02_WAS_DAL,2026-09-20,DAL,WAS,betmgm_ca_on,BetMGM (CA - ON),ca,-4.0,-108,4.0,-110,4.0,0.4978050921861282,0.5021949078138719,4.5,-0.5,2026-09-20T11:24:00,market_spreads_week2_2026.csv
2026,2,2026_02_WAS_DAL,2026-09-20,DAL,WAS,betonlineag,BetOnline.ag,us,-4.0,-107,4.0,-113,4.0,0.4935039625828245,0.5064960374171755,4.5,-0.5,2026-09-20T11:24:00,market_spreads_week2_2026.csv
2026,2,2026_02_WAS_DAL,2026-09-20,DAL,WAS,betrivers,BetRivers,us,-4.0,-110,4.0,-110,4.0,0.5,0.5,4.5,-0.5,2026-09-20T11:24:00,market_spreads_week2_2026.csv
2026,2,2026_02_WAS_DAL,2026-09-20,DAL,WAS,betrivers_ca_on,BetRivers (CA - ON),ca,-4.0,-110,4.0,-110,4.0,0.5,0.5,4.5,-0.5,2026-09-20T11:24:00,market_spreads_week2_2026.csv
2026,2,2026_02_WAS_DAL,2026-09-20,DAL,WAS,betus,BetUS,us,-4.0,-110,4.0,-110,4.0,0.5,0.5,4.5,-0.5,2026-09-20T11:24:00,market_spreads_week2_2026.csv
2026,2,2026_02_WAS_DAL,2026-09-20,DAL,WAS,bovada,Bovada,us,-4.0,-110,4.0,-110,4.0,0.5,0.5,4.5,-0.5,2026-09-20T11:24:00,market_spreads_week2_2026.csv
2026,2,2026_02_WAS_DAL,2026-09-20,DAL,WAS,draftkings,DraftKings,us,-3.5,-120,3.5,100,3.5,0.5217391304347826,0.4782608695652174,4.5,-1.0,2026-09-20T11:24:00,market_spreads_week2_2026.csv
2026,2,2026_02_WAS_DAL,2026-09-20,DAL,WAS,fanduel,FanDuel,us,-4.5,-102,4.5,-120,4.5,0.480719794344473,0.519280205655527,4.5,0.0,2026-09-20T11:24:00,market_spreads_week2_2026.csv
2026,2,2026_02_WAS_DAL,2026-09-20,DAL,WAS,lowvig,LowVig.ag,us,-4.0,-102,4.0,-108,4.0,0.4930284439486894,0.5069715560513106,4.5,-0.5,2026-09-20T11:24:00,market_spreads_week2_2026.csv
2026,2,2026_02_WAS_DAL,2026-09-20,DAL,WAS,mybookieag,MyBookie.ag,us,-4.5,100,4.5,-120,4.5,0.4782608695652174,0.5217391304347826,4.5,0.0,2026-09-20T11:24:00,market_spreads_week2_2026.csv
2026,2,2026_02_WAS_DAL,2026-09-20,DAL,WAS,playnow_ca,PlayNow (CA),ca,-6.0,115,6.0,-141,6.0,0.4428925847652301,0.5571074152347699,4.5,1.5,2026-09-20T11:24:00,market_spreads_week2_2026.csv
2026,2,2026_02_WAS_DAL,2026-09-20,DAL,WAS,pointsbetca,PointsBet (CA - ON),ca,-3.5,-115,3.5,-105,3.5,0.5108342361863488,0.4891657638136512,4.5,-1.0,2026-09-20T11:24:00,market_spreads_week2_2026.csv
2026,2,2026_02_WAS_DAL,2026-09-20,DAL,WAS,proline_ca_on,PROLINE (CA - ON),ca,-4.0,-124,4.0,-124,4.0,0.5,0.5,4.5,-0.5,2026-09-20T11:24:00,market_spreads_week2_2026.csv
2026,2,2026_02_WAS_DAL,2026-09-20,DAL,WAS,sportsinteraction_ca_on,Sports Interaction (CA - ON),ca,-4.0,-108,4.0,-110,4.0,0.4978050921861282,0.5021949078138719,4.5,-0.5,2026-09-20T11:24:00,market_spreads_week2_2026.csv
2026,3,2026_03_ARI_SF,2026-09-27,SF,ARI,betano_ca_on,Betano (CA - ON),ca,-7.5,-110,7.5,-111,7.5,0.4989251934651763,0.5010748065348236,7.5,0.0,2026-09-27T07:56:38,market_spreads_week3_2026.csv
2026,3,2026_03_ARI_SF,2026-09-27,SF,ARI,betmgm,BetMGM,us,-7.5,-108,7.5,-110,7.5,0.4978050921861282,0.5021949078138719,7.5,0.0,2026-09-27T07:56:38,market_spreads_week3_2026.csv
2026,3,2026_03_ARI_SF,2026-09-27,SF,ARI,betmgm_ca_on,BetMGM (CA - ON),ca,-7.5,-108,7.5,-110,7.5,0.4978050921861282,0.5021949078138719,7.5,0.0,2026-09-27T07:56:38,market_spreads_week3_2026.csv
2026,3,2026_03_ARI_SF,2026-09-27,SF,ARI,betonlineag,BetOnline.ag,us,-7.5,-107,7.5,-113,7.5,0.4935039625828245,0.5064960374171755,7.5,0.0,2026-09-27T07:56:38,market_spreads_week3_2026.csv
2026,3,2026_03_ARI_SF,2026-09-27,SF,ARI,betrivers,BetRivers,us,-7.5,-114,7.5,-107,7.5,0.507527529249828,0.492472470750172,7.5,0.0,2026-09-27T07:56:38,market_spreads_week3_2026.csv
2026,3,2026_03_ARI_SF,2026-09-27,SF,ARI,betrivers_ca_on,BetRivers (CA - ON),ca,-7.5,-114,7.5,-107,7.5,0.507527529249828,0.492472470750172,7.5,0.0,2026-09-27T07:56:38,market_spreads_week3_2026.csv
2026,3,2026_03_ARI_SF,2026-09-27,SF,ARI,betus,BetUS,us,-9.0,105,9.0,-125,9.0,0.4675324675324675,0.5324675324675325,7.5,1.5,2026-09-27T07:56:38,market_spreads_week3_2026.csv
2026,3,2026_03_ARI_SF,2026-09-27,SF,ARI,bovada,Bovada,us,-7.5,-105,7.5,-115,7.5,0.4891657638136511,0.5108342361863489,7.5,0.0,2026-09-27T07:56:38,market_spreads_week3_2026.csv
2026,3,2026_03_ARI_SF,2026-09-27,SF,ARI,draftkings,DraftKings,us,-7.5,-108,7.5,-112,7.5,0.4956702459300312,0.5043297540699688,7.5,0.0,2026-09-27T07:56:38,market_spreads_week3_2026.csv
2026,3,2026_03_ARI_SF,2026-09-27,SF,ARI,fanduel,FanDuel,us,-7.5,-110,7.5,-110,7.5,0.5,0.5,7.5,0.0,2026-09-27T07:56:38,market_spreads_week3_2026.csv
2026,3,2026_03_ARI_SF,2026-09-27,SF,ARI,lowvig,LowVig.ag,us,-7.5,-102,7.5,-108,7.5,0.4930284439486894,0.5069715560513106,7.5,0.0,2026-09-27T07:56:38,market_spreads_week3_2026.csv
2026,3,2026_03_ARI_SF,2026-09-27,SF,ARI,mybookieag,MyBookie.ag,us,-7.5,-110,7.5,-110,7.5,0.5,0.5,7.5,0.0,2026-09-27T07:56:38,market_spreads_week3_2026.csv
2026,3,2026_03_ARI_SF,2026-09-27,SF,ARI,playnow_ca,PlayNow (CA),ca,-9.5,100,9.5,-125,9.5,0.4736842105263157,0.5263157894736843,7.5,2.0,2026-09-27T07:56:38,market_spreads_week3_2026.csv
2026,3,2026_03_ARI_SF,2026-09-27,SF,ARI,pointsbetca,PointsBet (CA - ON),ca,-7.5,-110,7.5,-110,7.5,0.5,0.5,7.5,0.0,2026-09-27T07:56:38,market_spreads_week3_2026.csv
2026,3,2026_03_ARI_SF,2026-09-27,SF,ARI,proline_ca_on,PROLINE (CA - ON),ca,-8.0,-120,8.0,-129,8.0,0.4919441460794844,0.5080558539205156,7.5,0.5,2026-09-27T07:56:38,market_spreads_week3_2026.csv
2026,3,2026_03_ARI_SF,2026-09-27,SF,ARI,sportsinteraction_ca_on,Sports Interaction (CA - ON),ca,-7.5,-110,7.5,-110,7.5,0.5,0.5,7.5,0.0,2026-09-27T07:56:38,market_spreads_week3_2026.csv
2026,3,2026_03_ATL_GB,2026-09-24,GB,ATL,betano_ca_on,Betano (CA - ON),ca,-4.5,-120,4.5,-110,4.5,0.5101214574898786,0.4898785425101214,4.5,0.0,2026-09-24T07:54:27,market_spreads_week3_2026.csv
2026,3,2026_03_ATL_GB,2026-09-24,GB,ATL,betmgm,BetMGM,us,-5.0,-108,5.0,-110,5.0,0.4978050921861282,0.5021949078138719,4.5,0.5,2026-09-24T07:54:27,market_spreads_week3_2026.csv
2026,3,2026_03_ATL_GB,2026-09-24,GB,ATL,betmgm_ca_on,BetMGM (CA - ON),ca,-5.0,-108,5.0,-110,5.0,0.4978050921861282,0.5021949078138719,4.5,0.5,2026-09-24T07:54:27,market_spreads_week3_2026.csv
2026,3,2026_03_ATL_GB,2026-09-24,GB,ATL,betonlineag,BetOnline.ag,us,-4.5,-115,4.5,-105,4.5,0.5108342361863488,0.4891657638136512,4.5,0.0,2026-09-24T07:54:27,market_spreads_week3_2026.csv
2026,3,2026_03_ATL_GB,2026-09-24,GB,ATL,betrivers,BetRivers,us,-5.0,-112,5.0,-109,5.0,0.5032246968784934,0.4967753031215066,4.5,0.5,2026-09-24T07:54:27,market_spreads_week3_2026.csv
2026,3,2026_03_ATL_GB,2026-09-24,GB,ATL,betrivers_ca_on,BetRivers (CA - ON),ca,-5.0,-112,5.0,-109,5.0,0.5032246968784934,0.4967753031215066,4.5,0.5,2026-09-24T07:54:27,market_spreads_week3_2026.csv
2026,3,2026_03_ATL_GB,2026-09-24,GB,ATL,betus,BetUS,us,-4.5,-110,4.5,-110,4.5,0.5,0.5,4.5,0.0,2026-09-24T07:54:27,market_spreads_week3_2026.csv
2026,3,2026_03_ATL_GB,2026-09-24,GB,ATL,bovada,Bovada,us,-5.5,-105,5.5,-115,5.5,0.4891657638136511,0.5108342361863489,4.5,1.0,2026-09-24T07:54:27,market_spreads_week3_2026.csv
2026,3,2026_03_ATL_GB,2026-09-24,GB,ATL,draftkings,DraftKings,us,-4.5,-115,4.5,-105,4.5,0.5108342361863488,0.4891657638136512,4.5,0.0,2026-09-24T07:54:27,market_spreads_week3_2026.csv
2026,3,2026_03_ATL_GB,2026-09-24,GB,ATL,fanduel,FanDuel,us,-4.5,-118,4.5,-104,4.5,0.5149751839808318,0.4850248160191682,4.5,0.0,2026-09-24T07:54:27,market_spreads_week3_2026.csv
2026,3,2026_03_ATL_GB,2026-09-24,GB,ATL,lowvig,LowVig.ag,us,-4.5,-110,4.5,100,4.5,0.5116279069767442,0.4883720930232558,4.5,0.0,2026-09-24T07:54:27,market_spreads_week3_2026.csv
2026,3,2026_03_ATL_GB,2026-09-24,GB,ATL,mybookieag,MyBookie.ag,us,-5.0,-110,5.0,-110,5.0,0.5,0.5,4.5,0.5,2026-09-24T07:54:27,market_spreads_week3_2026.csv
2026,3,2026_03_ATL_GB,2026-09-24,GB,ATL,playnow_ca,PlayNow (CA),ca,-7.5,135,7.5,-169,7.5,0.4038129550401561,0.5961870449598439,4.5,3.0,2026-09-24T07:54:27,market_spreads_week3_2026.csv
2026,3,2026_03_ATL_GB,2026-09-24,GB,ATL,pointsbetca,PointsBet (CA - ON),ca,-4.5,-115,4.5,-105,4.5,0.5108342361863488,0.4891657638136512,4.5,0.0,2026-09-24T07:54:27,market_spreads_week3_2026.csv
2026,3,2026_03_ATL_GB,2026-09-24,GB,ATL,proline_ca_on,PROLINE (CA - ON),ca,-5.0,-125,5.0,-122,5.0,0.5027173913043479,0.4972826086956521,4.5,0.5,2026-09-24T07:54:27,market_spreads_week3_2026.csv
2026,3,2026_03_ATL_GB,2026-09-24,GB,ATL,sportsinteraction_ca_on,Sports Interaction (CA - ON),ca,-5.0,-108,5.0,-112,5.0,0.4956702459300312,0.5043297540699688,4.5,0.5,2026-09-24T07:54:27,market_spreads_week3_2026.csv
2026,3,2026_03_BAL_DAL,2026-09-27,DAL,BAL,betano_ca_on,Betano (CA - ON),ca,3.5,-118,-3.5,-105,-3.5,0.513806287170773,0.4861937128292269,-3.5,0.0,2026-09-27T07:56:38,market_spreads_week3_2026.csv
2026,3,2026_03_BAL_DAL,2026-09-27,DAL,BAL,betmgm,BetMGM,us,3.5,-118,-3.5,-102,-3.5,0.5173641257162701,0.4826358742837299,-3.5,0.0,2026-09-27T07:56:38,market_spreads_week3_2026.csv
2026,3,2026_03_BAL_DAL,2026-09-27,DAL,BAL,betmgm_ca_on,BetMGM (CA - ON),ca,3.5,-118,-3.5,-102,-3.5,0.5173641257162701,0.4826358742837299,-3.5,0.0,2026-09-27T07:56:38,market_spreads_week3_2026.csv
2026,3,2026_03_BAL_DAL,2026-09-27,DAL,BAL,betonlineag,BetOnline.ag,us,3.0,100,-3.0,-120,-3.0,0.4782608695652174,0.5217391304347826,-3.5,0.5,2026-09-27T07:56:38,market_spreads_week3_2026.csv
2026,3,2026_03_BAL_DAL,2026-09-27,DAL,BAL,betrivers,BetRivers,us,3.5,-117,-3.5,-105,-3.5,0.5128287363694676,0.4871712636305324,-3.5,0.0,2026-09-27T07:56:38,market_spreads_week3_2026.csv
2026,3,2026_03_BAL_DAL,2026-09-27,DAL,BAL,betrivers_ca_on,BetRivers (CA - ON),ca,3.5,-117,-3.5,-105,-3.5,0.5128287363694676,0.4871712636305324,-3.5,0.0,2026-09-27T07:56:38,market_spreads_week3_2026.csv
2026,3,2026_03_BAL_DAL,2026-09-27,DAL,BAL,betus,BetUS,us,3.5,-110,-3.5,-110,-3.5,0.5,0.5,-3.5,0.0,2026-09-27T07:56:38,market_spreads_week3_2026.csv
2026,3,2026_03_BAL_DAL,2026-09-27,DAL,BAL,bovada,Bovada,us,3.0,100,-3.0,-120,-3.0,0.4782608695652174,0.5217391304347826,-3.5,0.5,2026-09-27T07:56:38,market_spreads_week3_2026.csv
2026,3,2026_03_BAL_DAL,2026-09-27,DAL,BAL,draftkings,DraftKings,us,3.5,-115,-3.5,-105,-3.5,0.5108342361863488,0.4891657638136512,-3.5,0.0,2026-09-27T07:56:38,market_spreads_week3_2026.csv
2026,3,2026_03_BAL_DAL,2026-09-27,DAL,BAL,fanduel,FanDuel,us,3.5,-120,-3.5,-102,-3.5,0.519280205655527,0.480719794344473,-3.5,0.0,2026-09-27T07:56:38,market_spreads_week3_2026.csv
2026,3,2026_03_BAL_DAL,2026-09-27,DAL,BAL,lowvig,LowVig.ag,us,3.0,105,-3.0,-116,-3.0,0.4759806081974437,0.5240193918025563,-3.5,0.5,2026-09-27T07:56:38,market_spreads_week3_2026.csv
2026,3,2026_03_BAL_DAL,2026-09-27,DAL,BAL,mybookieag,MyBookie.ag,us,3.5,-120,-3.5,100,-3.5,0.5217391304347826,0.4782608695652174,-3.5,0.0,2026-09-27T07:56:38,market_spreads_week3_2026.csv
2026,3,2026_03_BAL_DAL,2026-09-27,DAL,BAL,playnow_ca,PlayNow (CA),ca,1.0,140,-1.0,-175,-1.0,0.3956834532374101,0.60431654676259,-3.5,2.5,2026-09-27T07:56:38,market_spreads_week3_2026.csv
2026,3,2026_03_BAL_DAL,2026-09-27,DAL,BAL,pointsbetca,PointsBet (CA - ON),ca,3.5,-115,-3.5,-105,-3.5,0.5108342361863488,0.4891657638136512,-3.5,0.0,2026-09-27T07:56:38,market_spreads_week3_2026.csv
2026,3,2026_03_BAL_DAL,2026-09-27,DAL,BAL,proline_ca_on,PROLINE (CA - ON),ca,3.5,-130,-3.5,-118,-3.5,0.5108147080028839,0.4891852919971161,-3.5,0.0,2026-09-27T07:56:38,market_spreads_week3_2026.csv
2026,3,2026_03_BAL_DAL,2026-09-27,DAL,BAL,sportsinteraction_ca_on,Sports Interaction (CA - ON),ca,3.5,-118,-3.5,-105,-3.5,0.513806287170773,0.4861937128292269,-3.5,0.0,2026-09-27T07:56:38,market_spreads_week3_2026.csv
2026,3,2026_03_CAR_CLE,2026-09-27,CLE,CAR,betano_ca_on,Betano (CA - ON),ca,2.5,-118,-2.5,-111,-2.5,0.5071288903372982,0.4928711096627017,-1.5,-1.0,2026-09-27T07:56:38,market_spreads_week3_2026.csv
2026,3,2026_03_CAR_CLE,2026-09-27,CLE,CAR,betmgm,BetMGM,us,2.0,-110,-2.0,-108,-2.0,0.5021949078138718,0.4978050921861282,-1.5,-0.5,2026-09-27T07:56:38,market_spreads_week3_2026.csv
2026,3,2026_03_CAR_CLE,2026-09-27,CLE,CAR,betmgm_ca_on,BetMGM (CA - ON),ca,2.0,-110,-2.0,-108,-2.0,0.5021949078138718,0.4978050921861282,-1.5,-0.5,2026-09-27T07:56:38,market_spreads_week3_2026.csv
2026,3,2026_03_CAR_CLE,2026-09-27,CLE,CAR,betonlineag,BetOnline.ag,us,1.5,-105,-1.5,-115,-1.5,0.4891657638136511,0.5108342361863489,-1.5,0.0,2026-09-27T07:56:38,market_spreads_week3_2026.csv
2026,3,2026_03_CAR_CLE,2026-09-27,CLE,CAR,betrivers,BetRivers,us,2.5,-108,-2.5,-113,-2.5,0.494624580717296,0.505375419282704,-1.5,-1.0,2026-09-27T07:56:38,market_spreads_week3_2026.csv
2026,3,2026_03_CAR_CLE,2026-09-27,CLE,CAR,betrivers_ca_on,BetRivers (CA - ON),ca,2.5,-108,-2.5,-113,-2.5,0.494624580717296,0.505375419282704,-1.5,-1.0,2026-09-27T07:56:38,market_spreads_week3_2026.csv
2026,3,2026_03_CAR_CLE,2026-09-27,CLE,CAR,betus,BetUS,us,1.5,-105,-1.5,-115,-1.5,0.4891657638136511,0.5108342361863489,-1.5,0.0,2026-09-27T07:56:38,market_spreads_week3_2026.csv
2026,3,2026_03_CAR_CLE,2026-09-27,CLE,CAR,bovada,Bovada,us,2.0,-110,-2.0,-110,-2.0,0.5,0.5,-1.5,-0.5,2026-09-27T07:56:38,market_spreads_week3_2026.csv
2026,3,2026_03_CAR_CLE,2026-09-27,CLE,CAR,draftkings,DraftKings,us,1.5,-108,-1.5,-112,-1.5,0.4956702459300312,0.5043297540699688,-1.5,0.0,2026-09-27T07:56:38,market_spreads_week3_2026.csv
2026,3,2026_03_CAR_CLE,2026-09-27,CLE,CAR,fanduel,FanDuel,us,2.5,-118,-2.5,-104,-2.5,0.5149751839808318,0.4850248160191682,-1.5,-1.0,2026-09-27T07:56:38,market_spreads_week3_2026.csv
2026,3,2026_03_CAR_CLE,2026-09-27,CLE,CAR,lowvig,LowVig.ag,us,1.5,100,-1.5,-110,-1.5,0.4883720930232558,0.5116279069767442,-1.5,0.0,2026-09-27T07:56:38,market_spreads_week3_2026.csv
2026,3,2026_03_CAR_CLE,2026-09-27,CLE,CAR,mybookieag,MyBookie.ag,us,2.0,-110,-2.0,-110,-2.0,0.5,0.5,-1.5,-0.5,2026-09-27T07:56:38,market_spreads_week3_2026.csv
2026,3,2026_03_CAR_CLE,2026-09-27,CLE,CAR,playnow_ca,PlayNow (CA),ca,-1.0,120,1.0,-145,1.0,0.4343971631205673,0.5656028368794326,-1.5,2.5,2026-09-27T07:56:38,market_spreads_week3_2026.csv
2026,3,2026_03_CAR_CLE,2026-09-27,CLE,CAR,pointsbetca,PointsBet (CA - ON),ca,1.5,-105,-1.5,-115,-1.5,0.4891657638136511,0.5108342361863489,-1.5,0.0,2026-09-27T07:56:38,market_spreads_week3_2026.csv
2026,3,2026_03_CAR_CLE,2026-09-27,CLE,CAR,proline_ca_on,PROLINE (CA - ON),ca,2.5,-122,-2.5,-127,-2.5,0.495526767821357,0.5044732321786429,-1.5,-1.0,2026-09-27T07:56:38,market_spreads_week3_2026.csv
2026,3,2026_03_CAR_CLE,2026-09-27,CLE,CAR,sportsinteraction_ca_on,Sports Interaction (CA - ON),ca,2.0,-110,-2.0,-110,-2.0,0.5,0.5,-1.5,-0.5,2026-09-27T07:56:38,market_spreads_week3_2026.csv
2026,3,2026_03_CIN_PIT,2026-09-27,PIT,CIN,betano_ca_on,Betano (CA - ON),ca,3.5,-122,-3.5,-110,-3.5,0.511990407673861,0.488009592326139,-3.5,0.0,2026-09-27T07:56:38,market_spreads_week3_2026.csv
2026,3,2026_03_CIN_PIT,2026-09-27,PIT,CIN,betmgm,BetMGM,us,3.5,-112,-3.5,-105,-3.5,0.5077399380804954,0.4922600619195045,-3.5,0.0,2026-09-27T07:56:38,market_spreads_week3_2026.csv
2026,3,2026_03_CIN_PIT,2026-09-27,PIT,CIN,betmgm_ca_on,BetMGM (CA - ON),ca,3.5,-112,-3.5,-105,-3.5,0.5077399380804954,0.4922600619195045,-3.5,0.0,2026-09-27T07:56:38,market_spreads_week3_2026.csv
2026,3,2026_03_CIN_PIT,2026-09-27,PIT,CIN,betonlineag,BetOnline.ag,us,3.0,-105,-3.0,-115,-3.0,0.4891657638136511,0.5108342361863489,-3.5,0.5,2026-09-27T07:56:38,market_spreads_week3_2026.csv
2026,3,2026_03_CIN_PIT,2026-09-27,PIT,CIN,betrivers,BetRivers,us,3.5,-113,-3.5,-108,-3.5,0.505375419282704,0.494624580717296,-3.5,0.0,2026-09-27T07:56:38,market_spreads_week3_2026.csv
2026,3,2026_03_CIN_PIT,2026-09-27,PIT,CIN,betrivers_ca_on,BetRivers (CA - ON),ca,3.5,-113,-3.5,-108,-3.5,0.505375419282704,0.494624580717296,-3.5,0.0,2026-09-27T07:56:38,market_spreads_week3_2026.csv
2026,3,2026_03_CIN_PIT,2026-09-27,PIT,CIN,betus,BetUS,us,3.0,-105,-3.0,-115,-3.0,0.4891657638136511,0.5108342361863489,-3.5,0.5,2026-09-27T07:56:38,market_spreads_week3_2026.csv
2026,3,2026_03_CIN_PIT,2026-09-27,PIT,CIN,bovada,Bovada,us,3.0,100,-3.0,-120,-3.0,0.4782608695652174,0.5217391304347826,-3.5,0.5,2026-09-27T07:56:38,market_spreads_week3_2026.csv
2026,3,2026_03_CIN_PIT,2026-09-27,PIT,CIN,draftkings,DraftKings,us,3.5,-112,-3.5,-108,-3.5,0.5043297540699688,0.4956702459300312,-3.5,0.0,2026-09-27T07:56:38,market_spreads_week3_2026.csv
2026,3,2026_03_CIN_PIT,2026-09-27,PIT,CIN,fanduel,FanDuel,us,3.5,-118,-3.5,-104,-3.5,0.5149751839808318,0.4850248160191682,-3.5,0.0,2026-09-27T07:56:38,market_spreads_week3_2026.csv
2026,3,2026_03_CIN_PIT,2026-09-27,PIT,CIN,lowvig,LowVig.ag,us,3.0,104,-3.0,-115,-3.0,0.478202846975089,0.521797153024911,-3.5,0.5,2026-09-27T07:56:38,market_spreads_week3_2026.csv
2026,3,2026_03_CIN_PIT,2026-09-27,PIT,CIN,mybookieag,MyBookie.ag,us,3.5,-115,-3.5,-105,-3.5,0.5108342361863488,0.4891657638136512,-3.5,0.0,2026-09-27T07:56:38,market_spreads_week3_2026.csv
2026,3,2026_03_CIN_PIT,2026-09-27,PIT,CIN,playnow_ca,PlayNow (CA),ca,2.5,120,-2.5,-149,-2.5,0.4316920943134535,0.5683079056865464,-3.5,1.0,2026-09-27T07:56:38,market_spreads_week3_2026.csv
2026,3,2026_03_CIN_PIT,2026-09-27,PIT,CIN,pointsbetca,PointsBet (CA - ON),ca,3.5,-115,-3.5,-105,-3.5,0.5108342361863488,0.4891657638136512,-3.5,0.0,2026-09-27T07:56:38,market_spreads_week3_2026.csv
2026,3,2026_03_CIN_PIT,2026-09-27,PIT,CIN,proline_ca_on,PROLINE (CA - ON),ca,3.5,-127,-3.5,-121,-3.5,0.5054020960132531,0.4945979039867468,-3.5,0.0,2026-09-27T07:56:38,market_spreads_week3_2026.csv
2026,3,2026_03_CIN_PIT,2026-09-27,PIT,CIN,sportsinteraction_ca_on,Sports Interaction (CA - ON),ca,3.5,-115,-3.5,-108,-3.5,0.5074246924056003,0.4925753075943997,-3.5,0.0,2026-09-27T07:56:38,market_spreads_week3_2026.csv
2026,3,2026_03_HOU_IND,2026-09-27,IND,HOU,betano_ca_on,Betano (CA - ON),ca,2.5,-122,-2.5,-110,-2.5,0.511990407673861,0.488009592326139,-1.5,-1.0,2026-09-27T07:56:38,market_spreads_week3_2026.csv
2026,3,2026_03_HOU_IND,2026-09-27,IND,HOU,betmgm,BetMGM,us,2.0,-110,-2.0,-108,-2.0,0.5021949078138718,0.4978050921861282,-1.5,-0.5,2026-09-27T07:56:38,market_spreads_week3_2026.csv
2026,3,2026_03_HOU_IND,2026-09-27,IND,HOU,betmgm_ca_on,BetMGM (CA - ON),ca,2.0,-110,-2.0,-108,-2.0,0.5021949078138718,0.4978050921861282,-1.5,-0.5,2026-09-27T07:56:38,market_spreads_week3_2026.csv
2026,3,2026_03_HOU_IND,2026-09-27,IND,HOU,betonlineag,BetOnline.ag,us,1.5,-110,-1.5,-110,-1.5,0.5,0.5,-1.5,0.0,2026-09-27T07:56:38,market_spreads_week3_2026.csv
2026,3,2026_03_HOU_IND,2026-09-27,IND,HOU,betrivers,BetRivers,us,1.5,-109,-1.5,-112,-1.5,0.4967753031215065,0.5032246968784935,-1.5,0.0,2026-09-27T07:56:38,market_spreads_week3_2026.csv
2026,3,2026_03_HOU_IND,2026-09-27,IND,HOU,betrivers_ca_on,BetRivers (CA - ON),ca,1.5,-109,-1.5,-112,-1.5,0.4967753031215065,0.5032246968784935,-1.5,0.0,2026-09-27T07:56:38,market_spreads_week3_2026.csv
2026,3,2026_03_HOU_IND,2026-09-27,IND,HOU,betus,BetUS,us,1.0,-105,-1.0,-115,-1.0,0.4891657638136511,0.5108342361863489,-1.5,0.5,2026-09-27T07:56:38,market_spreads_week3_2026.csv
2026,3,2026_03_HOU_IND,2026-09-27,IND,HOU,bovada,Bovada,us,1.5,-105,-1.5,-115,-1.5,0.4891657638136511,0.5108342361863489,-1.5,0.0,2026-09-27T07:56:38,market_spreads_week3_2026.csv
2026,3,2026_03_HOU_IND,2026-09-27,IND,HOU,draftkings,DraftKings,us,1.5,-102,-1.5,-118,-1.5,0.4826358742837298,0.5173641257162702,-1.5,0.0,2026-09-27T07:56:38,market_spreads_week3_2026.csv
2026,3,2026_03_HOU_IND,2026-09-27,IND,HOU,fanduel,FanDuel,us,1.5,-108,-1.5,-112,-1.5,0.4956702459300312,0.5043297540699688,-1.5,0.0,2026-09-27T07:56:38,market_spreads_week3_2026.csv
2026,3,2026_03_HOU_IND,2026-09-27,IND,HOU,lowvig,LowVig.ag,us,1.5,-107,-1.5,-103,-1.5,0.5046466242274987,0.4953533757725012,-1.5,0.0,2026-09-27T07:56:38,market_spreads_week3_2026.csv
2026,3,2026_03_HOU_IND,2026-09-27,IND,HOU,mybookieag,MyBookie.ag,us,1.5,-110,-1.5,-110,-1.5,0.5,0.5,-1.5,0.0,2026-09-27T07:56:38,market_spreads_week3_2026.csv
2026,3,2026_03_HOU_IND,2026-09-27,IND,HOU,playnow_ca,PlayNow (CA),ca,-1.5,120,1.5,-145,1.5,0.4343971631205673,0.5656028368794326,-1.5,3.0,2026-09-27T07:56:38,market_spreads_week3_2026.csv
2026,3,2026_03_HOU_IND,2026-09-27,IND,HOU,pointsbetca,PointsBet (CA - ON),ca,1.5,-110,-1.5,-110,-1.5,0.5,0.5,-1.5,0.0,2026-09-27T07:56:38,market_spreads_week3_2026.csv
2026,3,2026_03_HOU_IND,2026-09-27,IND,HOU,proline_ca_on,PROLINE (CA - ON),ca,1.5,-122,-1.5,-125,-1.5,0.4972826086956522,0.5027173913043478,-1.5,0.0,2026-09-27T07:56:38,market_spreads_week3_2026.csv
2026,3,2026_03_HOU_IND,2026-09-27,IND,HOU,sportsinteraction_ca_on,Sports Interaction (CA - ON),ca,2.0,-112,-2.0,-110,-2.0,0.502134927412468,0.497865072587532,-1.5,-0.5,2026-09-27T07:56:38,market_spreads_week3_2026.csv
2026,3,2026_03_KC_MIA,2026-09-27,MIA,KC,betano_ca_on,Betano (CA - ON),ca,9.5,-108,-9.5,-122,-9.5,0.485816177662506,0.5141838223374939,-10.0,0.5,2026-09-27T07:56:38,market_spreads_week3_2026.csv
2026,3,2026_03_KC_MIA,2026-09-27,MIA,KC,betmgm,BetMGM,us,10.0,-110,-10.0,-108,-10.0,0.5021949078138718,0.4978050921861282,-10.0,0.0,2026-09-27T07:56:38,market_spreads_week3_2026.csv
2026,3,2026_03_KC_MIA,2026-09-27,MIA,KC,betmgm_ca_on,BetMGM (CA - ON),ca,10.0,-110,-10.0,-108,-10.0,0.5021949078138718,0.4978050921861282,-10.0,0.0,2026-09-27T07:56:38,market_spreads_week3_2026.csv
2026,3,2026_03_KC_MIA,2026-09-27,MIA,KC,betonlineag,BetOnline.ag,us,10.0,-113,-10.0,-107,-10.0,0.5064960374171755,0.4935039625828245,-10.0,0.0,2026-09-27T07:56:38,market_spreads_week3_2026.csv
2026,3,2026_03_KC_MIA,2026-09-27,MIA,KC,betrivers,BetRivers,us,10.0,-107,-10.0,-114,-10.0,0.4924724707501721,0.5075275292498278,-10.0,0.0,2026-09-27T07:56:38,market_spreads_week3_2026.csv
2026,3,2026_03_KC_MIA,2026-09-27,MIA,KC,betrivers_ca_on,BetRivers (CA - ON),ca,10.0,-107,-10.0,-114,-10.0,0.4924724707501721,0.5075275292498278,-10.0,0.0,2026-09-27T07:56:38,market_spreads_week3_2026.csv
2026,3,2026_03_KC_MIA,2026-09-27,MIA,KC,betus,BetUS,us,10.0,-110,-10.0,-110,-10.0,0.5,0.5,-10.0,0.0,2026-09-27T07:56:38,market_spreads_week3_2026.csv
2026,3,2026_03_KC_MIA,2026-09-27,MIA,KC,bovada,Bovada,us,10.0,-115,-10.0,-105,-10.0,0.5108342361863488,0.4891657638136512,-10.0,0.0,2026-09-27T07:56:38,market_spreads_week3_2026.csv
2026,3,2026_03_KC_MIA,2026-09-27,MIA,KC,draftkings,DraftKings,us,10.0,-115,-10.0,-105,-10.0,0.5108342361863488,0.4891657638136512,-10.0,0.0,2026-09-27T07:56:38,market_spreads_week3_2026.csv
2026,3,2026_03_KC_MIA,2026-09-27,MIA,KC,fanduel,FanDuel,us,10.5,-120,-10.5,-102,-10.5,0.519280205655527,0.480719794344473,-10.0,-0.5,2026-09-27T07:56:38,market_spreads_week3_2026.csv
2026,3,2026_03_KC_MIA,2026-09-27,MIA,KC,lowvig,LowVig.ag,us,10.0,-108,-10.0,-102,-10.0,0.5069715560513107,0.4930284439486893,-10.0,0.0,2026-09-27T07:56:38,market_spreads_week3_2026.csv
2026,3,2026_03_KC_MIA,2026-09-27,MIA,KC,mybookieag,MyBookie.ag,us,10.0,-110,-10.0,-110,-10.0,0.5,0.5,-10.0,0.0,2026-09-27T07:56:38,market_spreads_week3_2026.csv
2026,3,2026_03_KC_MIA,2026-09-27,MIA,KC,playnow_ca,PlayNow (CA),ca,7.5,120,-7.5,-145,-7.5,0.4343971631205673,0.5656028368794326,-10.0,2.5,2026-09-27T07:56:38,market_spreads_week3_2026.csv
2026,3,2026_03_KC_MIA,2026-09-27,MIA,KC,pointsbetca,PointsBet (CA - ON),ca,9.5,-105,-9.5,-115,-9.5,0.4891657638136511,0.5108342361863489,-10.0,0.5,2026-09-27T07:56:38,market_spreads_week3_2026.csv
2026,3,2026_03_KC_MIA,2026-09-27,MIA,KC,proline_ca_on,PROLINE (CA - ON),ca,10.0,-121,-10.0,-127,-10.0,0.4945979039867469,0.505402096013253,-10.0,0.0,2026-09-27T07:56:38,market_spreads_week3_2026.csv
2026,3,2026_03_KC_MIA,2026-09-27,MIA,KC,sportsinteraction_ca_on,Sports Interaction (CA - ON),ca,10.0,-110,-10.0,-110,-10.0,0.5,0.5,-10.0,0.0,2026-09-27T07:56:38,market_spreads_week3_2026.csv
2026,3,2026_03_LAC_BUF,2026-09-27,BUF,LAC,betano_ca_on,Betano (CA - ON),ca,-7.5,-105,7.5,-125,7.5,0.4796954314720812,0.5203045685279188,7.0,0.5,2026-09-27T07:56:38,market_spreads_week3_2026.csv
2026,3,2026_03_LAC_BUF,2026-09-27,BUF,LAC,betmgm,BetMGM,us,-7.0,-112,7.0,-105,7.0,0.5077399380804954,0.4922600619195045,7.0,0.0,2026-09-27T07:56:38,market_spreads_week3_2026.csv
2026,3,2026_03_LAC_BUF,2026-09-27,BUF,LAC,betmgm_ca_on,BetMGM (CA - ON),ca,-7.0,-112,7.0,-105,7.0,0.5077399380804954,0.4922600619195045,7.0,0.0,2026-09-27T07:56:38,market_spreads_week3_2026.csv
2026,3,2026_03_LAC_BUF,2026-09-27,BUF,LAC,betonlineag,BetOnline.ag,us,-7.0,-115,7.0,-105,7.0,0.5108342361863488,0.4891657638136512,7.0,0.0,2026-09-27T07:56:38,market_spreads_week3_2026.csv
2026,3,2026_03_LAC_BUF,2026-09-27,BUF,LAC,betrivers,BetRivers,us,-7.0,-112,7.0,-109,7.0,0.5032246968784934,0.4967753031215066,7.0,0.0,2026-09-27T07:56:38,market_spreads_week3_2026.csv
2026,3,2026_03_LAC_BUF,2026-09-27,BUF,LAC,betrivers_ca_on,BetRivers (CA - ON),ca,-7.0,-112,7.0,-109,7.0,0.5032246968784934,0.4967753031215066,7.0,0.0,2026-09-27T07:56:38,market_spreads_week3_2026.csv
2026,3,2026_03_LAC_BUF,2026-09-27,BUF,LAC,betus,BetUS,us,-7.0,-115,7.0,-105,7.0,0.5108342361863488,0.4891657638136512,7.0,0.0,2026-09-27T07:56:38,market_spreads_week3_2026.csv
2026,3,2026_03_LAC_BUF,2026-09-27,BUF,LAC,bovada,Bovada,us,-7.0,-115,7.0,-105,7.0,0.5108342361863488,0.4891657638136512,7.0,0.0,2026-09-27T07:56:38,market_spreads_week3_2026.csv
2026,3,2026_03_LAC_BUF,2026-09-27,BUF,LAC,draftkings,DraftKings,us,-7.0,-112,7.0,-108,7.0,0.5043297540699688,0.4956702459300312,7.0,0.0,2026-09-27T07:56:38,market_spreads_week3_2026.csv
2026,3,2026_03_LAC_BUF,2026-09-27,BUF,LAC,fanduel,FanDuel,us,-7.5,100,7.5,-122,7.5,0.4763948497854076,0.5236051502145924,7.0,0.5,2026-09-27T07:56:38,market_spreads_week3_2026.csv
2026,3,2026_03_LAC_BUF,2026-09-27,BUF,LAC,lowvig,LowVig.ag,us,-7.0,-110,7.0,100,7.0,0.5116279069767442,0.4883720930232558,7.0,0.0,2026-09-27T07:56:38,market_spreads_week3_2026.csv
2026,3,2026_03_LAC_BUF,2026-09-27,BUF,LAC,mybookieag,MyBookie.ag,us,-7.0,-110,7.0,-110,7.0,0.5,0.5,7.0,0.0,2026-09-27T07:56:38,market_spreads_week3_2026.csv
2026,3,2026_03_LAC_BUF,2026-09-27,BUF,LAC,playnow_ca,PlayNow (CA),ca,-7.5,-102,7.5,-120,7.5,0.480719794344473,0.519280205655527,7.0,0.5,2026-09-27T07:56:38,market_spreads_week3_2026.csv
2026,3,2026_03_LAC_BUF,2026-09-27,BUF,LAC,pointsbetca,PointsBet (CA - ON),ca,-7.5,100,7.5,-120,7.5,0.4782608695652174,0.5217391304347826,7.0,0.5,2026-09-27T07:56:38,market_spreads_week3_2026.csv
2026,3,2026_03_LAC_BUF,2026-09-27,BUF,LAC,proline_ca_on,PROLINE (CA - ON),ca,-7.0,-125,7.0,-122,7.0,0.5027173913043479,0.4972826086956521,7.0,0.0,2026-09-27T07:56:38,market_spreads_week3_2026.csv
2026,3,2026_03_LAC_BUF,2026-09-27,BUF,LAC,sportsinteraction_ca_on,Sports Interaction (CA - ON),ca,-7.0,-115,7.0,-108,7.0,0.5074246924056003,0.4925753075943997,7.0,0.0,2026-09-27T07:56:38,market_spreads_week3_2026.csv
2026,3,2026_03_LA_DEN,2026-09-27,DEN,LA,betano_ca_on,Betano (CA - ON),ca,1.5,-111,-1.5,-120,-1.5,0.4909529553679131,0.5090470446320868,-2.5,1.0,2026-09-27T07:56:38,market_spreads_week3_2026.csv
2026,3,2026_03_LA_DEN,2026-09-27,DEN,LA,betmgm,BetMGM,us,2.0,-108,-2.0,-110,-2.0,0.4978050921861282,0.5021949078138719,-2.5,0.5,2026-09-27T07:56:38,market_spreads_week3_2026.csv
2026,3,2026_03_LA_DEN,2026-09-27,DEN,LA,betmgm_ca_on,BetMGM (CA - ON),ca,2.0,-108,-2.0,-110,-2.0,0.4978050921861282,0.5021949078138719,-2.5,0.5,2026-09-27T07:56:38,market_spreads_week3_2026.csv
2026,3,2026_03_LA_DEN,2026-09-27,DEN,LA,betonlineag,BetOnline.ag,us,2.0,-107,-2.0,-113,-2.0,0.4935039625828245,0.5064960374171755,-2.5,0.5,2026-09-27T07:56:38,market_spreads_week3_2026.csv
2026,3,2026_03_LA_DEN,2026-09-27,DEN,LA,betrivers,BetRivers,us,2.0,-112,-2.0,-109,-2.0,0.5032246968784934,0.4967753031215066,-2.5,0.5,2026-09-27T07:56:38,market_spreads_week3_2026.csv
2026,3,2026_03_LA_DEN,2026-09-27,DEN,LA,betrivers_ca_on,BetRivers (CA - ON),ca,2.0,-112,-2.0,-109,-2.0,0.5032246968784934,0.4967753031215066,-2.5,0.5,2026-09-27T07:56:38,market_spreads_week3_2026.csv
2026,3,2026_03_LA_DEN,2026-09-27,DEN,LA,betus,BetUS,us,1.5,-105,-1.5,-115,-1.5,0.4891657638136511,0.5108342361863489,-2.5,1.0,2026-09-27T07:56:38,market_spreads_week3_2026.csv
2026,3,2026_03_LA_DEN,2026-09-27,DEN,LA,bovada,Bovada,us,2.0,-115,-2.0,-105,-2.0,0.5108342361863488,0.4891657638136512,-2.5,0.5,2026-09-27T07:56:38,market_spreads_week3_2026.csv
2026,3,2026_03_LA_DEN,2026-09-27,DEN,LA,draftkings,DraftKings,us,2.5,-115,-2.5,-105,-2.5,0.5108342361863488,0.4891657638136512,-2.5,0.0,2026-09-27T07:56:38,market_spreads_week3_2026.csv
2026,3,2026_03_LA_DEN,2026-09-27,DEN,LA,fanduel,FanDuel,us,2.5,-118,-2.5,-104,-2.5,0.5149751839808318,0.4850248160191682,-2.5,0.0,2026-09-27T07:56:38,market_spreads_week3_2026.csv
2026,3,2026_03_LA_DEN,2026-09-27,DEN,LA,lowvig,LowVig.ag,us,2.0,-104,-2.0,-106,-2.0,0.497677011707861,0.502322988292139,-2.5,0.5,2026-09-27T07:56:38,market_spreads_week3_2026.csv
2026,3,2026_03_LA_DEN,2026-09-27,DEN,LA,mybookieag,MyBookie.ag,us,2.5,-110,-2.5,-110,-2.5,0.5,0.5,-2.5,0.0,2026-09-27T07:56:38,market_spreads_week3_2026.csv
2026,3,2026_03_LA_DEN,2026-09-27,DEN,LA,playnow_ca,PlayNow (CA),ca,5.0,-227,-5.0,180,-5.0,0.6602950342821525,0.3397049657178475,-2.5,-2.5,2026-09-27T07:56:38,market_spreads_week3_2026.csv
2026,3,2026_03_LA_DEN,2026-09-27,DEN,LA,pointsbetca,PointsBet (CA - ON),ca,2.5,-115,-2.5,-105,-2.5,0.5108342361863488,0.4891657638136512,-2.5,0.0,2026-09-27T07:56:38,market_spreads_week3_2026.csv
2026,3,2026_03_LA_DEN,2026-09-27,DEN,LA,proline_ca_on,PROLINE (CA - ON),ca,2.0,-122,-2.0,-125,-2.0,0.4972826086956522,0.5027173913043478,-2.5,0.5,2026-09-27T07:56:38,market_spreads_week3_2026.csv
2026,3,2026_03_LA_DEN,2026-09-27,DEN,LA,sportsinteraction_ca_on,Sports Interaction (CA - ON),ca,2.0,-110,-2.0,-110,-2.0,0.5,0.5,-2.5,0.5,2026-09-27T07:56:38,market_spreads_week3_2026.csv
2026,3,2026_03_LV_NO,2026-09-27,NO,LV,betano_ca_on,Betano (CA - ON),ca,-3.5,-102,3.5,-120,3.5,0.480719794344473,0.519280205655527,3.5,0.0,2026-09-27T07:56:38,market_spreads_week3_2026.csv
2026,3,2026_03_LV_NO,2026-09-27,NO,LV,betmgm,BetMGM,us,-3.5,-102,3.5,-118,3.5,0.4826358742837298,0.5173641257162702,3.5,0.0,2026-09-27T07:56:38,market_spreads_week3_2026.csv
2026,3,2026_03_LV_NO,2026-09-27,NO,LV,betmgm_ca_on,BetMGM (CA - ON),ca,-3.5,-102,3.5,-118,3.5,0.4826358742837298,0.5173641257162702,3.5,0.0,2026-09-27T07:56:38,market_spreads_week3_2026.csv
2026,3,2026_03_LV_NO,2026-09-27,NO,LV,betonlineag,BetOnline.ag,us,-3.5,-105,3.5,-115,3.5,0.4891657638136511,0.5108342361863489,3.5,0.0,2026-09-27T07:56:38,market_spreads_week3_2026.csv
2026,3,2026_03_LV_NO,2026-09-27,NO,LV,betrivers,BetRivers,us,-3.5,-103,3.5,-120,3.5,0.4819225861335602,0.5180774138664398,3.5,0.0,2026-09-27T07:56:38,market_spreads_week3_2026.csv
2026,3,2026_03_LV_NO,2026-09-27,NO,LV,betrivers_ca_on,BetRivers (CA - ON),ca,-3.0,-117,3.0,-105,3.0,0.5128287363694676,0.4871712636305324,3.5,-0.5,2026-09-27T07:56:38,market_spreads_week3_2026.csv
2026,3,2026_03_LV_NO,2026-09-27,NO,LV,betus,BetUS,us,-3.5,-105,3.5,-115,3.5,0.4891657638136511,0.5108342361863489,3.5,0.0,2026-09-27T07:56:38,market_spreads_week3_2026.csv
2026,3,2026_03_LV_NO,2026-09-27,NO,LV,bovada,Bovada,us,-3.5,100,3.5,-120,3.5,0.4782608695652174,0.5217391304347826,3.5,0.0,2026-09-27T07:56:38,market_spreads_week3_2026.csv
2026,3,2026_03_LV_NO,2026-09-27,NO,LV,draftkings,DraftKings,us,-3.5,-102,3.5,-118,3.5,0.4826358742837298,0.5173641257162702,3.5,0.0,2026-09-27T07:56:38,market_spreads_week3_2026.csv
2026,3,2026_03_LV_NO,2026-09-27,NO,LV,fanduel,FanDuel,us,-3.0,-120,3.0,-102,3.0,0.519280205655527,0.480719794344473,3.5,-0.5,2026-09-27T07:56:38,market_spreads_week3_2026.csv
2026,3,2026_03_LV_NO,2026-09-27,NO,LV,lowvig,LowVig.ag,us,-3.5,100,3.5,-110,3.5,0.4883720930232558,0.5116279069767442,3.5,0.0,2026-09-27T07:56:38,market_spreads_week3_2026.csv
2026,3,2026_03_LV_NO,2026-09-27,NO,LV,mybookieag,MyBookie.ag,us,-3.0,-120,3.0,100,3.0,0.5217391304347826,0.4782608695652174,3.5,-0.5,2026-09-27T07:56:38,market_spreads_week3_2026.csv
2026,3,2026_03_LV_NO,2026-09-27,NO,LV,playnow_ca,PlayNow (CA),ca,-6.5,145,6.5,-179,6.5,0.3888230785311128,0.6111769214688871,3.5,3.0,2026-09-27T07:56:38,market_spreads_week3_2026.csv
2026,3,2026_03_LV_NO,2026-09-27,NO,LV,pointsbetca,PointsBet (CA - ON),ca,-3.5,-105,3.5,-115,3.5,0.4891657638136511,0.5108342361863489,3.5,0.0,2026-09-27T07:56:38,market_spreads_week3_2026.csv
2026,3,2026_03_LV_NO,2026-09-27,NO,LV,proline_ca_on,PROLINE (CA - ON),ca,-3.0,-132,3.0,-118,3.0,0.5124661632711213,0.4875338367288787,3.5,-0.5,2026-09-27T07:56:38,market_spreads_week3_2026.csv
2026,3,2026_03_LV_NO,2026-09-27,NO,LV,sportsinteraction_ca_on,Sports Interaction (CA - ON),ca,-3.5,-105,3.5,-118,3.5,0.4861937128292268,0.5138062871707731,3.5,0.0,2026-09-27T07:56:38,market_spreads_week3_2026.csv
2026,3,2026_03_MIN_TB,2026-09-27,TB,MIN,betano_ca_on,Betano (CA - ON),ca,1.5,-115,-1.5,-105,-1.5,0.5108342361863488,0.4891657638136512,-1.5,0.0,2026-09-27T07:56:38,market_spreads_week3_2026.csv
2026,3,2026_03_MIN_TB,2026-09-27,TB,MIN,betmgm,BetMGM,us,1.0,-108,-1.0,-110,-1.0,0.4978050921861282,0.5021949078138719,-1.5,0.5,2026-09-27T07:56:38,market_spreads_week3_2026.csv
2026,3,2026_03_MIN_TB,2026-09-27,TB,MIN,betmgm_ca_on,BetMGM (CA - ON),ca,1.0,-108,-1.0,-110,-1.0,0.4978050921861282,0.5021949078138719,-1.5,0.5,2026-09-27T07:56:38,market_spreads_week3_2026.csv
2026,3,2026_03_MIN_TB,2026-09-27,TB,MIN,betonlineag,BetOnline.ag,us,1.0,-115,-1.0,-105,-1.0,0.5108342361863488,0.4891657638136512,-1.5,0.5,2026-09-27T07:56:38,market_spreads_week3_2026.csv
2026,3,2026_03_MIN_TB,2026-09-27,TB,MIN,betrivers,BetRivers,us,1.5,-110,-1.5,-110,-1.5,0.5,0.5,-1.5,0.0,2026-09-27T07:56:38,market_spreads_week3_2026.csv
2026,3,2026_03_MIN_TB,2026-09-27,TB,MIN,betrivers_ca_on,BetRivers (CA - ON),ca,1.5,-110,-1.5,-110,-1.5,0.5,0.5,-1.5,0.0,2026-09-27T07:56:38,market_spreads_week3_2026.csv
2026,3,2026_03_MIN_TB,2026-09-27,TB,MIN,betus,BetUS,us,0.0,100,0.0,-120,-0.0,0.4782608695652174,0.5217391304347826,-1.5,1.5,2026-09-27T07:56:38,market_spreads_week3_2026.csv
2026,3,2026_03_MIN_TB,2026-09-27,TB,MIN,bovada,Bovada,us,1.0,-110,-1.0,-110,-1.0,0.5,0.5,-1.5,0.5,2026-09-27T07:56:38,market_spreads_week3_2026.csv
2026,3,2026_03_MIN_TB,2026-09-27,TB,MIN,draftkings,DraftKings,us,1.5,-120,-1.5,100,-1.5,0.5217391304347826,0.4782608695652174,-1.5,0.0,2026-09-27T07:56:38,market_spreads_week3_2026.csv
2026,3,2026_03_MIN_TB,2026-09-27,TB,MIN,fanduel,FanDuel,us,1.5,-118,-1.5,-104,-1.5,0.5149751839808318,0.4850248160191682,-1.5,0.0,2026-09-27T07:56:38,market_spreads_week3_2026.csv
2026,3,2026_03_MIN_TB,2026-09-27,TB,MIN,lowvig,LowVig.ag,us,1.0,-108,-1.0,-102,-1.0,0.5069715560513107,0.4930284439486893,-1.5,0.5,2026-09-27T07:56:38,market_spreads_week3_2026.csv
2026,3,2026_03_MIN_TB,2026-09-27,TB,MIN,mybookieag,MyBookie.ag,us,1.0,-110,-1.0,-110,-1.0,0.5,0.5,-1.5,0.5,2026-09-27T07:56:38,market_spreads_week3_2026.csv
2026,3,2026_03_MIN_TB,2026-09-27,TB,MIN,playnow_ca,PlayNow (CA),ca,2.0,-128,-2.0,105,-2.0,0.5350734094616639,0.464926590538336,-1.5,-0.5,2026-09-27T07:56:38,market_spreads_week3_2026.csv
2026,3,2026_03_MIN_TB,2026-09-27,TB,MIN,pointsbetca,PointsBet (CA - ON),ca,0.5,-110,-0.5,-110,-0.5,0.5,0.5,-1.5,1.0,2026-09-27T07:56:38,market_spreads_week3_2026.csv
2026,3,2026_03_MIN_TB,2026-09-27,TB,MIN,proline_ca_on,PROLINE (CA - ON),ca,1.5,-124,-1.5,-124,-1.5,0.5,0.5,-1.5,0.0,2026-09-27T07:56:38,market_spreads_week3_2026.csv
2026,3,2026_03_MIN_TB,2026-09-27,TB,MIN,sportsinteraction_ca_on,Sports Interaction (CA - ON),ca,1.0,-110,-1.0,-110,-1.0,0.5,0.5,-1.5,0.5,2026-09-27T07:56:38,market_spreads_week3_2026.csv
2026,3,2026_03_NE_JAX,2026-09-27,JAX,NE,betano_ca_on,Betano (CA - ON),ca,-2.5,-128,2.5,-102,2.5,0.5264701091382962,0.4735298908617038,3.0,-0.5,2026-09-27T07:56:38,market_spreads_week3_2026.csv
2026,3,2026_03_NE_JAX,2026-09-27,JAX,NE,betmgm,BetMGM,us,2.0,-110,-2.0,-108,-2.0,0.5021949078138718,0.4978050921861282,3.0,-5.0,2026-09-27T07:56:38,market_spreads_week3_2026.csv
2026,3,2026_03_NE_JAX,2026-09-27,JAX,NE,betmgm_ca_on,BetMGM (CA - ON),ca,2.0,-110,-2.0,-108,-2.0,0.5021949078138718,0.4978050921861282,3.0,-5.0,2026-09-27T07:56:38,market_spreads_week3_2026.csv
2026,3,2026_03_NE_JAX,2026-09-27,JAX,NE,betonlineag,BetOnline.ag,us,-3.0,100,3.0,-120,3.0,0.4782608695652174,0.5217391304347826,3.0,0.0,2026-09-27T07:56:38,market_spreads_week3_2026.csv
2026,3,2026_03_NE_JAX,2026-09-27,JAX,NE,betrivers,BetRivers,us,-3.0,-106,3.0,-115,3.0,0.4903184165232359,0.5096815834767641,3.0,0.0,2026-09-27T07:56:38,market_spreads_week3_2026.csv
2026,3,2026_03_NE_JAX,2026-09-27,JAX,NE,betrivers_ca_on,BetRivers (CA - ON),ca,-3.0,-106,3.0,-115,3.0,0.4903184165232359,0.5096815834767641,3.0,0.0,2026-09-27T07:56:38,market_spreads_week3_2026.csv
2026,3,2026_03_NE_JAX,2026-09-27,JAX,NE,betus,BetUS,us,-2.5,-120,2.5,100,2.5,0.5217391304347826,0.4782608695652174,3.0,-0.5,2026-09-27T07:56:38,market_spreads_week3_2026.csv
2026,3,2026_03_NE_JAX,2026-09-27,JAX,NE,bovada,Bovada,us,-3.0,100,3.0,-120,3.0,0.4782608695652174,0.5217391304347826,3.0,0.0,2026-09-27T07:56:38,market_spreads_week3_2026.csv
2026,3,2026_03_NE_JAX,2026-09-27,JAX,NE,draftkings,DraftKings,us,-3.0,-102,3.0,-118,3.0,0.4826358742837298,0.5173641257162702,3.0,0.0,2026-09-27T07:56:38,market_spreads_week3_2026.csv
2026,3,2026_03_NE_JAX,2026-09-27,JAX,NE,fanduel,FanDuel,us,-2.5,-122,2.5,100,2.5,0.5236051502145922,0.4763948497854078,3.0,-0.5,2026-09-27T07:56:38,market_spreads_week3_2026.csv
2026,3,2026_03_NE_JAX,2026-09-27,JAX,NE,lowvig,LowVig.ag,us,-3.0,105,3.0,-116,3.0,0.4759806081974437,0.5240193918025563,3.0,0.0,2026-09-27T07:56:38,market_spreads_week3_2026.csv
2026,3,2026_03_NE_JAX,2026-09-27,JAX,NE,mybookieag,MyBookie.ag,us,-3.0,100,3.0,-120,3.0,0.4782608695652174,0.5217391304347826,3.0,0.0,2026-09-27T07:56:38,market_spreads_week3_2026.csv
2026,3,2026_03_NE_JAX,2026-09-27,JAX,NE,playnow_ca,PlayNow (CA),ca,1.0,-179,-1.0,145,-1.0,0.6111769214688871,0.3888230785311128,3.0,-4.0,2026-09-27T07:56:38,market_spreads_week3_2026.csv
2026,3,2026_03_NE_JAX,2026-09-27,JAX,NE,pointsbetca,PointsBet (CA - ON),ca,-2.5,-115,2.5,-105,2.5,0.5108342361863488,0.4891657638136512,3.0,-0.5,2026-09-27T07:56:38,market_spreads_week3_2026.csv
2026,3,2026_03_NE_JAX,2026-09-27,JAX,NE,proline_ca_on,PROLINE (CA - ON),ca,-3.0,-120,3.0,-130,3.0,0.4911032028469751,0.5088967971530249,3.0,0.0,2026-09-27T07:56:38,market_spreads_week3_2026.csv
2026,3,2026_03_NE_JAX,2026-09-27,JAX,NE,sportsinteraction_ca_on,Sports Interaction (CA - ON),ca,2.0,-112,-2.0,-108,-2.0,0.5043297540699688,0.4956702459300312,3.0,-5.0,2026-09-27T07:56:38,market_spreads_week3_2026.csv
2026,3,2026_03_NYJ_DET,2026-09-27,DET,NYJ,betano_ca_on,Betano (CA - ON),ca,-6.5,-120,6.5,-110,6.5,0.5101214574898786,0.4898785425101214,6.5,0.0,2026-09-27T07:56:38,market_spreads_week3_2026.csv
2026,3,2026_03_NYJ_DET,2026-09-27,DET,NYJ,betmgm,BetMGM,us,-6.5,-115,6.5,-102,6.5,0.5143932683790965,0.4856067316209035,6.5,0.0,2026-09-27T07:56:38,market_spreads_week3_2026.csv
2026,3,2026_03_NYJ_DET,2026-09-27,DET,NYJ,betmgm_ca_on,BetMGM (CA - ON),ca,-6.5,-115,6.5,-102,6.5,0.5143932683790965,0.4856067316209035,6.5,0.0,2026-09-27T07:56:38,market_spreads_week3_2026.csv
2026,3,2026_03_NYJ_DET,2026-09-27,DET,NYJ,betonlineag,BetOnline.ag,us,-6.5,-115,6.5,-105,6.5,0.5108342361863488,0.4891657638136512,6.5,0.0,2026-09-27T07:56:38,market_spreads_week3_2026.csv
2026,3,2026_03_NYJ_DET,2026-09-27,DET,NYJ,betrivers,BetRivers,us,-6.5,-118,6.5,-104,6.5,0.5149751839808318,0.4850248160191682,6.5,0.0,2026-09-27T07:56:38,market_spreads_week3_2026.csv
2026,3,2026_03_NYJ_DET,2026-09-27,DET,NYJ,betrivers_ca_on,BetRivers (CA - ON),ca,-6.5,-118,6.5,-104,6.5,0.5149751839808318,0.4850248160191682,6.5,0.0,2026-09-27T07:56:38,market_spreads_week3_2026.csv
2026,3,2026_03_NYJ_DET,2026-09-27,DET,NYJ,betus,BetUS,us,-6.5,-115,6.5,-105,6.5,0.5108342361863488,0.4891657638136512,6.5,0.0,2026-09-27T07:56:38,market_spreads_week3_2026.csv
2026,3,2026_03_NYJ_DET,2026-09-27,DET,NYJ,bovada,Bovada,us,-6.5,-115,6.5,-105,6.5,0.5108342361863488,0.4891657638136512,6.5,0.0,2026-09-27T07:56:38,market_spreads_week3_2026.csv
2026,3,2026_03_NYJ_DET,2026-09-27,DET,NYJ,draftkings,DraftKings,us,-6.5,-120,6.5,100,6.5,0.5217391304347826,0.4782608695652174,6.5,0.0,2026-09-27T07:56:38,market_spreads_week3_2026.csv
2026,3,2026_03_NYJ_DET,2026-09-27,DET,NYJ,fanduel,FanDuel,us,-6.5,-115,6.5,-105,6.5,0.5108342361863488,0.4891657638136512,6.5,0.0,2026-09-27T07:56:38,market_spreads_week3_2026.csv
2026,3,2026_03_NYJ_DET,2026-09-27,DET,NYJ,lowvig,LowVig.ag,us,-6.5,-110,6.5,100,6.5,0.5116279069767442,0.4883720930232558,6.5,0.0,2026-09-27T07:56:38,market_spreads_week3_2026.csv
2026,3,2026_03_NYJ_DET,2026-09-27,DET,NYJ,mybookieag,MyBookie.ag,us,-6.5,-110,6.5,-110,6.5,0.5,0.5,6.5,0.0,2026-09-27T07:56:38,market_spreads_week3_2026.csv
2026,3,2026_03_NYJ_DET,2026-09-27,DET,NYJ,playnow_ca,PlayNow (CA),ca,-5.5,-130,5.5,105,5.5,0.5367573011077543,0.4632426988922457,6.5,-1.0,2026-09-27T07:56:38,market_spreads_week3_2026.csv
2026,3,2026_03_NYJ_DET,2026-09-27,DET,NYJ,pointsbetca,PointsBet (CA - ON),ca,-6.5,-115,6.5,-105,6.5,0.5108342361863488,0.4891657638136512,6.5,0.0,2026-09-27T07:56:38,market_spreads_week3_2026.csv
2026,3,2026_03_NYJ_DET,2026-09-27,DET,NYJ,proline_ca_on,PROLINE (CA - ON),ca,-6.5,-132,6.5,-117,6.5,0.5134437513443753,0.4865562486556247,6.5,0.0,2026-09-27T07:56:38,market_spreads_week3_2026.csv
2026,3,2026_03_NYJ_DET,2026-09-27,DET,NYJ,sportsinteraction_ca_on,Sports Interaction (CA - ON),ca,-6.5,-118,6.5,-105,6.5,0.513806287170773,0.4861937128292269,6.5,0.0,2026-09-27T07:56:38,market_spreads_week3_2026.csv
2026,3,2026_03_PHI_CHI,2026-09-28,CHI,PHI,betano_ca_on,Betano (CA - ON),ca,3.5,-115,-3.5,-115,-3.5,0.5,0.5,-3.5,0.0,2026-09-27T07:56:38,market_spreads_week3_2026.csv
2026,3,2026_03_PHI_CHI,2026-09-28,CHI,PHI,betmgm,BetMGM,us,5.0,-110,-5.0,-108,-5.0,0.5021949078138718,0.4978050921861282,-4.5,-0.5,2026-09-26T08:56:22,market_spreads_week3_2026.csv
2026,3,2026_03_PHI_CHI,2026-09-28,CHI,PHI,betmgm_ca_on,BetMGM (CA - ON),ca,5.0,-110,-5.0,-108,-5.0,0.5021949078138718,0.4978050921861282,-4.5,-0.5,2026-09-26T08:56:22,market_spreads_week3_2026.csv
2026,3,2026_03_PHI_CHI,2026-09-28,CHI,PHI,betonlineag,BetOnline.ag,us,3.5,-117,-3.5,-103,-3.5,0.5151837230488916,0.4848162769511084,-3.5,0.0,2026-09-27T07:56:38,market_spreads_week3_2026.csv
2026,3,2026_03_PHI_CHI,2026-09-28,CHI,PHI,betrivers,BetRivers,us,3.5,-110,-3.5,-110,-3.5,0.5,0.5,-3.5,0.0,2026-09-27T07:56:38,market_spreads_week3_2026.csv
2026,3,2026_03_PHI_CHI,2026-09-28,CHI,PHI,betrivers_ca_on,BetRivers (CA - ON),ca,3.5,-110,-3.5,-110,-3.5,0.5,0.5,-3.5,0.0,2026-09-27T07:56:38,market_spreads_week3_2026.csv
2026,3,2026_03_PHI_CHI,2026-09-28,CHI,PHI,betus,BetUS,us,3.5,-115,-3.5,-105,-3.5,0.5108342361863488,0.4891657638136512,-3.5,0.0,2026-09-27T07:56:38,market_spreads_week3_2026.csv
2026,3,2026_03_PHI_CHI,2026-09-28,CHI,PHI,bovada,Bovada,us,3.5,-115,-3.5,-105,-3.5,0.5108342361863488,0.4891657638136512,-3.5,0.0,2026-09-27T07:56:38,market_spreads_week3_2026.csv
2026,3,2026_03_PHI_CHI,2026-09-28,CHI,PHI,draftkings,DraftKings,us,3.5,-110,-3.5,-110,-3.5,0.5,0.5,-3.5,0.0,2026-09-27T07:56:38,market_spreads_week3_2026.csv
2026,3,2026_03_PHI_CHI,2026-09-28,CHI,PHI,fanduel,FanDuel,us,3.5,-115,-3.5,-105,-3.5,0.5108342361863488,0.4891657638136512,-3.5,0.0,2026-09-27T07:56:38,market_spreads_week3_2026.csv
2026,3,2026_03_PHI_CHI,2026-09-28,CHI,PHI,lowvig,LowVig.ag,us,3.5,-113,-3.5,102,-3.5,0.5172913928296243,0.4827086071703756,-3.5,0.0,2026-09-27T07:56:38,market_spreads_week3_2026.csv
2026,3,2026_03_PHI_CHI,2026-09-28,CHI,PHI,mybookieag,MyBookie.ag,us,3.5,-110,-3.5,-110,-3.5,0.5,0.5,-3.5,0.0,2026-09-27T07:56:38,market_spreads_week3_2026.csv
2026,3,2026_03_PHI_CHI,2026-09-28,CHI,PHI,playnow_ca,PlayNow (CA),ca,4.0,-141,-4.0,-102,-4.0,0.5367480777928538,0.4632519222071461,-3.5,-0.5,2026-09-27T07:56:38,market_spreads_week3_2026.csv
2026,3,2026_03_PHI_CHI,2026-09-28,CHI,PHI,pointsbetca,PointsBet (CA - ON),ca,3.5,-115,-3.5,-105,-3.5,0.5108342361863488,0.4891657638136512,-3.5,0.0,2026-09-27T07:56:38,market_spreads_week3_2026.csv
2026,3,2026_03_PHI_CHI,2026-09-28,CHI,PHI,proline_ca_on,PROLINE (CA - ON),ca,3.5,-124,-3.5,-124,-3.5,0.5,0.5,-3.5,0.0,2026-09-27T07:56:38,market_spreads_week3_2026.csv
2026,3,2026_03_PHI_CHI,2026-09-28,CHI,PHI,sportsinteraction_ca_on,Sports Interaction (CA - ON),ca,5.0,-112,-5.0,-108,-5.0,0.5043297540699688,0.4956702459300312,-4.5,-0.5,2026-09-26T08:56:22,market_spreads_week3_2026.csv
2026,3,2026_03_SEA_WAS,2026-09-27,WAS,SEA,betano_ca_on,Betano (CA - ON),ca,8.5,-118,-8.5,-111,-8.5,0.5071288903372982,0.4928711096627017,-8.5,0.0,2026-09-27T07:56:38,market_spreads_week3_2026.csv
2026,3,2026_03_SEA_WAS,2026-09-27,WAS,SEA,betmgm,BetMGM,us,8.5,-110,-8.5,-108,-8.5,0.5021949078138718,0.4978050921861282,-8.5,0.0,2026-09-27T07:56:38,market_spreads_week3_2026.csv
2026,3,2026_03_SEA_WAS,2026-09-27,WAS,SEA,betmgm_ca_on,BetMGM (CA - ON),ca,8.5,-110,-8.5,-108,-8.5,0.5021949078138718,0.4978050921861282,-8.5,0.0,2026-09-27T07:56:38,market_spreads_week3_2026.csv
2026,3,2026_03_SEA_WAS,2026-09-27,WAS,SEA,betonlineag,BetOnline.ag,us,8.5,-110,-8.5,-110,-8.5,0.5,0.5,-8.5,0.0,2026-09-27T07:56:38,market_spreads_week3_2026.csv
2026,3,2026_03_SEA_WAS,2026-09-27,WAS,SEA,betrivers,BetRivers,us,7.5,-108,-7.5,-113,-7.5,0.494624580717296,0.505375419282704,-8.5,1.0,2026-09-27T07:56:38,market_spreads_week3_2026.csv
2026,3,2026_03_SEA_WAS,2026-09-27,WAS,SEA,betrivers_ca_on,BetRivers (CA - ON),ca,7.5,-108,-7.5,-113,-7.5,0.494624580717296,0.505375419282704,-8.5,1.0,2026-09-27T07:56:38,market_spreads_week3_2026.csv
2026,3,2026_03_SEA_WAS,2026-09-27,WAS,SEA,betus,BetUS,us,9.0,-115,-9.0,-105,-9.0,0.5108342361863488,0.4891657638136512,-8.5,-0.5,2026-09-27T07:56:38,market_spreads_week3_2026.csv
2026,3,2026_03_SEA_WAS,2026-09-27,WAS,SEA,bovada,Bovada,us,8.5,-115,-8.5,-105,-8.5,0.5108342361863488,0.4891657638136512,-8.5,0.0,2026-09-27T07:56:38,market_spreads_week3_2026.csv
2026,3,2026_03_SEA_WAS,2026-09-27,WAS,SEA,draftkings,DraftKings,us,8.5,-115,-8.5,-105,-8.5,0.5108342361863488,0.4891657638136512,-8.5,0.0,2026-09-27T07:56:38,market_spreads_week3_2026.csv
2026,3,2026_03_SEA_WAS,2026-09-27,WAS,SEA,fanduel,FanDuel,us,8.5,-110,-8.5,-110,-8.5,0.5,0.5,-8.5,0.0,2026-09-27T07:56:38,market_spreads_week3_2026.csv
2026,3,2026_03_SEA_WAS,2026-09-27,WAS,SEA,lowvig,LowVig.ag,us,8.5,-109,-8.5,-101,-8.5,0.5092984332140034,0.4907015667859966,-8.5,0.0,2026-09-27T07:56:38,market_spreads_week3_2026.csv
2026,3,2026_03_SEA_WAS,2026-09-27,WAS,SEA,mybookieag,MyBookie.ag,us,8.5,-110,-8.5,-110,-8.5,0.5,0.5,-8.5,0.0,2026-09-27T07:56:38,market_spreads_week3_2026.csv
2026,3,2026_03_SEA_WAS,2026-09-27,WAS,SEA,playnow_ca,PlayNow (CA),ca,9.5,-120,-9.5,100,-9.5,0.5217391304347826,0.4782608695652174,-8.5,-1.0,2026-09-27T07:56:38,market_spreads_week3_2026.csv
2026,3,2026_03_SEA_WAS,2026-09-27,WAS,SEA,pointsbetca,PointsBet (CA - ON),ca,8.5,-110,-8.5,-110,-8.5,0.5,0.5,-8.5,0.0,2026-09-27T07:56:38,market_spreads_week3_2026.csv
2026,3,2026_03_SEA_WAS,2026-09-27,WAS,SEA,proline_ca_on,PROLINE (CA - ON),ca,7.5,-121,-7.5,-127,-7.5,0.4945979039867469,0.505402096013253,-8.5,1.0,2026-09-27T07:56:38,market_spreads_week3_2026.csv
2026,3,2026_03_SEA_WAS,2026-09-27,WAS,SEA,sportsinteraction_ca_on,Sports Interaction (CA - ON),ca,8.5,-110,-8.5,-110,-8.5,0.5,0.5,-8.5,0.0,2026-09-27T07:56:38,market_spreads_week3_2026.csv
2026,3,2026_03_TEN_NYG,2026-09-27,NYG,TEN,betano_ca_on,Betano (CA - ON),ca,-2.5,-115,2.5,-115,2.5,0.5,0.5,2.5,0.0,2026-09-27T07:56:38,market_spreads_week3_2026.csv
2026,3,2026_03_TEN_NYG,2026-09-27,NYG,TEN,betmgm,BetMGM,us,-2.5,-112,2.5,-105,2.5,0.5077399380804954,0.4922600619195045,2.5,0.0,2026-09-27T07:56:38,market_spreads_week3_2026.csv
2026,3,2026_03_TEN_NYG,2026-09-27,NYG,TEN,betmgm_ca_on,BetMGM (CA - ON),ca,-2.5,-112,2.5,-105,2.5,0.5077399380804954,0.4922600619195045,2.5,0.0,2026-09-27T07:56:38,market_spreads_week3_2026.csv
2026,3,2026_03_TEN_NYG,2026-09-27,NYG,TEN,betonlineag,BetOnline.ag,us,-2.5,-105,2.5,-115,2.5,0.4891657638136511,0.5108342361863489,2.5,0.0,2026-09-27T07:56:38,market_spreads_week3_2026.csv
2026,3,2026_03_TEN_NYG,2026-09-27,NYG,TEN,betrivers,BetRivers,us,-2.5,-110,2.5,-110,2.5,0.5,0.5,2.5,0.0,2026-09-27T07:56:38,market_spreads_week3_2026.csv
2026,3,2026_03_TEN_NYG,2026-09-27,NYG,TEN,betrivers_ca_on,BetRivers (CA - ON),ca,-2.5,-110,2.5,-110,2.5,0.5,0.5,2.5,0.0,2026-09-27T07:56:38,market_spreads_week3_2026.csv
2026,3,2026_03_TEN_NYG,2026-09-27,NYG,TEN,betus,BetUS,us,-2.0,-115,2.0,-105,2.0,0.5108342361863488,0.4891657638136512,2.5,-0.5,2026-09-27T07:56:38,market_spreads_week3_2026.csv
2026,3,2026_03_TEN_NYG,2026-09-27,NYG,TEN,bovada,Bovada,us,-2.0,-110,2.0,-110,2.0,0.5,0.5,2.5,-0.5,2026-09-27T07:56:38,market_spreads_week3_2026.csv
2026,3,2026_03_TEN_NYG,2026-09-27,NYG,TEN,draftkings,DraftKings,us,-2.5,-110,2.5,-110,2.5,0.5,0.5,2.5,0.0,2026-09-27T07:56:38,market_spreads_week3_2026.csv
2026,3,2026_03_TEN_NYG,2026-09-27,NYG,TEN,fanduel,FanDuel,us,-2.5,-110,2.5,-110,2.5,0.5,0.5,2.5,0.0,2026-09-27T07:56:38,market_spreads_week3_2026.csv
2026,3,2026_03_TEN_NYG,2026-09-27,NYG,TEN,lowvig,LowVig.ag,us,-2.5,-101,2.5,-109,2.5,0.4907015667859966,0.5092984332140034,2.5,0.0,2026-09-27T07:56:38,market_spreads_week3_2026.csv
2026,3,2026_03_TEN_NYG,2026-09-27,NYG,TEN,mybookieag,MyBookie.ag,us,-2.5,-110,2.5,-110,2.5,0.5,0.5,2.5,0.0,2026-09-27T07:56:38,market_spreads_week3_2026.csv
2026,3,2026_03_TEN_NYG,2026-09-27,NYG,TEN,playnow_ca,PlayNow (CA),ca,-3.0,110,3.0,-137,3.0,0.4516866781017724,0.5483133218982276,2.5,0.5,2026-09-27T07:56:38,market_spreads_week3_2026.csv
2026,3,2026_03_TEN_NYG,2026-09-27,NYG,TEN,pointsbetca,PointsBet (CA - ON),ca,-2.5,-110,2.5,-110,2.5,0.5,0.5,2.5,0.0,2026-09-27T07:56:38,market_spreads_week3_2026.csv
2026,3,2026_03_TEN_NYG,2026-09-27,NYG,TEN,proline_ca_on,PROLINE (CA - ON),ca,-2.5,-124,2.5,-124,2.5,0.5,0.5,2.5,0.0,2026-09-27T07:56:38,market_spreads_week3_2026.csv
2026,3,2026_03_TEN_NYG,2026-09-27,NYG,TEN,sportsinteraction_ca_on,Sports Interaction (CA - ON),ca,-2.5,-115,2.5,-108,2.5,0.5074246924056003,0.4925753075943997,2.5,0.0,2026-09-27T07:56:38,market_spreads_week3_2026.csv
2026,4,2026_04_ARI_NYG,2026-10-04,NYG,ARI,betano_ca_on,Betano (CA - ON),ca,1.5,-118,-1.5,-118,-1.5,0.5,0.5,-1.5,0.0,2026-09-30T09:04:08,market_spreads_week4_2026.csv
2026,4,2026_04_ARI_NYG,2026-10-04,NYG,ARI,betmgm,BetMGM,us,2.0,-120,-2.0,-110,-2.0,0.5101214574898786,0.4898785425101214,-1.5,-0.5,2026-09-30T09:04:08,market_spreads_week4_2026.csv
2026,4,2026_04_ARI_NYG,2026-10-04,NYG,ARI,betmgm_ca_on,BetMGM (CA - ON),ca,2.0,-120,-2.0,-110,-2.0,0.5101214574898786,0.4898785425101214,-1.5,-0.5,2026-09-30T09:04:08,market_spreads_week4_2026.csv
2026,4,2026_04_ARI_NYG,2026-10-04,NYG,ARI,betonlineag,BetOnline.ag,us,1.0,100,-1.0,-120,-1.0,0.4782608695652174,0.5217391304347826,-1.5,0.5,2026-09-30T09:04:08,market_spreads_week4_2026.csv
2026,4,2026_04_ARI_NYG,2026-10-04,NYG,ARI,betrivers,BetRivers,us,1.5,-110,-1.5,-110,-1.5,0.5,0.5,-1.5,0.0,2026-09-30T09:04:08,market_spreads_week4_2026.csv
2026,4,2026_04_ARI_NYG,2026-10-04,NYG,ARI,betrivers_ca_on,BetRivers (CA - ON),ca,1.5,-110,-1.5,-110,-1.5,0.5,0.5,-1.5,0.0,2026-09-30T09:04:08,market_spreads_week4_2026.csv
2026,4,2026_04_ARI_NYG,2026-10-04,NYG,ARI,betus,BetUS,us,1.0,-105,-1.0,-115,-1.0,0.4891657638136511,0.5108342361863489,-1.5,0.5,2026-09-30T09:04:08,market_spreads_week4_2026.csv
2026,4,2026_04_ARI_NYG,2026-10-04,NYG,ARI,bovada,Bovada,us,2.0,-110,-2.0,-110,-2.0,0.5,0.5,-1.5,-0.5,2026-09-30T09:04:08,market_spreads_week4_2026.csv
2026,4,2026_04_ARI_NYG,2026-10-04,NYG,ARI,draftkings,DraftKings,us,1.5,-110,-1.5,-110,-1.5,0.5,0.5,-1.5,0.0,2026-09-30T09:04:08,market_spreads_week4_2026.csv
2026,4,2026_04_ARI_NYG,2026-10-04,NYG,ARI,fanduel,FanDuel,us,1.5,-110,-1.5,-110,-1.5,0.5,0.5,-1.5,0.0,2026-09-30T09:04:08,market_spreads_week4_2026.csv
2026,4,2026_04_ARI_NYG,2026-10-04,NYG,ARI,lowvig,LowVig.ag,us,1.0,105,-1.0,-116,-1.0,0.4759806081974437,0.5240193918025563,-1.5,0.5,2026-09-30T09:04:08,market_spreads_week4_2026.csv
2026,4,2026_04_ARI_NYG,2026-10-04,NYG,ARI,mybookieag,MyBookie.ag,us,2.0,-110,-2.0,-110,-2.0,0.5,0.5,-1.5,-0.5,2026-09-30T09:04:08,market_spreads_week4_2026.csv
2026,4,2026_04_ARI_NYG,2026-10-04,NYG,ARI,playnow_ca,PlayNow (CA),ca,1.0,-110,-1.0,-130,-1.0,0.4809885931558936,0.5190114068441064,-1.5,0.5,2026-09-30T09:04:08,market_spreads_week4_2026.csv
2026,4,2026_04_ARI_NYG,2026-10-04,NYG,ARI,pointsbetca,PointsBet (CA - ON),ca,1.5,-120,-1.5,100,-1.5,0.5217391304347826,0.4782608695652174,-1.5,0.0,2026-09-30T09:04:08,market_spreads_week4_2026.csv
2026,4,2026_04_ARI_NYG,2026-10-04,NYG,ARI,proline_ca_on,PROLINE (CA - ON),ca,1.5,-124,-1.5,-124,-1.5,0.5,0.5,-1.5,0.0,2026-09-30T09:04:08,market_spreads_week4_2026.csv
2026,4,2026_04_ARI_NYG,2026-10-04,NYG,ARI,sportsinteraction_ca_on,Sports Interaction (CA - ON),ca,1.5,-108,-1.5,-115,-1.5,0.4925753075943997,0.5074246924056003,-1.5,0.0,2026-09-30T09:04:08,market_spreads_week4_2026.csv
2026,4,2026_04_ATL_NO,2026-10-05,NO,ATL,betano_ca_on,Betano (CA - ON),ca,-2.5,-128,2.5,-108,2.5,0.5195129566031845,0.48048704339681547,3.0,-0.5,2026-09-30T09:04:08,market_spreads_week4_2026.csv
2026,4,2026_04_ATL_NO,2026-10-05,NO,ATL,betmgm,BetMGM,us,-2.5,-118,2.5,-102,2.5,0.5173641257162701,0.4826358742837299,3.0,-0.5,2026-09-30T09:04:08,market_spreads_week4_2026.csv
2026,4,2026_04_ATL_NO,2026-10-05,NO,ATL,betmgm_ca_on,BetMGM (CA - ON),ca,-2.5,-118,2.5,-102,2.5,0.5173641257162701,0.4826358742837299,3.0,-0.5,2026-09-30T09:04:08,market_spreads_week4_2026.csv
2026,4,2026_04_ATL_NO,2026-10-05,NO,ATL,betonlineag,BetOnline.ag,us,-2.5,-120,2.5,100,2.5,0.5217391304347826,0.4782608695652174,3.0,-0.5,2026-09-30T09:04:08,market_spreads_week4_2026.csv
2026,4,2026_04_ATL_NO,2026-10-05,NO,ATL,betrivers,BetRivers,us,-2.5,-117,2.5,-105,2.5,0.5128287363694676,0.4871712636305324,3.0,-0.5,2026-09-30T09:04:08,market_spreads_week4_2026.csv
2026,4,2026_04_ATL_NO,2026-10-05,NO,ATL,betrivers_ca_on,BetRivers (CA - ON),ca,-2.5,-117,2.5,-105,2.5,0.5128287363694676,0.4871712636305324,3.0,-0.5,2026-09-30T09:04:08,market_spreads_week4_2026.csv
2026,4,2026_04_ATL_NO,2026-10-05,NO,ATL,betus,BetUS,us,-3.0,100,3.0,-120,3.0,0.4782608695652174,0.5217391304347826,3.0,0.0,2026-09-30T09:04:08,market_spreads_week4_2026.csv
2026,4,2026_04_ATL_NO,2026-10-05,NO,ATL,bovada,Bovada,us,-2.5,-115,2.5,-105,2.5,0.5108342361863488,0.4891657638136512,3.0,-0.5,2026-09-30T09:04:08,market_spreads_week4_2026.csv
2026,4,2026_04_ATL_NO,2026-10-05,NO,ATL,draftkings,DraftKings,us,-3.0,-102,3.0,-118,3.0,0.4826358742837298,0.5173641257162702,3.0,0.0,2026-09-30T09:04:08,market_spreads_week4_2026.csv
2026,4,2026_04_ATL_NO,2026-10-05,NO,ATL,fanduel,FanDuel,us,-2.5,-118,2.5,-104,2.5,0.5149751839808318,0.48502481601916825,3.0,-0.5,2026-09-30T09:04:08,market_spreads_week4_2026.csv
2026,4,2026_04_ATL_NO,2026-10-05,NO,ATL,lowvig,LowVig.ag,us,-2.5,-116,2.5,105,2.5,0.5240193918025562,0.4759806081974438,3.0,-0.5,2026-09-30T09:04:08,market_spreads_week4_2026.csv
2026,4,2026_04_ATL_NO,2026-10-05,NO,ATL,mybookieag,MyBookie.ag,us,-3.0,100,3.0,-120,3.0,0.4782608695652174,0.5217391304347826,3.0,0.0,2026-09-30T09:04:08,market_spreads_week4_2026.csv
2026,4,2026_04_ATL_NO,2026-10-05,NO,ATL,playnow_ca,PlayNow (CA),ca,1.5,-200,-1.5,135,-1.5,0.6103896103896104,0.38961038961038963,3.0,-4.5,2026-09-30T09:04:08,market_spreads_week4_2026.csv
2026,4,2026_04_ATL_NO,2026-10-05,NO,ATL,pointsbetca,PointsBet (CA - ON),ca,-2.5,-120,2.5,100,2.5,0.5217391304347826,0.4782608695652174,3.0,-0.5,2026-09-30T09:04:08,market_spreads_week4_2026.csv
2026,4,2026_04_ATL_NO,2026-10-05,NO,ATL,proline_ca_on,PROLINE (CA - ON),ca,-2.5,-132,2.5,-117,2.5,0.5134437513443753,0.48655624865562475,3.0,-0.5,2026-09-30T09:04:08,market_spreads_week4_2026.csv
2026,4,2026_04_ATL_NO,2026-10-05,NO,ATL,sportsinteraction_ca_on,Sports Interaction (CA - ON),ca,-2.5,-120,2.5,-102,2.5,0.519280205655527,0.480719794344473,3.0,-0.5,2026-09-30T09:04:08,market_spreads_week4_2026.csv
2026,4,2026_04_DAL_HOU,2026-10-04,HOU,DAL,betano_ca_on,Betano (CA - ON),ca,-2.5,-125,2.5,-111,2.5,0.5136319376825706,0.48636806231742935,2.5,0.0,2026-09-30T09:04:08,market_spreads_week4_2026.csv
2026,4,2026_04_DAL_HOU,2026-10-04,HOU,DAL,betmgm,BetMGM,us,-2.5,-118,2.5,-102,2.5,0.5173641257162701,0.4826358742837299,2.5,0.0,2026-09-30T09:04:08,market_spreads_week4_2026.csv
2026,4,2026_04_DAL_HOU,2026-10-04,HOU,DAL,betmgm_ca_on,BetMGM (CA - ON),ca,-2.5,-118,2.5,-102,2.5,0.5173641257162701,0.4826358742837299,2.5,0.0,2026-09-30T09:04:08,market_spreads_week4_2026.csv
2026,4,2026_04_DAL_HOU,2026-10-04,HOU,DAL,betonlineag,BetOnline.ag,us,-2.5,-117,2.5,-103,2.5,0.5151837230488916,0.4848162769511084,2.5,0.0,2026-09-30T09:04:08,market_spreads_week4_2026.csv
2026,4,2026_04_DAL_HOU,2026-10-04,HOU,DAL,betrivers,BetRivers,us,-3.0,-103,3.0,-118,3.0,0.48383899327702123,0.5161610067229787,2.5,0.5,2026-09-30T09:04:08,market_spreads_week4_2026.csv
2026,4,2026_04_DAL_HOU,2026-10-04,HOU,DAL,betrivers_ca_on,BetRivers (CA - ON),ca,-3.0,-103,3.0,-118,3.0,0.48383899327702123,0.5161610067229787,2.5,0.5,2026-09-30T09:04:08,market_spreads_week4_2026.csv
2026,4,2026_04_DAL_HOU,2026-10-04,HOU,DAL,betus,BetUS,us,-2.0,-120,2.0,100,2.0,0.5217391304347826,0.4782608695652174,2.5,-0.5,2026-09-30T09:04:08,market_spreads_week4_2026.csv
2026,4,2026_04_DAL_HOU,2026-10-04,HOU,DAL,bovada,Bovada,us,-3.0,-105,3.0,-115,3.0,0.4891657638136511,0.5108342361863489,2.5,0.5,2026-09-30T09:04:08,market_spreads_week4_2026.csv
2026,4,2026_04_DAL_HOU,2026-10-04,HOU,DAL,draftkings,DraftKings,us,-2.5,-115,2.5,-105,2.5,0.5108342361863488,0.4891657638136512,2.5,0.0,2026-09-30T09:04:08,market_spreads_week4_2026.csv
2026,4,2026_04_DAL_HOU,2026-10-04,HOU,DAL,fanduel,FanDuel,us,-2.5,-115,2.5,-105,2.5,0.5108342361863488,0.4891657638136512,2.5,0.0,2026-09-30T09:04:08,market_spreads_week4_2026.csv
2026,4,2026_04_DAL_HOU,2026-10-04,HOU,DAL,lowvig,LowVig.ag,us,-2.5,-116,2.5,105,2.5,0.5240193918025562,0.4759806081974438,2.5,0.0,2026-09-30T09:04:08,market_spreads_week4_2026.csv
2026,4,2026_04_DAL_HOU,2026-10-04,HOU,DAL,mybookieag,MyBookie.ag,us,-2.5,-115,2.5,-105,2.5,0.5108342361863488,0.4891657638136512,2.5,0.0,2026-09-30T09:04:08,market_spreads_week4_2026.csv
2026,4,2026_04_DAL_HOU,2026-10-04,HOU,DAL,playnow_ca,PlayNow (CA),ca,1.5,-189,-1.5,130,-1.5,0.6006632582561835,0.3993367417438165,2.5,-4.0,2026-09-30T09:04:08,market_spreads_week4_2026.csv
2026,4,2026_04_DAL_HOU,2026-10-04,HOU,DAL,pointsbetca,PointsBet (CA - ON),ca,-2.5,-115,2.5,-105,2.5,0.5108342361863488,0.4891657638136512,2.5,0.0,2026-09-30T09:04:08,market_spreads_week4_2026.csv
2026,4,2026_04_DAL_HOU,2026-10-04,HOU,DAL,proline_ca_on,PROLINE (CA - ON),ca,-3.0,-115,3.0,-132,3.0,0.48456229567744274,0.5154377043225573,2.5,0.5,2026-09-30T09:04:08,market_spreads_week4_2026.csv
2026,4,2026_04_DAL_HOU,2026-10-04,HOU,DAL,sportsinteraction_ca_on,Sports Interaction (CA - ON),ca,-2.5,-118,2.5,-105,2.5,0.513806287170773,0.48619371282922696,2.5,0.0,2026-09-30T09:04:08,market_spreads_week4_2026.csv
2026,4,2026_04_DEN_SF,2026-10-04,SF,DEN,betano_ca_on,Betano (CA - ON),ca,-2.5,-128,2.5,-108,2.5,0.5195129566031845,0.48048704339681547,3.0,-0.5,2026-09-30T09:04:08,market_spreads_week4_2026.csv
2026,4,2026_04_DEN_SF,2026-10-04,SF,DEN,betmgm,BetMGM,us,-2.5,-118,2.5,-102,2.5,0.5173641257162701,0.4826358742837299,3.0,-0.5,2026-09-30T09:04:08,market_spreads_week4_2026.csv
2026,4,2026_04_DEN_SF,2026-10-04,SF,DEN,betmgm_ca_on,BetMGM (CA - ON),ca,-2.5,-118,2.5,-102,2.5,0.5173641257162701,0.4826358742837299,3.0,-0.5,2026-09-30T09:04:08,market_spreads_week4_2026.csv
2026,4,2026_04_DEN_SF,2026-10-04,SF,DEN,betonlineag,BetOnline.ag,us,-2.5,-118,2.5,-102,2.5,0.5173641257162701,0.4826358742837299,3.0,-0.5,2026-09-30T09:04:08,market_spreads_week4_2026.csv
2026,4,2026_04_DEN_SF,2026-10-04,SF,DEN,betrivers,BetRivers,us,-3.0,-105,3.0,-117,3.0,0.4871712636305324,0.5128287363694676,3.0,0.0,2026-09-30T09:04:08,market_spreads_week4_2026.csv
2026,4,2026_04_DEN_SF,2026-10-04,SF,DEN,betrivers_ca_on,BetRivers (CA - ON),ca,-3.0,-105,3.0,-117,3.0,0.4871712636305324,0.5128287363694676,3.0,0.0,2026-09-30T09:04:08,market_spreads_week4_2026.csv
2026,4,2026_04_DEN_SF,2026-10-04,SF,DEN,betus,BetUS,us,-3.0,100,3.0,-120,3.0,0.4782608695652174,0.5217391304347826,3.0,0.0,2026-09-30T09:04:08,market_spreads_week4_2026.csv
2026,4,2026_04_DEN_SF,2026-10-04,SF,DEN,bovada,Bovada,us,-2.5,-115,2.5,-105,2.5,0.5108342361863488,0.4891657638136512,3.0,-0.5,2026-09-30T09:04:08,market_spreads_week4_2026.csv
2026,4,2026_04_DEN_SF,2026-10-04,SF,DEN,draftkings,DraftKings,us,-3.0,100,3.0,-120,3.0,0.4782608695652174,0.5217391304347826,3.0,0.0,2026-09-30T09:04:08,market_spreads_week4_2026.csv
2026,4,2026_04_DEN_SF,2026-10-04,SF,DEN,fanduel,FanDuel,us,-2.5,-120,2.5,-102,2.5,0.519280205655527,0.480719794344473,3.0,-0.5,2026-09-30T09:04:08,market_spreads_week4_2026.csv
2026,4,2026_04_DEN_SF,2026-10-04,SF,DEN,lowvig,LowVig.ag,us,-2.5,-114,2.5,103,2.5,0.5195545777019441,0.48044542229805587,3.0,-0.5,2026-09-30T09:04:08,market_spreads_week4_2026.csv
2026,4,2026_04_DEN_SF,2026-10-04,SF,DEN,mybookieag,MyBookie.ag,us,-3.0,100,3.0,-120,3.0,0.4782608695652174,0.5217391304347826,3.0,0.0,2026-09-30T09:04:08,market_spreads_week4_2026.csv
2026,4,2026_04_DEN_SF,2026-10-04,SF,DEN,playnow_ca,PlayNow (CA),ca,2.0,-213,-2.0,145,-2.0,0.6250823501227766,0.3749176498772234,3.0,-5.0,2026-09-30T09:04:08,market_spreads_week4_2026.csv
2026,4,2026_04_DEN_SF,2026-10-04,SF,DEN,pointsbetca,PointsBet (CA - ON),ca,-2.5,-120,2.5,100,2.5,0.5217391304347826,0.4782608695652174,3.0,-0.5,2026-09-30T09:04:08,market_spreads_week4_2026.csv
2026,4,2026_04_DEN_SF,2026-10-04,SF,DEN,proline_ca_on,PROLINE (CA - ON),ca,-3.0,-117,3.0,-132,3.0,0.4865562486556249,0.513443751344375,3.0,0.0,2026-09-30T09:04:08,market_spreads_week4_2026.csv
2026,4,2026_04_DEN_SF,2026-10-04,SF,DEN,sportsinteraction_ca_on,Sports Interaction (CA - ON),ca,-2.5,-118,2.5,-105,2.5,0.513806287170773,0.48619371282922696,3.0,-0.5,2026-09-30T09:04:08,market_spreads_week4_2026.csv
2026,4,2026_04_DET_CAR,2026-10-04,CAR,DET,betano_ca_on,Betano (CA - ON),ca,3.5,-114,-3.5,-120,-3.5,0.4940898345153664,0.5059101654846336,-3.5,0.0,2026-09-30T09:04:08,market_spreads_week4_2026.csv
2026,4,2026_04_DET_CAR,2026-10-04,CAR,DET,betmgm,BetMGM,us,3.5,-105,-3.5,-112,-3.5,0.4922600619195047,0.5077399380804952,-3.5,0.0,2026-09-30T09:04:08,market_spreads_week4_2026.csv
2026,4,2026_04_DET_CAR,2026-10-04,CAR,DET,betmgm_ca_on,BetMGM (CA - ON),ca,3.5,-105,-3.5,-112,-3.5,0.4922600619195047,0.5077399380804952,-3.5,0.0,2026-09-30T09:04:08,market_spreads_week4_2026.csv
2026,4,2026_04_DET_CAR,2026-10-04,CAR,DET,betonlineag,BetOnline.ag,us,3.5,-110,-3.5,-110,-3.5,0.5,0.5,-3.5,0.0,2026-09-30T09:04:08,market_spreads_week4_2026.csv
2026,4,2026_04_DET_CAR,2026-10-04,CAR,DET,betrivers,BetRivers,us,4.0,-110,-4.0,-110,-4.0,0.5,0.5,-3.5,-0.5,2026-09-30T09:04:08,market_spreads_week4_2026.csv
2026,4,2026_04_DET_CAR,2026-10-04,CAR,DET,betrivers_ca_on,BetRivers (CA - ON),ca,4.0,-110,-4.0,-110,-4.0,0.5,0.5,-3.5,-0.5,2026-09-30T09:04:08,market_spreads_week4_2026.csv
2026,4,2026_04_DET_CAR,2026-10-04,CAR,DET,betus,BetUS,us,3.5,-110,-3.5,-110,-3.5,0.5,0.5,-3.5,0.0,2026-09-30T09:04:08,market_spreads_week4_2026.csv
2026,4,2026_04_DET_CAR,2026-10-04,CAR,DET,bovada,Bovada,us,3.5,-110,-3.5,-110,-3.5,0.5,0.5,-3.5,0.0,2026-09-30T09:04:08,market_spreads_week4_2026.csv
2026,4,2026_04_DET_CAR,2026-10-04,CAR,DET,draftkings,DraftKings,us,3.5,-108,-3.5,-112,-3.5,0.4956702459300312,0.5043297540699688,-3.5,0.0,2026-09-30T09:04:08,market_spreads_week4_2026.csv
2026,4,2026_04_DET_CAR,2026-10-04,CAR,DET,fanduel,FanDuel,us,3.5,-105,-3.5,-115,-3.5,0.4891657638136511,0.5108342361863489,-3.5,0.0,2026-09-30T09:04:08,market_spreads_week4_2026.csv
2026,4,2026_04_DET_CAR,2026-10-04,CAR,DET,lowvig,LowVig.ag,us,3.5,-107,-3.5,-103,-3.5,0.5046466242274987,0.49535337577250127,-3.5,0.0,2026-09-30T09:04:08,market_spreads_week4_2026.csv
2026,4,2026_04_DET_CAR,2026-10-04,CAR,DET,mybookieag,MyBookie.ag,us,3.5,-110,-3.5,-110,-3.5,0.5,0.5,-3.5,0.0,2026-09-30T09:04:08,market_spreads_week4_2026.csv
2026,4,2026_04_DET_CAR,2026-10-04,CAR,DET,playnow_ca,PlayNow (CA),ca,6.0,-164,-6.0,115,-6.0,0.5718456049302627,0.4281543950697373,-3.5,-2.5,2026-09-30T09:04:08,market_spreads_week4_2026.csv
2026,4,2026_04_DET_CAR,2026-10-04,CAR,DET,pointsbetca,PointsBet (CA - ON),ca,3.5,-110,-3.5,-110,-3.5,0.5,0.5,-3.5,0.0,2026-09-30T09:04:08,market_spreads_week4_2026.csv
2026,4,2026_04_DET_CAR,2026-10-04,CAR,DET,proline_ca_on,PROLINE (CA - ON),ca,4.0,-124,-4.0,-124,-4.0,0.5,0.5,-3.5,-0.5,2026-09-30T09:04:08,market_spreads_week4_2026.csv
2026,4,2026_04_DET_CAR,2026-10-04,CAR,DET,sportsinteraction_ca_on,Sports Interaction (CA - ON),ca,3.5,-108,-3.5,-115,-3.5,0.4925753075943997,0.5074246924056003,-3.5,0.0,2026-09-30T09:04:08,market_spreads_week4_2026.csv
2026,4,2026_04_GB_TB,2026-10-04,TB,GB,betano_ca_on,Betano (CA - ON),ca,3.5,-110,-3.5,-125,-3.5,0.48529411764705876,0.5147058823529412,-3.5,0.0,2026-09-30T09:04:08,market_spreads_week4_2026.csv
2026,4,2026_04_GB_TB,2026-10-04,TB,GB,betmgm,BetMGM,us,4.0,-110,-4.0,-108,-4.0,0.5021949078138718,0.49780509218612823,-3.5,-0.5,2026-09-30T09:04:08,market_spreads_week4_2026.csv
2026,4,2026_04_GB_TB,2026-10-04,TB,GB,betmgm_ca_on,BetMGM (CA - ON),ca,4.0,-110,-4.0,-108,-4.0,0.5021949078138718,0.49780509218612823,-3.5,-0.5,2026-09-30T09:04:08,market_spreads_week4_2026.csv
2026,4,2026_04_GB_TB,2026-10-04,TB,GB,betonlineag,BetOnline.ag,us,4.0,-111,-4.0,-109,-4.0,0.5021645958699511,0.4978354041300489,-3.5,-0.5,2026-09-30T09:04:08,market_spreads_week4_2026.csv
2026,4,2026_04_GB_TB,2026-10-04,TB,GB,betrivers,BetRivers,us,4.0,-110,-4.0,-110,-4.0,0.5,0.5,-3.5,-0.5,2026-09-30T09:04:08,market_spreads_week4_2026.csv
2026,4,2026_04_GB_TB,2026-10-04,TB,GB,betrivers_ca_on,BetRivers (CA - ON),ca,4.0,-110,-4.0,-110,-4.0,0.5,0.5,-3.5,-0.5,2026-09-30T09:04:08,market_spreads_week4_2026.csv
2026,4,2026_04_GB_TB,2026-10-04,TB,GB,betus,BetUS,us,4.0,-110,-4.0,-110,-4.0,0.5,0.5,-3.5,-0.5,2026-09-30T09:04:08,market_spreads_week4_2026.csv
2026,4,2026_04_GB_TB,2026-10-04,TB,GB,bovada,Bovada,us,3.5,-110,-3.5,-110,-3.5,0.5,0.5,-3.5,0.0,2026-09-30T09:04:08,market_spreads_week4_2026.csv
2026,4,2026_04_GB_TB,2026-10-04,TB,GB,draftkings,DraftKings,us,3.5,100,-3.5,-120,-3.5,0.4782608695652174,0.5217391304347826,-3.5,0.0,2026-09-30T09:04:08,market_spreads_week4_2026.csv
2026,4,2026_04_GB_TB,2026-10-04,TB,GB,fanduel,FanDuel,us,3.5,-104,-3.5,-118,-3.5,0.4850248160191682,0.5149751839808319,-3.5,0.0,2026-09-30T09:04:08,market_spreads_week4_2026.csv
2026,4,2026_04_GB_TB,2026-10-04,TB,GB,lowvig,LowVig.ag,us,4.0,-106,-4.0,-104,-4.0,0.5023229882921391,0.49767701170786094,-3.5,-0.5,2026-09-30T09:04:08,market_spreads_week4_2026.csv
2026,4,2026_04_GB_TB,2026-10-04,TB,GB,mybookieag,MyBookie.ag,us,3.5,-110,-3.5,-110,-3.5,0.5,0.5,-3.5,0.0,2026-09-30T09:04:08,market_spreads_week4_2026.csv
2026,4,2026_04_GB_TB,2026-10-04,TB,GB,playnow_ca,PlayNow (CA),ca,3.0,105,-3.0,-154,-3.0,0.4458486922941899,0.5541513077058101,-3.5,0.5,2026-09-30T09:04:08,market_spreads_week4_2026.csv
2026,4,2026_04_GB_TB,2026-10-04,TB,GB,pointsbetca,PointsBet (CA - ON),ca,3.5,-105,-3.5,-115,-3.5,0.4891657638136511,0.5108342361863489,-3.5,0.0,2026-09-30T09:04:08,market_spreads_week4_2026.csv
2026,4,2026_04_GB_TB,2026-10-04,TB,GB,proline_ca_on,PROLINE (CA - ON),ca,4.0,-124,-4.0,-124,-4.0,0.5,0.5,-3.5,-0.5,2026-09-30T09:04:08,market_spreads_week4_2026.csv
2026,4,2026_04_GB_TB,2026-10-04,TB,GB,sportsinteraction_ca_on,Sports Interaction (CA - ON),ca,4.0,-110,-4.0,-110,-4.0,0.5,0.5,-3.5,-0.5,2026-09-30T09:04:08,market_spreads_week4_2026.csv
2026,4,2026_04_IND_WAS,2026-10-04,WAS,IND,betano_ca_on,Betano (CA - ON),ca,3.5,-118,-3.5,-118,-3.5,0.5,0.5,-3.5,0.0,2026-09-30T09:04:08,market_spreads_week4_2026.csv
2026,4,2026_04_IND_WAS,2026-10-04,WAS,IND,betmgm,BetMGM,us,3.5,-108,-3.5,-110,-3.5,0.4978050921861282,0.5021949078138719,-3.5,0.0,2026-09-30T09:04:08,market_spreads_week4_2026.csv
2026,4,2026_04_IND_WAS,2026-10-04,WAS,IND,betmgm_ca_on,BetMGM (CA - ON),ca,3.5,-108,-3.5,-110,-3.5,0.4978050921861282,0.5021949078138719,-3.5,0.0,2026-09-30T09:04:08,market_spreads_week4_2026.csv
2026,4,2026_04_IND_WAS,2026-10-04,WAS,IND,betonlineag,BetOnline.ag,us,3.5,-108,-3.5,-112,-3.5,0.4956702459300312,0.5043297540699688,-3.5,0.0,2026-09-30T09:04:08,market_spreads_week4_2026.csv
2026,4,2026_04_IND_WAS,2026-10-04,WAS,IND,betrivers,BetRivers,us,3.5,-110,-3.5,-110,-3.5,0.5,0.5,-3.5,0.0,2026-09-30T09:04:08,market_spreads_week4_2026.csv
2026,4,2026_04_IND_WAS,2026-10-04,WAS,IND,betrivers_ca_on,BetRivers (CA - ON),ca,3.5,-110,-3.5,-110,-3.5,0.5,0.5,-3.5,0.0,2026-09-30T09:04:08,market_spreads_week4_2026.csv
2026,4,2026_04_IND_WAS,2026-10-04,WAS,IND,betus,BetUS,us,3.5,-110,-3.5,-110,-3.5,0.5,0.5,-3.5,0.0,2026-09-30T09:04:08,market_spreads_week4_2026.csv
2026,4,2026_04_IND_WAS,2026-10-04,WAS,IND,bovada,Bovada,us,3.5,-110,-3.5,-110,-3.5,0.5,0.5,-3.5,0.0,2026-09-30T09:04:08,market_spreads_week4_2026.csv
2026,4,2026_04_IND_WAS,2026-10-04,WAS,IND,draftkings,DraftKings,us,3.5,-112,-3.5,-108,-3.5,0.5043297540699688,0.4956702459300312,-3.5,0.0,2026-09-30T09:04:08,market_spreads_week4_2026.csv
2026,4,2026_04_IND_WAS,2026-10-04,WAS,IND,fanduel,FanDuel,us,3.5,-110,-3.5,-110,-3.5,0.5,0.5,-3.5,0.0,2026-09-30T09:04:08,market_spreads_week4_2026.csv
2026,4,2026_04_IND_WAS,2026-10-04,WAS,IND,lowvig,LowVig.ag,us,3.5,-104,-3.5,-106,-3.5,0.497677011707861,0.502322988292139,-3.5,0.0,2026-09-30T09:04:08,market_spreads_week4_2026.csv
2026,4,2026_04_IND_WAS,2026-10-04,WAS,IND,mybookieag,MyBookie.ag,us,3.5,-110,-3.5,-110,-3.5,0.5,0.5,-3.5,0.0,2026-09-30T09:04:08,market_spreads_week4_2026.csv
2026,4,2026_04_IND_WAS,2026-10-04,WAS,IND,playnow_ca,PlayNow (CA),ca,5.0,-149,-5.0,105,-5.0,0.5509063035440527,0.4490936964559473,-3.5,-1.5,2026-09-30T09:04:08,market_spreads_week4_2026.csv
2026,4,2026_04_IND_WAS,2026-10-04,WAS,IND,pointsbetca,PointsBet (CA - ON),ca,3.5,-110,-3.5,-110,-3.5,0.5,0.5,-3.5,0.0,2026-09-30T09:04:08,market_spreads_week4_2026.csv
2026,4,2026_04_IND_WAS,2026-10-04,WAS,IND,proline_ca_on,PROLINE (CA - ON),ca,3.5,-124,-3.5,-124,-3.5,0.5,0.5,-3.5,0.0,2026-09-30T09:04:08,market_spreads_week4_2026.csv
2026,4,2026_04_IND_WAS,2026-10-04,WAS,IND,sportsinteraction_ca_on,Sports Interaction (CA - ON),ca,3.5,-110,-3.5,-110,-3.5,0.5,0.5,-3.5,0.0,2026-09-30T09:04:08,market_spreads_week4_2026.csv
2026,4,2026_04_JAX_CIN,2026-10-04,CIN,JAX,betano_ca_on,Betano (CA - ON),ca,-2.5,-122,2.5,-114,2.5,0.5077796794772056,0.4922203205227944,2.5,0.0,2026-09-30T09:04:08,market_spreads_week4_2026.csv
2026,4,2026_04_JAX_CIN,2026-10-04,CIN,JAX,betmgm,BetMGM,us,-2.5,-112,2.5,-105,2.5,0.5077399380804954,0.49226006191950455,2.5,0.0,2026-09-30T09:04:08,market_spreads_week4_2026.csv
2026,4,2026_04_JAX_CIN,2026-10-04,CIN,JAX,betmgm_ca_on,BetMGM (CA - ON),ca,-2.5,-112,2.5,-105,2.5,0.5077399380804954,0.49226006191950455,2.5,0.0,2026-09-30T09:04:08,market_spreads_week4_2026.csv
2026,4,2026_04_JAX_CIN,2026-10-04,CIN,JAX,betonlineag,BetOnline.ag,us,-2.5,-119,2.5,-101,2.5,0.5195490681610843,0.48045093183891574,2.5,0.0,2026-09-30T09:04:08,market_spreads_week4_2026.csv
2026,4,2026_04_JAX_CIN,2026-10-04,CIN,JAX,betrivers,BetRivers,us,-2.5,-110,2.5,-110,2.5,0.5,0.5,2.5,0.0,2026-09-30T09:04:08,market_spreads_week4_2026.csv
2026,4,2026_04_JAX_CIN,2026-10-04,CIN,JAX,betrivers_ca_on,BetRivers (CA - ON),ca,-2.5,-110,2.5,-110,2.5,0.5,0.5,2.5,0.0,2026-09-30T09:04:08,market_spreads_week4_2026.csv
2026,4,2026_04_JAX_CIN,2026-10-04,CIN,JAX,betus,BetUS,us,-2.0,-120,2.0,100,2.0,0.5217391304347826,0.4782608695652174,2.5,-0.5,2026-09-30T09:04:08,market_spreads_week4_2026.csv
2026,4,2026_04_JAX_CIN,2026-10-04,CIN,JAX,bovada,Bovada,us,-2.5,-115,2.5,-105,2.5,0.5108342361863488,0.4891657638136512,2.5,0.0,2026-09-30T09:04:08,market_spreads_week4_2026.csv
2026,4,2026_04_JAX_CIN,2026-10-04,CIN,JAX,draftkings,DraftKings,us,-2.5,-115,2.5,-105,2.5,0.5108342361863488,0.4891657638136512,2.5,0.0,2026-09-30T09:04:08,market_spreads_week4_2026.csv
2026,4,2026_04_JAX_CIN,2026-10-04,CIN,JAX,fanduel,FanDuel,us,-2.5,-110,2.5,-110,2.5,0.5,0.5,2.5,0.0,2026-09-30T09:04:08,market_spreads_week4_2026.csv
2026,4,2026_04_JAX_CIN,2026-10-04,CIN,JAX,lowvig,LowVig.ag,us,-2.5,-112,2.5,101,2.5,0.5150073206442166,0.4849926793557834,2.5,0.0,2026-09-30T09:04:08,market_spreads_week4_2026.csv
2026,4,2026_04_JAX_CIN,2026-10-04,CIN,JAX,mybookieag,MyBookie.ag,us,-2.5,-110,2.5,-110,2.5,0.5,0.5,2.5,0.0,2026-09-30T09:04:08,market_spreads_week4_2026.csv
2026,4,2026_04_JAX_CIN,2026-10-04,CIN,JAX,playnow_ca,PlayNow (CA),ca,-1.0,-149,1.0,105,1.0,0.5509063035440527,0.4490936964559473,2.5,-1.5,2026-09-30T09:04:08,market_spreads_week4_2026.csv
2026,4,2026_04_JAX_CIN,2026-10-04,CIN,JAX,pointsbetca,PointsBet (CA - ON),ca,-2.5,-115,2.5,-105,2.5,0.5108342361863488,0.4891657638136512,2.5,0.0,2026-09-30T09:04:08,market_spreads_week4_2026.csv
2026,4,2026_04_JAX_CIN,2026-10-04,CIN,JAX,proline_ca_on,PROLINE (CA - ON),ca,-2.5,-124,2.5,-124,2.5,0.5,0.5,2.5,0.0,2026-09-30T09:04:08,market_spreads_week4_2026.csv
2026,4,2026_04_JAX_CIN,2026-10-04,CIN,JAX,sportsinteraction_ca_on,Sports Interaction (CA - ON),ca,-2.5,-115,2.5,-108,2.5,0.5074246924056003,0.4925753075943997,2.5,0.0,2026-09-30T09:04:08,market_spreads_week4_2026.csv
2026,4,2026_04_KC_LV,2026-10-04,LV,KC,betano_ca_on,Betano (CA - ON),ca,4.5,-118,-4.5,-118,-4.5,0.5,0.5,-4.5,0.0,2026-09-30T09:04:08,market_spreads_week4_2026.csv
2026,4,2026_04_KC_LV,2026-10-04,LV,KC,betonlineag,BetOnline.ag,us,4.0,-105,-4.0,-115,-4.0,0.4891657638136511,0.5108342361863489,-4.5,0.5,2026-09-30T09:04:08,market_spreads_week4_2026.csv
2026,4,2026_04_KC_LV,2026-10-04,LV,KC,betrivers,BetRivers,us,4.5,-108,-4.5,-113,-4.5,0.494624580717296,0.505375419282704,-4.5,0.0,2026-09-30T09:04:08,market_spreads_week4_2026.csv
2026,4,2026_04_KC_LV,2026-10-04,LV,KC,betrivers_ca_on,BetRivers (CA - ON),ca,4.5,-108,-4.5,-113,-4.5,0.494624580717296,0.505375419282704,-4.5,0.0,2026-09-30T09:04:08,market_spreads_week4_2026.csv
2026,4,2026_04_KC_LV,2026-10-04,LV,KC,betus,BetUS,us,4.0,-105,-4.0,-115,-4.0,0.4891657638136511,0.5108342361863489,-4.5,0.5,2026-09-30T09:04:08,market_spreads_week4_2026.csv
2026,4,2026_04_KC_LV,2026-10-04,LV,KC,bovada,Bovada,us,4.0,-110,-4.0,-110,-4.0,0.5,0.5,-4.5,0.5,2026-09-30T09:04:08,market_spreads_week4_2026.csv
2026,4,2026_04_KC_LV,2026-10-04,LV,KC,draftkings,DraftKings,us,4.5,-108,-4.5,-112,-4.5,0.4956702459300312,0.5043297540699688,-4.5,0.0,2026-09-30T09:04:08,market_spreads_week4_2026.csv
2026,4,2026_04_KC_LV,2026-10-04,LV,KC,fanduel,FanDuel,us,4.5,-108,-4.5,-112,-4.5,0.4956702459300312,0.5043297540699688,-4.5,0.0,2026-09-30T09:04:08,market_spreads_week4_2026.csv
2026,4,2026_04_KC_LV,2026-10-04,LV,KC,lowvig,LowVig.ag,us,4.0,100,-4.0,-110,-4.0,0.48837209302325585,0.5116279069767442,-4.5,0.5,2026-09-30T09:04:08,market_spreads_week4_2026.csv
2026,4,2026_04_KC_LV,2026-10-04,LV,KC,mybookieag,MyBookie.ag,us,4.5,-110,-4.5,-110,-4.5,0.5,0.5,-4.5,0.0,2026-09-30T09:04:08,market_spreads_week4_2026.csv
2026,4,2026_04_KC_LV,2026-10-04,LV,KC,playnow_ca,PlayNow (CA),ca,3.0,115,-3.0,-169,-3.0,0.4253973274294299,0.5746026725705702,-4.5,1.5,2026-09-30T09:04:08,market_spreads_week4_2026.csv
2026,4,2026_04_KC_LV,2026-10-04,LV,KC,pointsbetca,PointsBet (CA - ON),ca,4.5,-110,-4.5,-110,-4.5,0.5,0.5,-4.5,0.0,2026-09-30T09:04:08,market_spreads_week4_2026.csv
2026,4,2026_04_KC_LV,2026-10-04,LV,KC,proline_ca_on,PROLINE (CA - ON),ca,4.5,-121,-4.5,-127,-4.5,0.4945979039867469,0.505402096013253,-4.5,0.0,2026-09-30T09:04:08,market_spreads_week4_2026.csv
2026,4,2026_04_LAC_SEA,2026-10-04,SEA,LAC,betano_ca_on,Betano (CA - ON),ca,-6.5,-133,6.5,-102,6.5,0.5306130510349186,0.4693869489650814,7.0,-0.5,2026-09-30T09:04:08,market_spreads_week4_2026.csv
2026,4,2026_04_LAC_SEA,2026-10-04,SEA,LAC,betmgm,BetMGM,us,-7.0,-112,7.0,-105,7.0,0.5077399380804954,0.49226006191950455,7.0,0.0,2026-09-30T09:04:08,market_spreads_week4_2026.csv
2026,4,2026_04_LAC_SEA,2026-10-04,SEA,LAC,betmgm_ca_on,BetMGM (CA - ON),ca,-7.0,-112,7.0,-105,7.0,0.5077399380804954,0.49226006191950455,7.0,0.0,2026-09-30T09:04:08,market_spreads_week4_2026.csv
2026,4,2026_04_LAC_SEA,2026-10-04,SEA,LAC,betonlineag,BetOnline.ag,us,-7.0,-116,7.0,-104,7.0,0.5130072840790842,0.48699271592091575,7.0,0.0,2026-09-30T09:04:08,market_spreads_week4_2026.csv
2026,4,2026_04_LAC_SEA,2026-10-04,SEA,LAC,betrivers,BetRivers,us,-7.0,-110,7.0,-110,7.0,0.5,0.5,7.0,0.0,2026-09-30T09:04:08,market_spreads_week4_2026.csv
2026,4,2026_04_LAC_SEA,2026-10-04,SEA,LAC,betrivers_ca_on,BetRivers (CA - ON),ca,-7.0,-110,7.0,-110,7.0,0.5,0.5,7.0,0.0,2026-09-30T09:04:08,market_spreads_week4_2026.csv
2026,4,2026_04_LAC_SEA,2026-10-04,SEA,LAC,betus,BetUS,us,-7.0,-115,7.0,-105,7.0,0.5108342361863488,0.4891657638136512,7.0,0.0,2026-09-30T09:04:08,market_spreads_week4_2026.csv
2026,4,2026_04_LAC_SEA,2026-10-04,SEA,LAC,bovada,Bovada,us,-7.0,-120,7.0,100,7.0,0.5217391304347826,0.4782608695652174,7.0,0.0,2026-09-30T09:04:08,market_spreads_week4_2026.csv
2026,4,2026_04_LAC_SEA,2026-10-04,SEA,LAC,draftkings,DraftKings,us,-7.0,-115,7.0,-105,7.0,0.5108342361863488,0.4891657638136512,7.0,0.0,2026-09-30T09:04:08,market_spreads_week4_2026.csv
2026,4,2026_04_LAC_SEA,2026-10-04,SEA,LAC,fanduel,FanDuel,us,-7.0,-110,7.0,-110,7.0,0.5,0.5,7.0,0.0,2026-09-30T09:04:08,market_spreads_week4_2026.csv
2026,4,2026_04_LAC_SEA,2026-10-04,SEA,LAC,lowvig,LowVig.ag,us,-7.0,-112,7.0,101,7.0,0.5150073206442166,0.4849926793557834,7.0,0.0,2026-09-30T09:04:08,market_spreads_week4_2026.csv
2026,4,2026_04_LAC_SEA,2026-10-04,SEA,LAC,mybookieag,MyBookie.ag,us,-7.5,100,7.5,-120,7.5,0.4782608695652174,0.5217391304347826,7.0,0.5,2026-09-30T09:04:08,market_spreads_week4_2026.csv
2026,4,2026_04_LAC_SEA,2026-10-04,SEA,LAC,playnow_ca,PlayNow (CA),ca,-8.5,100,8.5,-145,8.5,0.45794392523364486,0.5420560747663552,7.0,1.5,2026-09-30T09:04:08,market_spreads_week4_2026.csv
2026,4,2026_04_LAC_SEA,2026-10-04,SEA,LAC,pointsbetca,PointsBet (CA - ON),ca,-7.5,100,7.5,-120,7.5,0.4782608695652174,0.5217391304347826,7.0,0.5,2026-09-30T09:04:08,market_spreads_week4_2026.csv
2026,4,2026_04_LAC_SEA,2026-10-04,SEA,LAC,proline_ca_on,PROLINE (CA - ON),ca,-7.0,-124,7.0,-124,7.0,0.5,0.5,7.0,0.0,2026-09-30T09:04:08,market_spreads_week4_2026.csv
2026,4,2026_04_LAC_SEA,2026-10-04,SEA,LAC,sportsinteraction_ca_on,Sports Interaction (CA - ON),ca,-7.0,-115,7.0,-108,7.0,0.5074246924056003,0.4925753075943997,7.0,0.0,2026-09-30T09:04:08,market_spreads_week4_2026.csv
2026,4,2026_04_LA_PHI,2026-10-04,PHI,LA,betano_ca_on,Betano (CA - ON),ca,2.5,-102,-2.5,-133,-2.5,0.4693869489650814,0.5306130510349186,-3.0,0.5,2026-09-30T09:04:08,market_spreads_week4_2026.csv
2026,4,2026_04_LA_PHI,2026-10-04,PHI,LA,betmgm,BetMGM,us,3.0,-108,-3.0,-110,-3.0,0.4978050921861282,0.5021949078138719,-3.0,0.0,2026-09-30T09:04:08,market_spreads_week4_2026.csv
2026,4,2026_04_LA_PHI,2026-10-04,PHI,LA,betmgm_ca_on,BetMGM (CA - ON),ca,3.0,-108,-3.0,-110,-3.0,0.4978050921861282,0.5021949078138719,-3.0,0.0,2026-09-30T09:04:08,market_spreads_week4_2026.csv
2026,4,2026_04_LA_PHI,2026-10-04,PHI,LA,betonlineag,BetOnline.ag,us,3.0,-110,-3.0,-110,-3.0,0.5,0.5,-3.0,0.0,2026-09-30T09:04:08,market_spreads_week4_2026.csv
2026,4,2026_04_LA_PHI,2026-10-04,PHI,LA,betrivers,BetRivers,us,3.0,-114,-3.0,-107,-3.0,0.507527529249828,0.492472470750172,-3.0,0.0,2026-09-30T09:04:08,market_spreads_week4_2026.csv
2026,4,2026_04_LA_PHI,2026-10-04,PHI,LA,betrivers_ca_on,BetRivers (CA - ON),ca,3.0,-114,-3.0,-107,-3.0,0.507527529249828,0.492472470750172,-3.0,0.0,2026-09-30T09:04:08,market_spreads_week4_2026.csv
2026,4,2026_04_LA_PHI,2026-10-04,PHI,LA,betus,BetUS,us,3.0,-110,-3.0,-110,-3.0,0.5,0.5,-3.0,0.0,2026-09-30T09:04:08,market_spreads_week4_2026.csv
2026,4,2026_04_LA_PHI,2026-10-04,PHI,LA,bovada,Bovada,us,3.0,-115,-3.0,-105,-3.0,0.5108342361863488,0.4891657638136512,-3.0,0.0,2026-09-30T09:04:08,market_spreads_week4_2026.csv
2026,4,2026_04_LA_PHI,2026-10-04,PHI,LA,draftkings,DraftKings,us,3.0,-112,-3.0,-108,-3.0,0.5043297540699688,0.4956702459300312,-3.0,0.0,2026-09-30T09:04:08,market_spreads_week4_2026.csv
2026,4,2026_04_LA_PHI,2026-10-04,PHI,LA,fanduel,FanDuel,us,3.0,-110,-3.0,-110,-3.0,0.5,0.5,-3.0,0.0,2026-09-30T09:04:08,market_spreads_week4_2026.csv
2026,4,2026_04_LA_PHI,2026-10-04,PHI,LA,lowvig,LowVig.ag,us,3.0,-105,-3.0,-105,-3.0,0.5,0.5,-3.0,0.0,2026-09-30T09:04:08,market_spreads_week4_2026.csv
2026,4,2026_04_LA_PHI,2026-10-04,PHI,LA,mybookieag,MyBookie.ag,us,3.0,-110,-3.0,-110,-3.0,0.5,0.5,-3.0,0.0,2026-09-30T09:04:08,market_spreads_week4_2026.csv
2026,4,2026_04_LA_PHI,2026-10-04,PHI,LA,playnow_ca,PlayNow (CA),ca,2.5,100,-2.5,-141,-2.5,0.4608030592734225,0.5391969407265775,-3.0,0.5,2026-09-30T09:04:08,market_spreads_week4_2026.csv
2026,4,2026_04_LA_PHI,2026-10-04,PHI,LA,pointsbetca,PointsBet (CA - ON),ca,3.5,-125,-3.5,105,-3.5,0.5324675324675325,0.46753246753246747,-3.0,-0.5,2026-09-30T09:04:08,market_spreads_week4_2026.csv
2026,4,2026_04_LA_PHI,2026-10-04,PHI,LA,proline_ca_on,PROLINE (CA - ON),ca,3.0,-129,-3.0,-120,-3.0,0.5080558539205157,0.49194414607948433,-3.0,0.0,2026-09-30T09:04:08,market_spreads_week4_2026.csv
2026,4,2026_04_LA_PHI,2026-10-04,PHI,LA,sportsinteraction_ca_on,Sports Interaction (CA - ON),ca,3.0,-108,-3.0,-112,-3.0,0.4956702459300312,0.5043297540699688,-3.0,0.0,2026-09-30T09:04:08,market_spreads_week4_2026.csv
2026,4,2026_04_MIA_MIN,2026-10-04,MIN,MIA,betano_ca_on,Betano (CA - ON),ca,-10.5,-122,10.5,-114,10.5,0.5077796794772056,0.4922203205227944,10.5,0.0,2026-09-30T09:04:08,market_spreads_week4_2026.csv
2026,4,2026_04_MIA_MIN,2026-10-04,MIN,MIA,betmgm,BetMGM,us,-11.0,-110,11.0,-118,11.0,0.49179655455291227,0.5082034454470877,10.5,0.5,2026-09-30T09:04:08,market_spreads_week4_2026.csv
2026,4,2026_04_MIA_MIN,2026-10-04,MIN,MIA,betmgm_ca_on,BetMGM (CA - ON),ca,-11.0,-110,11.0,-118,11.0,0.49179655455291227,0.5082034454470877,10.5,0.5,2026-09-30T09:04:08,market_spreads_week4_2026.csv
2026,4,2026_04_MIA_MIN,2026-10-04,MIN,MIA,betonlineag,BetOnline.ag,us,-11.0,-107,11.0,-113,11.0,0.4935039625828245,0.5064960374171755,10.5,0.5,2026-09-30T09:04:08,market_spreads_week4_2026.csv
2026,4,2026_04_MIA_MIN,2026-10-04,MIN,MIA,betrivers,BetRivers,us,-11.0,-113,11.0,-108,11.0,0.505375419282704,0.494624580717296,10.5,0.5,2026-09-30T09:04:08,market_spreads_week4_2026.csv
2026,4,2026_04_MIA_MIN,2026-10-04,MIN,MIA,betrivers_ca_on,BetRivers (CA - ON),ca,-11.0,-113,11.0,-108,11.0,0.505375419282704,0.494624580717296,10.5,0.5,2026-09-30T09:04:08,market_spreads_week4_2026.csv
2026,4,2026_04_MIA_MIN,2026-10-04,MIN,MIA,betus,BetUS,us,-11.0,-105,11.0,-115,11.0,0.4891657638136511,0.5108342361863489,10.5,0.5,2026-09-30T09:04:08,market_spreads_week4_2026.csv
2026,4,2026_04_MIA_MIN,2026-10-04,MIN,MIA,bovada,Bovada,us,-11.0,-110,11.0,-110,11.0,0.5,0.5,10.5,0.5,2026-09-30T09:04:08,market_spreads_week4_2026.csv
2026,4,2026_04_MIA_MIN,2026-10-04,MIN,MIA,draftkings,DraftKings,us,-10.5,-108,10.5,-112,10.5,0.4956702459300312,0.5043297540699688,10.5,0.0,2026-09-30T09:04:08,market_spreads_week4_2026.csv
2026,4,2026_04_MIA_MIN,2026-10-04,MIN,MIA,fanduel,FanDuel,us,-10.5,-115,10.5,-105,10.5,0.5108342361863488,0.4891657638136512,10.5,0.0,2026-09-30T09:04:08,market_spreads_week4_2026.csv
2026,4,2026_04_MIA_MIN,2026-10-04,MIN,MIA,lowvig,LowVig.ag,us,-11.0,-102,11.0,-108,11.0,0.4930284439486894,0.5069715560513106,10.5,0.5,2026-09-30T09:04:08,market_spreads_week4_2026.csv
2026,4,2026_04_MIA_MIN,2026-10-04,MIN,MIA,mybookieag,MyBookie.ag,us,-10.5,-110,10.5,-110,10.5,0.5,0.5,10.5,0.0,2026-09-30T09:04:08,market_spreads_week4_2026.csv
2026,4,2026_04_MIA_MIN,2026-10-04,MIN,MIA,playnow_ca,PlayNow (CA),ca,-10.0,-137,10.0,-108,10.0,0.5268061820601937,0.4731938179398063,10.5,-0.5,2026-09-30T09:04:08,market_spreads_week4_2026.csv
2026,4,2026_04_MIA_MIN,2026-10-04,MIN,MIA,pointsbetca,PointsBet (CA - ON),ca,-10.5,-110,10.5,-110,10.5,0.5,0.5,10.5,0.0,2026-09-30T09:04:08,market_spreads_week4_2026.csv
2026,4,2026_04_MIA_MIN,2026-10-04,MIN,MIA,proline_ca_on,PROLINE (CA - ON),ca,-11.0,-125,11.0,-122,11.0,0.5027173913043479,0.4972826086956521,10.5,0.5,2026-09-30T09:04:08,market_spreads_week4_2026.csv
2026,4,2026_04_MIA_MIN,2026-10-04,MIN,MIA,sportsinteraction_ca_on,Sports Interaction (CA - ON),ca,-11.0,-108,11.0,-112,11.0,0.4956702459300312,0.5043297540699688,10.5,0.5,2026-09-30T09:04:08,market_spreads_week4_2026.csv
2026,4,2026_04_NE_BUF,2026-10-04,BUF,NE,betano_ca_on,Betano (CA - ON),ca,-6.5,-125,6.5,-110,6.5,0.5147058823529411,0.4852941176470589,7.0,-0.5,2026-09-30T09:04:08,market_spreads_week4_2026.csv
2026,4,2026_04_NE_BUF,2026-10-04,BUF,NE,betmgm,BetMGM,us,-6.5,-118,6.5,-102,6.5,0.5173641257162701,0.4826358742837299,7.0,-0.5,2026-09-30T09:04:08,market_spreads_week4_2026.csv
2026,4,2026_04_NE_BUF,2026-10-04,BUF,NE,betmgm_ca_on,BetMGM (CA - ON),ca,-6.5,-118,6.5,-102,6.5,0.5173641257162701,0.4826358742837299,7.0,-0.5,2026-09-30T09:04:08,market_spreads_week4_2026.csv
2026,4,2026_04_NE_BUF,2026-10-04,BUF,NE,betonlineag,BetOnline.ag,us,-6.5,-115,6.5,-105,6.5,0.5108342361863488,0.4891657638136512,7.0,-0.5,2026-09-30T09:04:08,market_spreads_week4_2026.csv
2026,4,2026_04_NE_BUF,2026-10-04,BUF,NE,betrivers,BetRivers,us,-6.5,-117,6.5,-105,6.5,0.5128287363694676,0.4871712636305324,7.0,-0.5,2026-09-30T09:04:08,market_spreads_week4_2026.csv
2026,4,2026_04_NE_BUF,2026-10-04,BUF,NE,betrivers_ca_on,BetRivers (CA - ON),ca,-6.5,-117,6.5,-105,6.5,0.5128287363694676,0.4871712636305324,7.0,-0.5,2026-09-30T09:04:08,market_spreads_week4_2026.csv
2026,4,2026_04_NE_BUF,2026-10-04,BUF,NE,betus,BetUS,us,-6.5,-115,6.5,-105,6.5,0.5108342361863488,0.4891657638136512,7.0,-0.5,2026-09-30T09:04:08,market_spreads_week4_2026.csv
2026,4,2026_04_NE_BUF,2026-10-04,BUF,NE,bovada,Bovada,us,-7.0,-105,7.0,-115,7.0,0.4891657638136511,0.5108342361863489,7.0,0.0,2026-09-30T09:04:08,market_spreads_week4_2026.csv
2026,4,2026_04_NE_BUF,2026-10-04,BUF,NE,draftkings,DraftKings,us,-6.5,-115,6.5,-105,6.5,0.5108342361863488,0.4891657638136512,7.0,-0.5,2026-09-30T09:04:08,market_spreads_week4_2026.csv
2026,4,2026_04_NE_BUF,2026-10-04,BUF,NE,fanduel,FanDuel,us,-6.5,-115,6.5,-105,6.5,0.5108342361863488,0.4891657638136512,7.0,-0.5,2026-09-30T09:04:08,market_spreads_week4_2026.csv
2026,4,2026_04_NE_BUF,2026-10-04,BUF,NE,lowvig,LowVig.ag,us,-7.0,104,7.0,-115,7.0,0.478202846975089,0.521797153024911,7.0,0.0,2026-09-30T09:04:08,market_spreads_week4_2026.csv
2026,4,2026_04_NE_BUF,2026-10-04,BUF,NE,mybookieag,MyBookie.ag,us,-6.5,-115,6.5,-105,6.5,0.5108342361863488,0.4891657638136512,7.0,-0.5,2026-09-30T09:04:08,market_spreads_week4_2026.csv
2026,4,2026_04_NE_BUF,2026-10-04,BUF,NE,playnow_ca,PlayNow (CA),ca,-6.0,-120,6.0,100,6.0,0.5217391304347826,0.4782608695652174,7.0,-1.0,2026-09-30T09:04:08,market_spreads_week4_2026.csv
2026,4,2026_04_NE_BUF,2026-10-04,BUF,NE,pointsbetca,PointsBet (CA - ON),ca,-6.5,-115,6.5,-105,6.5,0.5108342361863488,0.4891657638136512,7.0,-0.5,2026-09-30T09:04:08,market_spreads_week4_2026.csv
2026,4,2026_04_NE_BUF,2026-10-04,BUF,NE,proline_ca_on,PROLINE (CA - ON),ca,-6.5,-132,6.5,-117,6.5,0.5134437513443753,0.48655624865562475,7.0,-0.5,2026-09-30T09:04:08,market_spreads_week4_2026.csv
2026,4,2026_04_NE_BUF,2026-10-04,BUF,NE,sportsinteraction_ca_on,Sports Interaction (CA - ON),ca,-6.5,-118,6.5,-105,6.5,0.513806287170773,0.48619371282922696,7.0,-0.5,2026-09-30T09:04:08,market_spreads_week4_2026.csv
2026,4,2026_04_NYJ_CHI,2026-10-04,CHI,NYJ,betano_ca_on,Betano (CA - ON),ca,-3.5,-111,3.5,-125,3.5,0.4863680623174294,0.5136319376825706,3.5,0.0,2026-09-30T09:04:08,market_spreads_week4_2026.csv
2026,4,2026_04_NYJ_CHI,2026-10-04,CHI,NYJ,betmgm,BetMGM,us,-3.5,-105,3.5,-125,3.5,0.4796954314720812,0.5203045685279188,3.5,0.0,2026-09-30T09:04:08,market_spreads_week4_2026.csv
2026,4,2026_04_NYJ_CHI,2026-10-04,CHI,NYJ,betmgm_ca_on,BetMGM (CA - ON),ca,-3.0,-118,3.0,100,3.0,0.5198237885462554,0.48017621145374456,3.5,-0.5,2026-09-30T09:04:08,market_spreads_week4_2026.csv
2026,4,2026_04_NYJ_CHI,2026-10-04,CHI,NYJ,betonlineag,BetOnline.ag,us,-3.0,-120,3.0,100,3.0,0.5217391304347826,0.4782608695652174,3.5,-0.5,2026-09-30T09:04:08,market_spreads_week4_2026.csv
2026,4,2026_04_NYJ_CHI,2026-10-04,CHI,NYJ,betrivers,BetRivers,us,-3.5,-104,3.5,-118,3.5,0.4850248160191682,0.5149751839808319,3.5,0.0,2026-09-30T09:04:08,market_spreads_week4_2026.csv
2026,4,2026_04_NYJ_CHI,2026-10-04,CHI,NYJ,betrivers_ca_on,BetRivers (CA - ON),ca,-3.5,-104,3.5,-118,3.5,0.4850248160191682,0.5149751839808319,3.5,0.0,2026-09-30T09:04:08,market_spreads_week4_2026.csv
2026,4,2026_04_NYJ_CHI,2026-10-04,CHI,NYJ,betus,BetUS,us,-3.0,-120,3.0,100,3.0,0.5217391304347826,0.4782608695652174,3.5,-0.5,2026-09-30T09:04:08,market_spreads_week4_2026.csv
2026,4,2026_04_NYJ_CHI,2026-10-04,CHI,NYJ,bovada,Bovada,us,-3.5,100,3.5,-120,3.5,0.4782608695652174,0.5217391304347826,3.5,0.0,2026-09-30T09:04:08,market_spreads_week4_2026.csv
2026,4,2026_04_NYJ_CHI,2026-10-04,CHI,NYJ,draftkings,DraftKings,us,-3.5,-102,3.5,-118,3.5,0.4826358742837298,0.5173641257162702,3.5,0.0,2026-09-30T09:04:08,market_spreads_week4_2026.csv
2026,4,2026_04_NYJ_CHI,2026-10-04,CHI,NYJ,fanduel,FanDuel,us,-3.5,-102,3.5,-120,3.5,0.48071979434447304,0.519280205655527,3.5,0.0,2026-09-30T09:04:08,market_spreads_week4_2026.csv
2026,4,2026_04_NYJ_CHI,2026-10-04,CHI,NYJ,lowvig,LowVig.ag,us,-3.0,-116,3.0,105,3.0,0.5240193918025562,0.4759806081974438,3.5,-0.5,2026-09-30T09:04:08,market_spreads_week4_2026.csv
2026,4,2026_04_NYJ_CHI,2026-10-04,CHI,NYJ,mybookieag,MyBookie.ag,us,-3.0,-120,3.0,100,3.0,0.5217391304347826,0.4782608695652174,3.5,-0.5,2026-09-30T09:04:08,market_spreads_week4_2026.csv
2026,4,2026_04_NYJ_CHI,2026-10-04,CHI,NYJ,playnow_ca,PlayNow (CA),ca,1.0,-233,-1.0,160,-1.0,0.6452918619514273,0.3547081380485727,3.5,-4.5,2026-09-30T09:04:08,market_spreads_week4_2026.csv
2026,4,2026_04_NYJ_CHI,2026-10-04,CHI,NYJ,pointsbetca,PointsBet (CA - ON),ca,-3.5,-110,3.5,-110,3.5,0.5,0.5,3.5,0.0,2026-09-30T09:04:08,market_spreads_week4_2026.csv
2026,4,2026_04_NYJ_CHI,2026-10-04,CHI,NYJ,proline_ca_on,PROLINE (CA - ON),ca,-3.0,-134,3.0,-117,3.0,0.5150559727929716,0.48494402720702845,3.5,-0.5,2026-09-30T09:04:08,market_spreads_week4_2026.csv
2026,4,2026_04_NYJ_CHI,2026-10-04,CHI,NYJ,sportsinteraction_ca_on,Sports Interaction (CA - ON),ca,-3.0,-120,3.0,-102,3.0,0.519280205655527,0.480719794344473,3.5,-0.5,2026-09-30T09:04:08,market_spreads_week4_2026.csv
2026,4,2026_04_PIT_CLE,2026-10-01,CLE,PIT,betano_ca_on,Betano (CA - ON),ca,2.5,-110,-2.5,-120,-2.5,0.48987854251012153,0.5101214574898785,-2.5,0.0,2026-09-30T09:04:08,market_spreads_week4_2026.csv
2026,4,2026_04_PIT_CLE,2026-10-01,CLE,PIT,betmgm,BetMGM,us,3.0,-125,-3.0,-105,-3.0,0.5203045685279188,0.47969543147208116,-2.5,-0.5,2026-09-30T09:04:08,market_spreads_week4_2026.csv
2026,4,2026_04_PIT_CLE,2026-10-01,CLE,PIT,betmgm_ca_on,BetMGM (CA - ON),ca,3.0,-125,-3.0,-105,-3.0,0.5203045685279188,0.47969543147208116,-2.5,-0.5,2026-09-30T09:04:08,market_spreads_week4_2026.csv
2026,4,2026_04_PIT_CLE,2026-10-01,CLE,PIT,betonlineag,BetOnline.ag,us,2.5,-101,-2.5,-119,-2.5,0.4804509318389157,0.5195490681610844,-2.5,0.0,2026-09-30T09:04:08,market_spreads_week4_2026.csv
2026,4,2026_04_PIT_CLE,2026-10-01,CLE,PIT,betrivers,BetRivers,us,2.5,-105,-2.5,-117,-2.5,0.4871712636305324,0.5128287363694676,-2.5,0.0,2026-09-30T09:04:08,market_spreads_week4_2026.csv
2026,4,2026_04_PIT_CLE,2026-10-01,CLE,PIT,betrivers_ca_on,BetRivers (CA - ON),ca,2.5,-105,-2.5,-117,-2.5,0.4871712636305324,0.5128287363694676,-2.5,0.0,2026-09-30T09:04:08,market_spreads_week4_2026.csv
2026,4,2026_04_PIT_CLE,2026-10-01,CLE,PIT,betus,BetUS,us,2.0,100,-2.0,-120,-2.0,0.4782608695652174,0.5217391304347826,-2.5,0.5,2026-09-30T09:04:08,market_spreads_week4_2026.csv
2026,4,2026_04_PIT_CLE,2026-10-01,CLE,PIT,bovada,Bovada,us,2.5,100,-2.5,-120,-2.5,0.4782608695652174,0.5217391304347826,-2.5,0.0,2026-09-30T09:04:08,market_spreads_week4_2026.csv
2026,4,2026_04_PIT_CLE,2026-10-01,CLE,PIT,draftkings,DraftKings,us,2.5,100,-2.5,-120,-2.5,0.4782608695652174,0.5217391304347826,-2.5,0.0,2026-09-30T09:04:08,market_spreads_week4_2026.csv
2026,4,2026_04_PIT_CLE,2026-10-01,CLE,PIT,fanduel,FanDuel,us,2.5,-108,-2.5,-112,-2.5,0.4956702459300312,0.5043297540699688,-2.5,0.0,2026-09-30T09:04:08,market_spreads_week4_2026.csv
2026,4,2026_04_PIT_CLE,2026-10-01,CLE,PIT,lowvig,LowVig.ag,us,2.5,104,-2.5,-115,-2.5,0.478202846975089,0.521797153024911,-2.5,0.0,2026-09-30T09:04:08,market_spreads_week4_2026.csv
2026,4,2026_04_PIT_CLE,2026-10-01,CLE,PIT,mybookieag,MyBookie.ag,us,2.5,-105,-2.5,-115,-2.5,0.4891657638136511,0.5108342361863489,-2.5,0.0,2026-09-30T09:04:08,market_spreads_week4_2026.csv
2026,4,2026_04_PIT_CLE,2026-10-01,CLE,PIT,playnow_ca,PlayNow (CA),ca,3.5,-169,-3.5,115,-3.5,0.5746026725705701,0.42539732742942993,-2.5,-1.0,2026-09-30T09:04:08,market_spreads_week4_2026.csv
2026,4,2026_04_PIT_CLE,2026-10-01,CLE,PIT,pointsbetca,PointsBet (CA - ON),ca,2.5,-105,-2.5,-115,-2.5,0.4891657638136511,0.5108342361863489,-2.5,0.0,2026-09-30T09:04:08,market_spreads_week4_2026.csv
2026,4,2026_04_PIT_CLE,2026-10-01,CLE,PIT,proline_ca_on,PROLINE (CA - ON),ca,2.5,-118,-2.5,-130,-2.5,0.4891852919971161,0.510814708002884,-2.5,0.0,2026-09-30T09:04:08,market_spreads_week4_2026.csv
2026,4,2026_04_PIT_CLE,2026-10-01,CLE,PIT,sportsinteraction_ca_on,Sports Interaction (CA - ON),ca,2.5,-102,-2.5,-120,-2.5,0.48071979434447304,0.519280205655527,-2.5,0.0,2026-09-30T09:04:08,market_spreads_week4_2026.csv
2026,4,2026_04_TEN_BAL,2026-10-04,BAL,TEN,betano_ca_on,Betano (CA - ON),ca,-11.5,-118,11.5,-118,11.5,0.5,0.5,11.5,0.0,2026-09-30T09:04:08,market_spreads_week4_2026.csv
2026,4,2026_04_TEN_BAL,2026-10-04,BAL,TEN,betmgm,BetMGM,us,-11.5,-110,11.5,-110,11.5,0.5,0.5,11.5,0.0,2026-09-30T09:04:08,market_spreads_week4_2026.csv
2026,4,2026_04_TEN_BAL,2026-10-04,BAL,TEN,betmgm_ca_on,BetMGM (CA - ON),ca,-11.5,-110,11.5,-110,11.5,0.5,0.5,11.5,0.0,2026-09-30T09:04:08,market_spreads_week4_2026.csv
2026,4,2026_04_TEN_BAL,2026-10-04,BAL,TEN,betonlineag,BetOnline.ag,us,-11.5,-107,11.5,-113,11.5,0.4935039625828245,0.5064960374171755,11.5,0.0,2026-09-30T09:04:08,market_spreads_week4_2026.csv
2026,4,2026_04_TEN_BAL,2026-10-04,BAL,TEN,betrivers,BetRivers,us,-11.5,-110,11.5,-110,11.5,0.5,0.5,11.5,0.0,2026-09-30T09:04:08,market_spreads_week4_2026.csv
2026,4,2026_04_TEN_BAL,2026-10-04,BAL,TEN,betrivers_ca_on,BetRivers (CA - ON),ca,-11.5,-110,11.5,-110,11.5,0.5,0.5,11.5,0.0,2026-09-30T09:04:08,market_spreads_week4_2026.csv
2026,4,2026_04_TEN_BAL,2026-10-04,BAL,TEN,betus,BetUS,us,-11.5,-110,11.5,-110,11.5,0.5,0.5,11.5,0.0,2026-09-30T09:04:08,market_spreads_week4_2026.csv
2026,4,2026_04_TEN_BAL,2026-10-04,BAL,TEN,bovada,Bovada,us,-11.5,-110,11.5,-110,11.5,0.5,0.5,11.5,0.0,2026-09-30T09:04:08,market_spreads_week4_2026.csv
2026,4,2026_04_TEN_BAL,2026-10-04,BAL,TEN,draftkings,DraftKings,us,-11.5,-108,11.5,-112,11.5,0.4956702459300312,0.5043297540699688,11.5,0.0,2026-09-30T09:04:08,market_spreads_week4_2026.csv
2026,4,2026_04_TEN_BAL,2026-10-04,BAL,TEN,fanduel,FanDuel,us,-11.5,-110,11.5,-110,11.5,0.5,0.5,11.5,0.0,2026-09-30T09:04:08,market_spreads_week4_2026.csv
2026,4,2026_04_TEN_BAL,2026-10-04,BAL,TEN,lowvig,LowVig.ag,us,-11.5,-102,11.5,-108,11.5,0.4930284439486894,0.5069715560513106,11.5,0.0,2026-09-30T09:04:08,market_spreads_week4_2026.csv
2026,4,2026_04_TEN_BAL,2026-10-04,BAL,TEN,mybookieag,MyBookie.ag,us,-12.0,-110,12.0,-110,12.0,0.5,0.5,11.5,0.5,2026-09-30T09:04:08,market_spreads_week4_2026.csv
2026,4,2026_04_TEN_BAL,2026-10-04,BAL,TEN,playnow_ca,PlayNow (CA),ca,-8.5,-169,8.5,115,8.5,0.5746026725705701,0.42539732742942993,11.5,-3.0,2026-09-30T09:04:08,market_spreads_week4_2026.csv
2026,4,2026_04_TEN_BAL,2026-10-04,BAL,TEN,pointsbetca,PointsBet (CA - ON),ca,-11.5,-110,11.5,-110,11.5,0.5,0.5,11.5,0.0,2026-09-30T09:04:08,market_spreads_week4_2026.csv
2026,4,2026_04_TEN_BAL,2026-10-04,BAL,TEN,proline_ca_on,PROLINE (CA - ON),ca,-11.5,-124,11.5,-124,11.5,0.5,0.5,11.5,0.0,2026-09-30T09:04:08,market_spreads_week4_2026.csv
2026,4,2026_04_TEN_BAL,2026-10-04,BAL,TEN,sportsinteraction_ca_on,Sports Interaction (CA - ON),ca,-11.5,-110,11.5,-110,11.5,0.5,0.5,11.5,0.0,2026-09-30T09:04:08,market_spreads_week4_2026.csv
